run_id,formula,method,seed,epoch,raw_score_mean,raw_score_sem,raw_score_max,raw_score_min,reward_mean,reward_sem,reward_max,reward_min,advantage_mean,advantage_std,ppo_objective,log_ratio_to_reference,attempts,unique_space_groups,unique_wyckoff_sequences,unique_atom_sequences,unique_WA_combinations,negative_logp_g,negative_logp_w,negative_logp_a,negative_logp_xyz,negative_logp_l,zero_scores,cifs_written
case_02_Zr_cosine_seed9511,Zr,cosine,9511,1,0.191212,0.017787,0.261649,0.10848,-0.070436,0.017787,0.0,-0.153169,0.0,0.050309,0.16652,-1.4e-05,8,8,8,6,8,5.301786,1.45067,0.0,-2.740495,-6.959331,0,8
case_02_Zr_cosine_seed9511,Zr,cosine,9511,2,0.289712,0.040719,0.464893,0.166888,-0.175181,0.040719,0.0,-0.298006,-0.099508,0.115172,0.007091,0.001168,8,7,8,6,8,4.846512,0.834295,0.0,-6.081255,-7.402932,0,8
case_02_Zr_cosine_seed9511,Zr,cosine,9511,3,0.279518,0.037716,0.482581,0.152354,-0.203063,0.037716,0.0,-0.330227,-0.12102,0.106676,0.013494,0.034797,8,8,8,5,8,5.596186,1.804953,0.0,-2.686995,-5.614956,0,8
case_02_Zr_cosine_seed9511,Zr,cosine,9511,4,0.20474,0.031301,0.417373,0.106439,-0.277841,0.031301,-0.065208,-0.376142,-0.186008,0.088531,0.019517,-0.028041,8,8,7,4,7,5.549704,1.16714,0.0,-0.62754,-5.71523,0,8
case_02_Zr_cosine_seed9511,Zr,cosine,9511,5,0.276845,0.049883,0.497205,0.070558,-0.220361,0.049883,0.0,-0.426647,-0.122101,0.141091,0.088931,-0.003702,8,8,7,5,7,4.843121,1.234376,0.0,-2.945424,-7.602701,0,8
case_02_Zr_cosine_seed9511,Zr,cosine,9511,6,0.294852,0.041824,0.462602,0.144766,-0.202354,0.041824,-0.034604,-0.352439,-0.09889,0.118296,0.110188,-0.007097,8,7,8,5,8,4.60747,1.296875,0.0,-7.152876,-7.753831,0,8
case_02_Zr_cosine_seed9511,Zr,cosine,9511,7,0.220427,0.034428,0.433769,0.104556,-0.276778,0.034428,-0.063436,-0.392649,-0.164648,0.097378,0.065607,-0.047403,8,8,7,5,7,4.853171,0.714491,0.0,-2.166196,-7.229833,0,8
case_02_Zr_cosine_seed9511,Zr,cosine,9511,8,0.278363,0.032311,0.382405,0.102834,-0.218843,0.032311,-0.1148,-0.394372,-0.101377,0.091389,0.136018,0.0344,8,8,8,4,8,4.579318,0.783481,0.0,0.840465,-5.899632,0,8
case_02_Zr_cosine_seed9511,Zr,cosine,9511,9,0.25092,0.015926,0.306984,0.169128,-0.246285,0.015926,-0.190221,-0.328078,-0.122379,0.045045,0.117826,0.028681,8,8,8,6,8,4.861119,2.339499,0.0,0.949959,-5.610898,0,8
case_02_Zr_cosine_seed9511,Zr,cosine,9511,10,0.255908,0.042533,0.453278,0.115176,-0.241297,0.042533,-0.043927,-0.382029,-0.111521,0.120302,0.145235,-0.030043,8,8,7,6,7,4.644723,1.083857,0.0,-9.525299,-7.871771,0,8
case_02_Zr_cosine_seed9511,Zr,cosine,9511,11,0.301852,0.051308,0.515716,0.138253,-0.213863,0.051308,0.0,-0.377463,-0.079883,0.145121,0.175453,0.109892,8,8,7,6,7,4.909873,0.404587,0.0,-3.393764,-6.034064,0,8
case_02_Zr_cosine_seed9511,Zr,cosine,9511,12,0.208645,0.046074,0.510143,0.082327,-0.30707,0.046074,-0.005572,-0.433389,-0.164436,0.130318,0.086374,0.190167,8,8,7,5,7,5.354888,0.631082,0.0,-4.697824,-7.169567,0,8
case_02_Zr_cosine_seed9511,Zr,cosine,9511,13,0.23119,0.041372,0.446144,0.125376,-0.284526,0.041372,-0.069572,-0.39034,-0.134797,0.117017,0.135464,0.02649,8,7,5,4,5,5.581215,1.051255,0.0,-1.217592,-5.378115,0,8
case_02_Zr_cosine_seed9511,Zr,cosine,9511,14,0.214432,0.025687,0.371547,0.118713,-0.301284,0.025687,-0.144169,-0.397003,-0.143977,0.072653,0.121739,0.173828,8,8,7,5,7,5.35919,1.576942,0.0,-3.923949,-5.162897,0,8
case_02_Zr_cosine_seed9511,Zr,cosine,9511,15,0.260773,0.059326,0.538548,0.071409,-0.277775,0.059326,0.0,-0.46714,-0.114444,0.1678,0.176976,-0.003962,8,8,8,7,8,4.9527,1.080621,0.0,-7.848019,-7.035189,0,8
case_02_Zr_cosine_seed9511,Zr,cosine,9511,16,0.198764,0.027685,0.32717,0.111936,-0.339784,0.027685,-0.211378,-0.426612,-0.167631,0.078306,0.125365,0.002644,8,8,7,5,7,5.076145,0.712448,0.0,-1.806213,-7.087316,0,8
case_02_Zr_cosine_seed9511,Zr,cosine,9511,17,0.255207,0.047404,0.535046,0.065651,-0.283341,0.047404,-0.003502,-0.472897,-0.105629,0.134079,0.171922,0.176525,8,8,8,6,8,5.374141,2.127495,0.0,-3.355094,-7.350706,0,8
case_02_Zr_cosine_seed9511,Zr,cosine,9511,18,0.271664,0.024574,0.39611,0.181717,-0.266884,0.024574,-0.142438,-0.356831,-0.084713,0.069506,0.201939,0.138445,8,8,8,6,8,4.591627,1.454673,0.0,-6.032258,-7.24847,0,8
case_02_Zr_cosine_seed9511,Zr,cosine,9511,19,0.224801,0.039476,0.441319,0.115272,-0.313747,0.039476,-0.097229,-0.423276,-0.124997,0.111655,0.179785,0.013268,8,8,7,4,7,5.324264,1.061258,0.0,-1.744353,-5.312834,0,8
case_02_Zr_cosine_seed9511,Zr,cosine,9511,20,0.250841,0.054756,0.592986,0.081111,-0.342145,0.054756,0.0,-0.511875,-0.145725,0.154872,0.153685,0.084465,8,8,7,4,7,5.341021,1.024831,0.0,-0.504236,-5.861034,0,8
case_02_Zr_cosine_seed9511,Zr,cosine,9511,21,0.193341,0.041041,0.484953,0.080586,-0.399645,0.041041,-0.108033,-0.5124,-0.193064,0.116082,0.118988,-0.071813,8,8,7,4,7,5.134679,1.333191,0.0,-1.402227,-5.477195,0,8
case_02_Zr_cosine_seed9511,Zr,cosine,9511,22,0.175173,0.034942,0.415646,0.081271,-0.417814,0.034942,-0.17734,-0.511715,-0.200671,0.09883,0.097566,0.108322,8,8,7,6,7,4.835139,0.965498,0.0,-3.097463,-7.482009,0,8
case_02_Zr_cosine_seed9511,Zr,cosine,9511,23,0.282428,0.055402,0.523858,0.122084,-0.310558,0.055402,-0.069128,-0.470903,-0.088745,0.1567,0.210225,0.136665,8,7,7,5,7,4.810217,0.860451,0.0,-6.066271,-5.430799,0,8
case_02_Zr_cosine_seed9511,Zr,cosine,9511,24,0.269303,0.048246,0.53627,0.110116,-0.323683,0.048246,-0.056716,-0.48287,-0.096777,0.13646,0.186442,0.319176,8,7,7,4,7,5.375708,2.819201,0.0,0.853652,-5.471213,0,8
case_02_Zr_cosine_seed9511,Zr,cosine,9511,25,0.178517,0.032167,0.397118,0.08204,-0.414469,0.032167,-0.195868,-0.510946,-0.178184,0.090982,0.130659,0.017274,8,8,7,5,7,5.082226,1.109889,0.0,-1.852201,-6.975379,0,8
case_02_Zr_cosine_seed9511,Zr,cosine,9511,26,0.209246,0.028002,0.333557,0.096018,-0.38374,0.028002,-0.259429,-0.496969,-0.140083,0.0792,0.186516,-0.157634,8,7,7,5,7,4.527607,0.852316,0.0,0.046226,-7.096533,0,8
case_02_Zr_cosine_seed9511,Zr,cosine,9511,27,0.203166,0.018023,0.29296,0.113655,-0.38982,0.018023,-0.300026,-0.479332,-0.138854,0.050977,0.122657,0.548003,8,8,8,4,8,5.059796,0.917085,0.0,-1.037632,-5.75913,0,8
case_02_Zr_cosine_seed9511,Zr,cosine,9511,28,0.279683,0.050536,0.61324,0.10814,-0.333557,0.050536,0.0,-0.505101,-0.078462,0.142938,0.239163,0.005341,8,7,8,5,8,5.338854,0.964967,0.0,1.148273,-6.374217,0,8
case_02_Zr_cosine_seed9511,Zr,cosine,9511,29,0.267404,0.044089,0.458288,0.110393,-0.345836,0.044089,-0.154952,-0.502847,-0.086204,0.124701,0.177268,0.538956,8,8,6,4,6,5.320256,0.59355,0.0,-0.483494,-5.435418,0,8
case_02_Zr_cosine_seed9511,Zr,cosine,9511,30,0.284005,0.038965,0.426383,0.125231,-0.329235,0.038965,-0.186857,-0.488009,-0.066122,0.11021,0.219969,0.318156,8,8,7,4,7,5.045378,1.573608,0.0,-0.430132,-7.037504,0,8
case_02_Zr_cosine_seed9511,Zr,cosine,9511,31,0.291345,0.046711,0.539934,0.154528,-0.321896,0.046711,-0.073306,-0.458712,-0.055844,0.132119,0.238085,0.246221,8,7,7,4,7,5.054502,1.217476,0.0,-7.004681,-8.662436,0,8
case_02_Zr_cosine_seed9511,Zr,cosine,9511,32,0.221845,0.05006,0.438261,0.061313,-0.391395,0.05006,-0.17498,-0.551928,-0.119077,0.141592,0.147887,0.5286,8,8,7,6,7,5.134589,1.703694,0.0,-2.998953,-5.01087,0,8
case_02_Zr_cosine_seed9511,Zr,cosine,9511,33,0.225959,0.053513,0.481203,0.053573,-0.387281,0.053513,-0.132037,-0.559667,-0.109214,0.151356,0.192126,0.179706,8,8,8,4,8,5.174156,1.350285,0.0,-0.787798,-5.638545,0,8
case_02_Zr_cosine_seed9511,Zr,cosine,9511,34,0.188612,0.014439,0.250851,0.131947,-0.424629,0.014439,-0.362389,-0.481294,-0.139234,0.040838,0.023679,1.567677,8,7,6,5,6,4.475794,0.464692,0.0,-2.487987,-5.74733,0,8
case_02_Zr_cosine_seed9511,Zr,cosine,9511,35,0.253174,0.047082,0.522464,0.116386,-0.360066,0.047082,-0.090776,-0.496855,-0.070937,0.133168,0.214845,0.347131,8,7,6,3,6,4.815187,0.867109,0.0,-0.658523,-4.198174,0,8
case_02_Zr_cosine_seed9511,Zr,cosine,9511,36,0.227585,0.049454,0.419227,0.064137,-0.385655,0.049454,-0.194013,-0.549103,-0.0917,0.139878,0.164346,0.655766,8,8,8,5,8,5.073965,1.724241,0.0,-2.027966,-5.161133,0,8
case_02_Zr_cosine_seed9511,Zr,cosine,9511,37,0.232789,0.027436,0.367694,0.132077,-0.380452,0.027436,-0.245546,-0.481164,-0.082172,0.0776,0.10629,1.336628,8,8,8,4,8,5.101146,0.847588,0.0,-2.84263,-6.012125,0,8
case_02_Zr_cosine_seed9511,Zr,cosine,9511,38,0.233868,0.044202,0.519309,0.101982,-0.379372,0.044202,-0.093932,-0.511258,-0.077038,0.125022,0.194275,0.512355,8,8,7,5,7,5.585161,1.974895,0.0,-5.771225,-7.160139,0,8
case_02_Zr_cosine_seed9511,Zr,cosine,9511,39,0.198904,0.02096,0.303001,0.136594,-0.414337,0.02096,-0.31024,-0.476647,-0.106402,0.059285,0.198393,0.181501,8,8,6,4,6,5.626051,1.909068,0.0,-0.385265,-5.549907,0,8
case_02_Zr_cosine_seed9511,Zr,cosine,9511,40,0.251912,0.049881,0.492926,0.090911,-0.361328,0.049881,-0.120314,-0.522329,-0.050724,0.141085,0.231247,0.413934,8,7,7,4,7,5.584467,1.327705,0.0,-5.538743,-6.05342,0,8
case_02_Zr_cosine_seed9511,Zr,cosine,9511,41,0.261471,0.053249,0.50863,0.041499,-0.35177,0.053249,-0.10461,-0.571742,-0.039107,0.150612,0.29783,-0.127658,8,8,8,5,8,5.127617,2.009991,0.0,0.58523,-5.704309,0,8
case_02_Zr_cosine_seed9511,Zr,cosine,9511,42,0.247283,0.046648,0.483821,0.080248,-0.365957,0.046648,-0.129419,-0.532992,-0.05063,0.131942,0.26974,0.046026,8,8,8,4,8,4.899192,0.876447,0.0,-3.074864,-7.786164,0,8
case_02_Zr_cosine_seed9511,Zr,cosine,9511,43,0.250276,0.039619,0.393982,0.094604,-0.362964,0.039619,-0.219259,-0.518636,-0.045255,0.11206,0.277805,0.022368,8,8,8,6,8,5.129736,1.315423,0.0,2.159075,-4.908396,0,8
case_02_Zr_cosine_seed9511,Zr,cosine,9511,44,0.267256,0.029623,0.363943,0.13118,-0.345985,0.029623,-0.249298,-0.48206,-0.026862,0.083785,0.222053,0.755316,8,8,6,5,6,4.7703,0.512078,0.0,-9.318494,-8.325605,0,8
case_02_Zr_cosine_seed9511,Zr,cosine,9511,45,0.251039,0.03242,0.367997,0.125953,-0.362201,0.03242,-0.245243,-0.487288,-0.040924,0.091698,0.298976,-0.135597,8,7,7,4,7,4.898499,1.986667,0.0,2.096697,-6.784418,0,8
case_02_Zr_cosine_seed9511,Zr,cosine,9511,46,0.262191,0.01573,0.343232,0.1925,-0.351049,0.01573,-0.270008,-0.42074,-0.028284,0.044492,0.280971,0.172168,8,8,8,6,8,5.074687,1.411698,0.0,-3.054886,-4.943005,0,8
case_02_Zr_cosine_seed9511,Zr,cosine,9511,47,0.198625,0.037126,0.456145,0.093003,-0.414615,0.037126,-0.157095,-0.520237,-0.087257,0.105007,0.247143,-0.078905,8,6,6,4,6,5.249245,1.404694,0.0,-2.372039,-5.551529,0,8
case_02_Zr_cosine_seed9511,Zr,cosine,9511,48,0.365208,0.057001,0.643095,0.161382,-0.277887,0.057001,0.0,-0.481713,0.046997,0.161222,0.375228,0.000937,8,7,7,5,7,4.462451,0.534151,0.0,3.439038,-6.69008,0,8
case_02_Zr_cosine_seed9511,Zr,cosine,9511,49,0.244517,0.048381,0.553741,0.104128,-0.398578,0.048381,-0.089354,-0.538967,-0.070009,0.136841,0.199582,0.592459,8,8,6,4,6,5.361186,0.812061,0.0,-7.510987,-7.649186,0,8
case_02_Zr_cosine_seed9511,Zr,cosine,9511,50,0.214235,0.050357,0.54513,0.081089,-0.42886,0.050357,-0.097965,-0.562006,-0.095276,0.142432,0.218132,0.140861,8,8,7,4,7,4.636927,0.444541,0.0,-2.772286,-6.967401,0,8
case_02_Zr_cosine_seed9511,Zr,cosine,9511,51,0.252638,0.034009,0.40503,0.105692,-0.390457,0.034009,-0.238065,-0.537404,-0.05403,0.096193,0.245357,0.303882,8,7,7,5,7,4.933374,0.853063,0.0,-5.795133,-7.60293,0,8
case_02_Zr_cosine_seed9511,Zr,cosine,9511,52,0.167977,0.034028,0.340825,0.053898,-0.475118,0.034028,-0.30227,-0.589197,-0.131756,0.096246,0.202819,-0.041397,8,8,8,6,8,5.128197,1.403675,0.0,-3.808636,-5.013968,0,8
case_02_Zr_cosine_seed9511,Zr,cosine,9511,53,0.347584,0.038588,0.544214,0.217858,-0.295512,0.038588,-0.098881,-0.425237,0.045458,0.109144,0.37037,0.056198,8,7,7,5,7,4.697811,0.932335,0.0,-5.517336,-7.115681,0,8
case_02_Zr_cosine_seed9511,Zr,cosine,9511,54,0.234805,0.033494,0.408042,0.131388,-0.40829,0.033494,-0.235053,-0.511708,-0.063955,0.094734,0.211263,0.562302,8,7,8,4,8,5.053614,3.02728,0.0,1.893236,-7.341106,0,8
case_02_Zr_cosine_seed9511,Zr,cosine,9511,55,0.245467,0.025501,0.330587,0.095397,-0.397628,0.025501,-0.312508,-0.547698,-0.050628,0.072127,0.267135,0.133497,8,7,7,6,7,4.695348,0.689185,0.0,-5.565757,-8.101951,0,8
case_02_Zr_cosine_seed9511,Zr,cosine,9511,56,0.233649,0.044038,0.454338,0.093119,-0.409446,0.044038,-0.188757,-0.549976,-0.059324,0.124559,0.258302,0.147505,8,7,6,5,6,5.624459,0.703739,0.0,-1.827571,-4.837171,0,8
case_02_Zr_cosine_seed9511,Zr,cosine,9511,57,0.227893,0.021843,0.300716,0.124148,-0.415202,0.021843,-0.342379,-0.518947,-0.061826,0.061781,0.273737,-0.031741,8,7,7,5,7,4.609349,0.442144,0.0,-5.302012,-7.53215,0,8
case_02_Zr_cosine_seed9511,Zr,cosine,9511,58,0.192675,0.024033,0.344696,0.11405,-0.45042,0.024033,-0.298399,-0.529045,-0.092192,0.067977,0.249464,-0.081989,8,8,8,3,8,4.908974,0.507346,0.0,-0.958692,-5.415361,0,8
case_02_Zr_cosine_seed9511,Zr,cosine,9511,59,0.24347,0.062968,0.564533,0.080117,-0.399625,0.062968,-0.078562,-0.562978,-0.039327,0.178101,0.262004,0.328408,8,8,7,5,7,4.832269,0.751511,0.0,-2.601395,-6.061193,0,8
case_02_Zr_cosine_seed9511,Zr,cosine,9511,60,0.213359,0.026575,0.347921,0.124005,-0.429737,0.026575,-0.295174,-0.51909,-0.065966,0.075165,0.263767,0.048235,8,7,7,5,7,4.647153,0.874659,0.0,7.696118,-4.874244,0,8
case_02_Zr_cosine_seed9511,Zr,cosine,9511,61,0.277624,0.040959,0.541614,0.159744,-0.365471,0.040959,-0.101481,-0.483351,-0.001616,0.11585,0.3473,-0.13496,8,8,7,3,7,5.199027,1.574404,0.0,-2.574287,-5.969896,0,8
case_02_Zr_cosine_seed9511,Zr,cosine,9511,62,0.190454,0.020774,0.302486,0.115039,-0.452641,0.020774,-0.340609,-0.528056,-0.084347,0.058758,0.144055,1.074737,8,8,8,3,8,5.547396,1.682793,0.0,-1.95773,-6.116057,0,8
case_02_Zr_cosine_seed9511,Zr,cosine,9511,63,0.29292,0.062719,0.581289,0.11956,-0.350175,0.062719,-0.061807,-0.523535,0.017213,0.177396,0.348912,0.03602,8,8,8,4,8,5.026097,0.951421,0.0,-0.890861,-6.947031,0,8
case_02_Zr_cosine_seed9511,Zr,cosine,9511,64,0.338613,0.048134,0.499996,0.120912,-0.304482,0.048134,-0.143099,-0.522183,0.059761,0.136144,0.417118,-0.204123,8,8,8,6,8,4.77766,1.433633,0.0,-10.914011,-7.080952,0,8
case_02_Zr_cosine_seed9511,Zr,cosine,9511,65,0.2178,0.04004,0.466951,0.125161,-0.425295,0.04004,-0.176144,-0.517934,-0.057999,0.113251,0.246896,0.323836,8,7,7,5,7,5.220404,1.352952,0.0,-3.318894,-6.640729,0,8
case_02_Zr_cosine_seed9511,Zr,cosine,9511,66,0.169069,0.026705,0.322294,0.087884,-0.474026,0.026705,-0.320801,-0.555211,-0.101394,0.075533,0.22246,0.12826,8,8,6,3,6,5.370101,1.429137,0.0,-2.531672,-6.124997,0,8
case_02_Zr_cosine_seed9511,Zr,cosine,9511,67,0.26934,0.039621,0.453978,0.106482,-0.373755,0.039621,-0.189117,-0.536613,-0.001067,0.112065,0.324454,0.124994,8,7,8,5,8,4.879937,1.474498,0.0,-4.460178,-8.170506,0,8
case_02_Zr_cosine_seed9511,Zr,cosine,9511,68,0.247226,0.038312,0.380674,0.095018,-0.395869,0.038312,-0.262421,-0.548077,-0.022022,0.108363,0.303703,0.117218,8,7,7,4,7,5.050426,2.445659,0.0,-3.38708,-6.266913,0,8
case_02_Zr_cosine_seed9511,Zr,cosine,9511,69,0.164437,0.029807,0.304627,0.061456,-0.478658,0.029807,-0.338468,-0.581639,-0.09957,0.084307,0.232692,0.000159,8,8,7,4,7,5.586947,1.643731,0.0,-1.809042,-5.653958,0,8
case_02_Zr_cosine_seed9511,Zr,cosine,9511,70,0.242955,0.038509,0.454578,0.091073,-0.400141,0.038509,-0.188517,-0.552022,-0.02,0.10892,0.311036,0.049502,8,8,7,3,7,5.168127,0.860917,0.0,-3.007435,-5.869475,0,8
case_02_Zr_cosine_seed9511,Zr,cosine,9511,71,0.28378,0.047422,0.588017,0.116786,-0.359315,0.047422,-0.055078,-0.526309,0.019784,0.13413,0.370149,-0.10315,8,8,8,4,8,4.861898,1.41126,0.0,2.852142,-5.427898,0,8
case_02_Zr_cosine_seed9511,Zr,cosine,9511,72,0.219684,0.033457,0.380266,0.110067,-0.423411,0.033457,-0.262829,-0.533028,-0.042096,0.094631,0.279995,0.174199,8,8,7,4,7,4.829501,0.317202,0.0,-2.140953,-5.487402,0,8
case_02_Zr_cosine_seed9511,Zr,cosine,9511,73,0.244776,0.023206,0.315057,0.108026,-0.398319,0.023206,-0.328038,-0.53507,-0.016154,0.065636,0.356372,-0.328133,8,8,7,5,7,5.599767,1.480165,0.0,2.539774,-4.708194,0,8
case_02_Zr_cosine_seed9511,Zr,cosine,9511,74,0.337352,0.065567,0.658554,0.079303,-0.321202,0.065567,0.0,-0.579251,0.057915,0.185452,0.378017,0.210595,8,7,7,5,7,4.851698,0.876405,0.0,-6.895286,-8.203885,0,8
case_02_Zr_cosine_seed9511,Zr,cosine,9511,75,0.262209,0.048702,0.509645,0.101225,-0.396345,0.048702,-0.148909,-0.557329,-0.016366,0.13775,0.279794,0.454297,8,8,7,4,7,4.853542,1.27675,0.0,1.569788,-4.811778,0,8
case_02_Zr_cosine_seed9511,Zr,cosine,9511,76,0.335058,0.046657,0.584849,0.124143,-0.323496,0.046657,-0.073705,-0.534411,0.053658,0.131966,0.386067,0.084024,8,8,7,5,7,5.388668,0.471878,0.0,1.110936,-5.005363,0,8
case_02_Zr_cosine_seed9511,Zr,cosine,9511,77,0.277332,0.056523,0.530903,0.082874,-0.381222,0.056523,-0.127651,-0.57568,-0.003864,0.159872,0.332896,0.056483,8,8,8,5,8,5.09682,1.733761,0.0,-4.992293,-8.006646,0,8
case_02_Zr_cosine_seed9511,Zr,cosine,9511,78,0.257403,0.024794,0.386802,0.177497,-0.401151,0.024794,-0.271752,-0.481056,-0.022604,0.070127,0.305916,0.135594,8,8,8,5,8,5.018215,2.104346,0.0,-7.496636,-6.275922,0,8
case_02_Zr_cosine_seed9511,Zr,cosine,9511,79,0.169617,0.023437,0.315572,0.109117,-0.488937,0.023437,-0.342982,-0.549436,-0.10487,0.066289,0.242432,-0.050875,8,7,6,4,6,5.107837,0.656691,0.0,-1.254837,-5.828125,0,8
case_02_Zr_cosine_seed9511,Zr,cosine,9511,80,0.178779,0.025913,0.32248,0.091264,-0.479774,0.025913,-0.336074,-0.56729,-0.090922,0.073294,0.250271,0.022243,8,8,7,4,7,5.364853,1.105605,0.0,-2.853079,-5.831708,0,8
case_02_Zr_cosine_seed9511,Zr,cosine,9511,81,0.242955,0.027014,0.358425,0.125536,-0.415598,0.027014,-0.300129,-0.533018,-0.025409,0.076407,0.310197,0.075381,8,7,4,3,4,5.045997,1.124603,0.0,-2.329903,-5.450845,0,8
case_02_Zr_cosine_seed9511,Zr,cosine,9511,82,0.216037,0.042848,0.52452,0.088724,-0.442517,0.042848,-0.134034,-0.56983,-0.049711,0.121193,0.290191,0.040605,8,8,8,5,8,4.723784,1.029701,0.0,-5.300645,-7.58292,0,8
case_02_Zr_cosine_seed9511,Zr,cosine,9511,83,0.248879,0.043305,0.47462,0.080684,-0.409675,0.043305,-0.183934,-0.57787,-0.016026,0.122485,0.289528,0.383298,8,8,7,5,7,5.369394,1.151037,0.0,-6.30224,-6.175731,0,8
case_02_Zr_cosine_seed9511,Zr,cosine,9511,84,0.230018,0.045611,0.518249,0.085676,-0.428536,0.045611,-0.140305,-0.572878,-0.033143,0.129007,0.300632,0.0718,8,8,8,5,8,5.154696,1.377188,0.0,-3.756883,-6.751941,0,8
case_02_Zr_cosine_seed9511,Zr,cosine,9511,85,0.202611,0.024097,0.317666,0.114952,-0.455943,0.024097,-0.340888,-0.543602,-0.057522,0.068157,0.281643,0.033537,8,8,8,5,8,5.38321,1.751263,0.0,-4.061883,-6.442904,0,8
case_02_Zr_cosine_seed9511,Zr,cosine,9511,86,0.257107,0.057545,0.643298,0.093428,-0.401447,0.057545,-0.015256,-0.565126,-0.002875,0.162762,0.345843,-0.031626,8,8,8,4,8,5.381752,1.554461,0.0,-3.891501,-6.865306,0,8
case_02_Zr_cosine_seed9511,Zr,cosine,9511,87,0.274588,0.025578,0.379734,0.151781,-0.383966,0.025578,-0.27882,-0.506773,0.013876,0.072346,0.358215,-0.008504,8,8,7,5,7,5.36972,1.337809,0.0,-2.420635,-6.978593,0,8
case_02_Zr_cosine_seed9511,Zr,cosine,9511,88,0.209834,0.049542,0.38559,0.0,-0.448719,0.049542,-0.272963,-0.658554,-0.048334,0.140125,0.303343,-0.089671,8,7,7,6,7,4.54314,1.225631,0.0,-5.476229,-5.212721,1,7
case_02_Zr_cosine_seed9511,Zr,cosine,9511,89,0.231442,0.027614,0.368078,0.133715,-0.427112,0.027614,-0.290475,-0.524839,-0.02539,0.078103,0.314053,0.070906,8,7,7,5,7,4.794025,0.972336,0.0,-3.891579,-8.374203,0,8
case_02_Zr_cosine_seed9511,Zr,cosine,9511,90,0.35097,0.05372,0.594285,0.139604,-0.307584,0.05372,-0.064269,-0.51895,0.089431,0.151942,0.388239,0.469733,8,8,8,5,8,4.599724,0.746239,0.0,-4.677361,-6.909519,0,8
case_02_Zr_cosine_seed9511,Zr,cosine,9511,91,0.234064,0.041371,0.519344,0.134494,-0.42449,0.041371,-0.13921,-0.52406,-0.026101,0.117013,0.340233,-0.205297,8,8,7,6,7,4.868303,0.66473,0.0,-9.1826,-7.877974,0,8
case_02_Zr_cosine_seed9511,Zr,cosine,9511,92,0.247557,0.04526,0.506072,0.106298,-0.410997,0.04526,-0.152482,-0.552256,-0.011977,0.128015,0.333196,0.02465,8,8,7,4,7,4.642181,0.361876,0.0,-6.70894,-4.120878,0,8
case_02_Zr_cosine_seed9511,Zr,cosine,9511,93,0.239456,0.049657,0.507118,0.084849,-0.419097,0.049657,-0.151436,-0.573705,-0.019074,0.140452,0.282196,0.462369,8,8,8,5,8,5.366768,1.085525,0.0,-2.143603,-6.803636,0,8
case_02_Zr_cosine_seed9511,Zr,cosine,9511,94,0.223727,0.019233,0.292148,0.15057,-0.434827,0.019233,-0.366406,-0.507984,-0.033064,0.0544,0.328551,-0.149447,8,8,8,4,8,5.359782,0.439573,0.0,1.981804,-6.461287,0,8
case_02_Zr_cosine_seed9511,Zr,cosine,9511,95,0.268733,0.046291,0.486525,0.109639,-0.389821,0.046291,-0.172029,-0.548915,0.011346,0.130932,0.336875,0.235786,8,7,6,4,6,5.05382,0.612262,0.0,-8.571213,-8.347323,0,8
case_02_Zr_cosine_seed9511,Zr,cosine,9511,96,0.239963,0.040351,0.456091,0.117684,-0.418591,0.040351,-0.202462,-0.54087,-0.016553,0.114128,0.345429,-0.136346,8,8,8,6,8,5.109894,1.387751,0.0,-3.183694,-7.193665,0,8
case_02_Zr_cosine_seed9511,Zr,cosine,9511,97,0.292326,0.039272,0.442304,0.129622,-0.366227,0.039272,-0.21625,-0.528932,0.03402,0.111078,0.368786,0.136369,8,8,8,4,8,5.053715,0.981883,0.0,-0.28249,-7.46775,0,8
case_02_Zr_cosine_seed9511,Zr,cosine,9511,98,0.287572,0.062384,0.638367,0.111707,-0.370982,0.062384,-0.020187,-0.546847,0.027802,0.176448,0.400757,-0.22596,8,7,7,4,7,4.792759,0.433659,0.0,-5.837618,-6.659574,0,8
case_02_Zr_cosine_seed9511,Zr,cosine,9511,99,0.193269,0.019377,0.312182,0.134875,-0.465285,0.019377,-0.346372,-0.523679,-0.063176,0.054805,0.277981,0.078011,8,8,7,6,7,5.353204,0.952307,0.0,-4.784136,-5.962176,0,8
case_02_Zr_cosine_seed9511,Zr,cosine,9511,100,0.23724,0.034339,0.367955,0.088718,-0.421313,0.034339,-0.290599,-0.569836,-0.018244,0.097125,0.331484,0.014613,8,8,8,5,8,5.611656,1.687344,0.0,0.548489,-6.661592,0,8
case_02_Zr_peak_seed9511,Zr,peak,9511,1,0.413585,0.021681,0.511355,0.324413,-0.097771,0.021681,0.0,-0.186942,-0.0,0.061323,0.167703,0.00415,8,8,8,6,8,5.301786,1.456343,0.0,-2.742979,-6.972293,0,8
case_02_Zr_peak_seed9511,Zr,peak,9511,2,0.405089,0.027236,0.522941,0.294431,-0.117852,0.027236,0.0,-0.22851,-0.019078,0.077034,0.091979,0.006952,8,7,8,6,8,4.84651,0.834354,0.0,-6.080888,-7.399222,0,8
case_02_Zr_peak_seed9511,Zr,peak,9511,3,0.440311,0.019594,0.548343,0.368435,-0.108031,0.019594,0.0,-0.179908,-0.008794,0.055419,0.132631,0.03772,8,8,8,5,8,5.596188,1.806476,0.0,-2.681792,-5.616445,0,8
case_02_Zr_peak_seed9511,Zr,peak,9511,4,0.441491,0.020887,0.530716,0.359178,-0.106852,0.020887,-0.017627,-0.189164,-0.007234,0.059077,0.203308,-0.002019,8,8,7,4,7,5.549702,1.167011,0.0,-0.652589,-5.718372,0,8
case_02_Zr_peak_seed9511,Zr,peak,9511,5,0.42253,0.02535,0.55603,0.342609,-0.1335,0.02535,0.0,-0.213421,-0.032188,0.071701,0.156231,0.012623,8,8,7,5,7,4.843124,1.236487,0.0,-2.946094,-7.601691,0,8
case_02_Zr_peak_seed9511,Zr,peak,9511,6,0.383252,0.018521,0.468757,0.326169,-0.172779,0.018521,-0.087273,-0.229861,-0.067893,0.052386,0.124624,-0.002675,8,7,8,5,8,4.607474,1.295928,0.0,-7.125951,-7.750829,0,8
case_02_Zr_peak_seed9511,Zr,peak,9511,7,0.432095,0.018125,0.516556,0.346681,-0.123935,0.018125,-0.039474,-0.209349,-0.018097,0.051266,0.197552,-0.012194,8,8,7,5,7,4.853174,0.7112,0.0,-2.166682,-7.228655,0,8
case_02_Zr_peak_seed9511,Zr,peak,9511,8,0.402123,0.021457,0.499228,0.335497,-0.153907,0.021457,-0.056802,-0.220533,-0.045666,0.060689,0.20016,0.011746,8,8,8,4,8,4.579327,0.784948,0.0,0.839209,-5.898256,0,8
case_02_Zr_peak_seed9511,Zr,peak,9511,9,0.406415,0.014998,0.476002,0.346098,-0.149615,0.014998,-0.080029,-0.209932,-0.039305,0.042421,0.19612,-0.020656,8,8,8,6,8,4.861125,2.338679,0.0,0.948146,-5.613217,0,8
case_02_Zr_peak_seed9511,Zr,peak,9511,10,0.425335,0.024277,0.542783,0.314865,-0.130696,0.024277,-0.013248,-0.241166,-0.019366,0.068665,0.198766,0.04162,8,8,7,6,7,4.644729,1.079024,0.0,-9.513797,-7.877248,0,8
case_02_Zr_peak_seed9511,Zr,peak,9511,11,0.418386,0.019529,0.511286,0.362022,-0.137644,0.019529,-0.044744,-0.194008,-0.024999,0.055236,0.202955,0.083932,8,8,7,6,7,4.909876,0.406141,0.0,-3.393574,-6.037066,0,8
case_02_Zr_peak_seed9511,Zr,peak,9511,12,0.435442,0.021219,0.518522,0.297495,-0.120589,0.021219,-0.037508,-0.258535,-0.007546,0.060015,0.242154,0.128574,8,8,7,4,7,5.35488,0.691271,0.0,-4.376094,-7.048036,0,8
case_02_Zr_peak_seed9511,Zr,peak,9511,13,0.377928,0.01891,0.508892,0.322994,-0.178103,0.01891,-0.047138,-0.233037,-0.061807,0.053486,0.220544,0.006698,8,7,5,4,5,5.5812,1.053503,0.0,-1.210442,-5.370923,0,8
case_02_Zr_peak_seed9511,Zr,peak,9511,14,0.436275,0.029548,0.58031,0.322701,-0.144035,0.029548,0.0,-0.257609,-0.026352,0.083573,0.234013,0.188369,8,8,7,5,7,5.359168,1.573803,0.0,-3.92342,-5.161969,0,8
case_02_Zr_peak_seed9511,Zr,peak,9511,15,0.382524,0.015267,0.440978,0.316254,-0.197786,0.015267,-0.139332,-0.264056,-0.076098,0.043181,0.202161,-0.015361,8,8,8,7,8,4.952702,1.082244,0.0,-7.846204,-7.034534,0,8
case_02_Zr_peak_seed9511,Zr,peak,9511,16,0.399365,0.013622,0.471943,0.339454,-0.180945,0.013622,-0.108367,-0.240857,-0.056295,0.03853,0.224706,0.049601,8,8,7,5,7,5.076142,0.730576,0.0,-1.708364,-7.034018,0,8
case_02_Zr_peak_seed9511,Zr,peak,9511,17,0.430997,0.016193,0.511107,0.36996,-0.149313,0.016193,-0.069203,-0.21035,-0.02343,0.045801,0.275881,0.005719,8,8,8,6,8,5.374126,2.149234,0.0,-3.356948,-7.364932,0,8
case_02_Zr_peak_seed9511,Zr,peak,9511,18,0.408974,0.017675,0.501698,0.336813,-0.171336,0.017675,-0.078612,-0.243497,-0.043179,0.049994,0.247334,0.092342,8,8,8,6,8,4.591654,1.39665,0.0,-6.362957,-7.417068,0,8
case_02_Zr_peak_seed9511,Zr,peak,9511,19,0.410609,0.012607,0.483405,0.367876,-0.169701,0.012607,-0.096905,-0.212434,-0.039468,0.035658,0.252306,0.04081,8,8,7,4,7,5.324255,1.057132,0.0,-1.766539,-5.306833,0,8
case_02_Zr_peak_seed9511,Zr,peak,9511,20,0.410732,0.014879,0.499102,0.355537,-0.169578,0.014879,-0.081208,-0.224773,-0.037378,0.042083,0.26142,0.014834,8,8,7,4,7,5.340992,1.446489,0.0,-0.245406,-5.936999,0,8
case_02_Zr_peak_seed9511,Zr,peak,9511,21,0.438985,0.038305,0.707316,0.355218,-0.268332,0.038305,0.0,-0.352099,-0.129324,0.108344,0.184008,-0.034688,8,8,7,4,7,5.134669,1.3397,0.0,-1.416618,-5.470755,0,8
case_02_Zr_peak_seed9511,Zr,peak,9511,22,0.435766,0.03219,0.617608,0.355771,-0.27155,0.03219,-0.089709,-0.351546,-0.125916,0.091046,0.186299,-0.004065,8,8,7,6,7,4.835156,0.968466,0.0,-3.092385,-7.478447,0,8
case_02_Zr_peak_seed9511,Zr,peak,9511,23,0.384035,0.014718,0.445792,0.324612,-0.323282,0.014718,-0.261524,-0.382704,-0.168765,0.041628,0.125221,0.126832,8,7,7,5,7,4.810257,0.861414,0.0,-6.06625,-5.426806,0,8
case_02_Zr_peak_seed9511,Zr,peak,9511,24,0.402131,0.013544,0.461967,0.345356,-0.305186,0.013544,-0.245349,-0.36196,-0.143136,0.038308,0.140862,0.197701,8,7,7,4,7,5.375649,2.802232,0.0,0.774321,-5.480714,0,8
case_02_Zr_peak_seed9511,Zr,peak,9511,25,0.439695,0.025502,0.552505,0.367846,-0.267621,0.025502,-0.154811,-0.339471,-0.100293,0.07213,0.207733,0.035717,8,8,7,5,7,5.082218,1.089555,0.0,-1.861216,-6.973897,0,8
case_02_Zr_peak_seed9511,Zr,peak,9511,26,0.401442,0.020079,0.480795,0.340247,-0.305875,0.020079,-0.226521,-0.367069,-0.131619,0.056792,0.201955,-0.161724,8,7,7,5,7,4.527699,0.853137,0.0,0.073831,-7.082916,0,8
case_02_Zr_peak_seed9511,Zr,peak,9511,27,0.392228,0.016935,0.456696,0.305929,-0.315088,0.016935,-0.250621,-0.401387,-0.133791,0.047899,0.144986,0.364121,8,8,8,4,8,5.059806,0.912977,0.0,-1.034361,-5.763642,0,8
case_02_Zr_peak_seed9511,Zr,peak,9511,28,0.432669,0.013907,0.493201,0.355044,-0.274647,0.013907,-0.214115,-0.352272,-0.088682,0.039334,0.220216,-0.034682,8,7,8,5,8,5.338801,0.97954,0.0,1.100975,-6.361058,0,8
case_02_Zr_peak_seed9511,Zr,peak,9511,29,0.396521,0.02,0.488331,0.306721,-0.310795,0.02,-0.218986,-0.400595,-0.118589,0.056569,0.163067,0.248935,8,8,6,4,6,5.320215,0.584533,0.0,-0.493015,-5.428625,0,8
case_02_Zr_peak_seed9511,Zr,peak,9511,30,0.400181,0.017786,0.511878,0.348329,-0.307136,0.017786,-0.195439,-0.358988,-0.109182,0.050305,0.198328,0.069138,8,8,7,4,7,5.045388,1.589441,0.0,-0.401191,-7.050756,0,8
case_02_Zr_peak_seed9511,Zr,peak,9511,31,0.397052,0.021687,0.537192,0.322466,-0.310265,0.021687,-0.170124,-0.38485,-0.106696,0.06134,0.182841,0.31052,8,7,7,5,7,5.054491,1.226238,0.0,-7.267226,-8.63829,0,8
case_02_Zr_peak_seed9511,Zr,peak,9511,32,0.383493,0.012314,0.425406,0.313738,-0.323823,0.012314,-0.28191,-0.393578,-0.114242,0.03483,0.187898,0.173214,8,8,7,6,7,5.134582,1.476826,0.0,-2.820663,-5.299436,0,8
case_02_Zr_peak_seed9511,Zr,peak,9511,33,0.381411,0.009834,0.414124,0.340392,-0.325905,0.009834,-0.293193,-0.366924,-0.110508,0.027816,0.196707,0.092017,8,8,8,4,8,5.174136,1.368526,0.0,-0.670472,-5.636348,0,8
case_02_Zr_peak_seed9511,Zr,peak,9511,34,0.450586,0.023362,0.596816,0.356314,-0.256731,0.023362,-0.1105,-0.351003,-0.039266,0.066078,0.210813,0.706768,8,7,6,5,6,4.475908,0.45999,0.0,-2.52173,-5.873744,0,8
case_02_Zr_peak_seed9511,Zr,peak,9511,35,0.446279,0.028973,0.588576,0.367811,-0.261038,0.028973,-0.11874,-0.339505,-0.041395,0.081948,0.254327,0.268771,8,7,6,3,6,4.815272,0.862966,0.0,-0.74339,-4.201473,0,8
case_02_Zr_peak_seed9511,Zr,peak,9511,36,0.393632,0.009427,0.443438,0.358744,-0.313684,0.009427,-0.263878,-0.348572,-0.089339,0.026665,0.183998,0.49292,8,8,8,5,8,5.073983,1.730573,0.0,-1.998895,-5.162703,0,8
case_02_Zr_peak_seed9511,Zr,peak,9511,37,0.441254,0.027093,0.574108,0.339566,-0.266063,0.027093,-0.133208,-0.36775,-0.039632,0.076632,0.27886,0.03158,8,8,8,4,8,5.101144,0.811906,0.0,-2.963642,-6.008672,0,8
case_02_Zr_peak_seed9511,Zr,peak,9511,38,0.395104,0.023767,0.527439,0.269714,-0.312212,0.023767,-0.179877,-0.437602,-0.081492,0.067222,0.218542,0.225667,8,8,7,5,7,5.585042,2.013171,0.0,-5.719405,-7.165332,0,8
case_02_Zr_peak_seed9511,Zr,peak,9511,39,0.39923,0.010472,0.448446,0.367734,-0.308087,0.010472,-0.258871,-0.339582,-0.073499,0.02962,0.238058,0.110615,8,8,6,4,6,5.625893,1.909505,0.0,-0.489421,-5.552633,0,8
case_02_Zr_peak_seed9511,Zr,peak,9511,40,0.422516,0.03099,0.563833,0.312198,-0.284801,0.03099,-0.143484,-0.395118,-0.047702,0.087653,0.260252,0.16466,8,7,7,4,7,5.58435,1.316823,0.0,-5.552886,-6.04747,0,8
case_02_Zr_peak_seed9511,Zr,peak,9511,41,0.3796,0.015285,0.434135,0.296874,-0.327716,0.015285,-0.273181,-0.410442,-0.086086,0.043232,0.256127,-0.185773,8,8,8,5,8,5.127615,1.989332,0.0,0.609368,-5.692891,0,8
case_02_Zr_peak_seed9511,Zr,peak,9511,42,0.447264,0.039533,0.715076,0.360345,-0.267812,0.039533,0.0,-0.354732,-0.024873,0.111815,0.292056,0.089302,8,8,8,4,8,4.899196,0.872859,0.0,-3.082905,-7.792915,0,8
case_02_Zr_peak_seed9511,Zr,peak,9511,43,0.41278,0.023565,0.523149,0.320268,-0.302296,0.023565,-0.191928,-0.394809,-0.05639,0.066652,0.261431,0.085493,8,8,8,6,8,5.129709,1.513121,0.0,-0.609082,-4.971071,0,8
case_02_Zr_peak_seed9511,Zr,peak,9511,44,0.420521,0.021142,0.568248,0.367883,-0.294555,0.021142,-0.146829,-0.347194,-0.046216,0.059799,0.24669,0.337421,8,8,6,5,6,4.77043,0.515498,0.0,-9.290009,-8.342431,0,8
case_02_Zr_peak_seed9511,Zr,peak,9511,45,0.404574,0.014374,0.453938,0.338641,-0.310502,0.014374,-0.261138,-0.376435,-0.059055,0.040656,0.271517,-0.032368,8,7,7,4,7,4.898555,1.985944,0.0,2.145517,-6.783336,0,8
case_02_Zr_peak_seed9511,Zr,peak,9511,46,0.425838,0.013251,0.478681,0.367925,-0.289238,0.013251,-0.236395,-0.347152,-0.035901,0.037479,0.280478,0.118565,8,8,8,6,8,5.074669,1.407851,0.0,-3.03633,-4.940335,0,8
case_02_Zr_peak_seed9511,Zr,peak,9511,47,0.422394,0.023017,0.494123,0.308598,-0.292682,0.023017,-0.220953,-0.406479,-0.037378,0.065103,0.297077,-0.057055,8,6,6,4,6,5.249184,1.406973,0.0,-2.370827,-5.553327,0,8
case_02_Zr_peak_seed9511,Zr,peak,9511,48,0.418333,0.034844,0.666997,0.347829,-0.296744,0.034844,-0.04808,-0.367248,-0.039368,0.098554,0.296632,-0.078258,8,7,7,5,7,4.462735,0.536263,0.0,3.234088,-6.6913,0,8
case_02_Zr_peak_seed9511,Zr,peak,9511,49,0.43174,0.025689,0.595751,0.352695,-0.283337,0.025689,-0.119325,-0.362381,-0.024663,0.072661,0.236284,0.689181,8,8,7,5,7,5.361044,0.83158,0.0,-8.150299,-7.655967,0,8
case_02_Zr_peak_seed9511,Zr,peak,9511,50,0.440202,0.018372,0.542007,0.391711,-0.274874,0.018372,-0.17307,-0.323366,-0.01539,0.051964,0.311064,0.039651,8,8,7,4,7,4.637092,0.435537,0.0,-2.727731,-6.97129,0,8
case_02_Zr_peak_seed9511,Zr,peak,9511,51,0.420278,0.011343,0.460973,0.363936,-0.294798,0.011343,-0.254103,-0.35114,-0.033548,0.032084,0.280989,0.157838,8,7,7,5,7,4.933394,0.865382,0.0,-5.793866,-7.609566,0,8
case_02_Zr_peak_seed9511,Zr,peak,9511,52,0.413664,0.018262,0.502485,0.336275,-0.301412,0.018262,-0.212591,-0.378801,-0.038154,0.051652,0.279362,0.128388,8,8,8,6,8,5.128194,1.406911,0.0,-3.803494,-5.010867,0,8
case_02_Zr_peak_seed9511,Zr,peak,9511,53,0.391573,0.010435,0.441139,0.352609,-0.323504,0.010435,-0.273937,-0.362468,-0.057234,0.029515,0.268658,0.055278,8,7,7,5,7,4.697976,0.923808,0.0,-5.503539,-7.125988,0,8
case_02_Zr_peak_seed9511,Zr,peak,9511,54,0.414755,0.013189,0.482769,0.366119,-0.300322,0.013189,-0.232308,-0.348958,-0.032349,0.037305,0.268678,0.310388,8,7,8,4,8,5.053674,3.006969,0.0,1.890687,-7.35116,0,8
case_02_Zr_peak_seed9511,Zr,peak,9511,55,0.412097,0.026065,0.525039,0.280953,-0.30298,0.026065,-0.190037,-0.434124,-0.033257,0.073724,0.296557,0.014735,8,7,7,5,7,4.695442,0.760632,0.0,-5.202143,-8.12646,0,8
case_02_Zr_peak_seed9511,Zr,peak,9511,56,0.407015,0.012407,0.465251,0.366138,-0.308062,0.012407,-0.249825,-0.348938,-0.036422,0.035092,0.288776,0.074099,8,7,6,5,6,5.624155,0.704894,0.0,-1.82565,-4.836364,0,8
case_02_Zr_peak_seed9511,Zr,peak,9511,57,0.446475,0.009524,0.496003,0.412842,-0.268601,0.009524,-0.219074,-0.302234,0.002887,0.026937,0.329572,0.036617,8,7,7,5,7,4.609503,0.441877,0.0,-5.335752,-7.535822,0,8
case_02_Zr_peak_seed9511,Zr,peak,9511,58,0.446836,0.014572,0.51304,0.377045,-0.26824,0.014572,-0.202037,-0.338032,0.003085,0.041216,0.341651,-0.078174,8,8,8,3,8,4.909056,0.516181,0.0,-0.958629,-5.411661,0,8
case_02_Zr_peak_seed9511,Zr,peak,9511,59,0.404107,0.017669,0.456911,0.317116,-0.310969,0.017669,-0.258166,-0.39796,-0.037661,0.049977,0.272188,0.247242,8,8,7,5,7,4.832403,0.849545,0.0,-2.491588,-6.079401,0,8
case_02_Zr_peak_seed9511,Zr,peak,9511,60,0.399838,0.019141,0.488269,0.315329,-0.315238,0.019141,-0.226807,-0.399748,-0.039834,0.054139,0.280107,0.146125,8,7,7,5,7,4.647339,0.885579,0.0,7.667594,-4.869024,0,8
case_02_Zr_peak_seed9511,Zr,peak,9511,61,0.42468,0.016914,0.487897,0.363342,-0.290396,0.016914,-0.22718,-0.351734,-0.014242,0.047839,0.295221,0.241107,8,8,7,3,7,5.19895,1.523436,0.0,-2.465959,-5.966175,0,8
case_02_Zr_peak_seed9511,Zr,peak,9511,62,0.424171,0.030016,0.598375,0.33785,-0.290906,0.030016,-0.116701,-0.377226,-0.014014,0.084898,0.192261,1.243808,8,8,8,3,8,5.547166,1.683078,0.0,-1.941192,-6.146914,0,8
case_02_Zr_peak_seed9511,Zr,peak,9511,63,0.393151,0.027289,0.515889,0.256707,-0.321926,0.027289,-0.199188,-0.458369,-0.042782,0.077185,0.2843,0.043336,8,8,8,4,8,5.02614,0.954801,0.0,-0.96243,-6.937806,0,8
case_02_Zr_peak_seed9511,Zr,peak,9511,64,0.368069,0.009161,0.402139,0.311831,-0.347007,0.009161,-0.312938,-0.403246,-0.064471,0.025912,0.261331,0.101733,8,8,7,6,7,4.777851,1.325588,0.0,-9.80257,-7.133365,0,8
case_02_Zr_peak_seed9511,Zr,peak,9511,65,0.409451,0.020763,0.538189,0.334714,-0.305626,0.020763,-0.176888,-0.380363,-0.021935,0.058727,0.294096,0.214168,8,7,7,5,7,5.22031,1.352912,0.0,-3.318759,-6.625072,0,8
case_02_Zr_peak_seed9511,Zr,peak,9511,66,0.452081,0.038438,0.707958,0.33797,-0.262995,0.038438,-0.007119,-0.377107,0.019661,0.108719,0.343152,0.120758,8,8,6,3,6,5.369922,1.437988,0.0,-2.53857,-6.131448,0,8
case_02_Zr_peak_seed9511,Zr,peak,9511,67,0.417934,0.021264,0.520925,0.316317,-0.297142,0.021264,-0.194151,-0.398759,-0.013762,0.060143,0.300066,0.232532,8,7,8,5,8,4.879973,1.471736,0.0,-4.480081,-8.154528,0,8
case_02_Zr_peak_seed9511,Zr,peak,9511,68,0.416151,0.026587,0.584644,0.322377,-0.298926,0.026587,-0.130432,-0.3927,-0.014768,0.075199,0.312238,0.112198,8,7,7,4,7,5.050484,2.371236,0.0,-3.378502,-6.34776,0,8
case_02_Zr_peak_seed9511,Zr,peak,9511,69,0.419869,0.01312,0.495622,0.36786,-0.295207,0.01312,-0.219455,-0.347216,-0.010497,0.03711,0.324068,0.016916,8,8,7,4,7,5.586694,1.608603,0.0,-1.796329,-5.656939,0,8
case_02_Zr_peak_seed9511,Zr,peak,9511,70,0.413922,0.020199,0.502141,0.336774,-0.301155,0.020199,-0.212935,-0.378302,-0.015622,0.05713,0.304383,0.184198,8,8,7,3,7,5.16808,0.785095,0.0,-3.03321,-5.919029,0,8
case_02_Zr_peak_seed9511,Zr,peak,9511,71,0.418853,0.019155,0.51429,0.342878,-0.296223,0.019155,-0.200787,-0.372199,-0.010156,0.054179,0.328759,0.005157,8,8,8,4,8,4.862007,1.470668,0.0,3.50545,-5.469648,0,8
case_02_Zr_peak_seed9511,Zr,peak,9511,72,0.420981,0.021059,0.516106,0.348248,-0.294095,0.021059,-0.198971,-0.366829,-0.007627,0.059564,0.309847,0.210599,8,8,7,4,7,4.829584,0.319258,0.0,-2.097753,-5.503588,0,8
case_02_Zr_peak_seed9511,Zr,peak,9511,73,0.400838,0.022846,0.533925,0.322733,-0.314239,0.022846,-0.181152,-0.392344,-0.026382,0.064618,0.278242,0.328086,8,8,7,5,7,5.599531,1.486193,0.0,2.566275,-4.685952,0,8
case_02_Zr_peak_seed9511,Zr,peak,9511,74,0.43184,0.028102,0.616768,0.346485,-0.283237,0.028102,-0.098308,-0.368591,0.004389,0.079484,0.336534,0.068847,8,7,7,5,7,4.851871,0.864184,0.0,-6.858596,-8.197229,0,8
case_02_Zr_peak_seed9511,Zr,peak,9511,75,0.419251,0.017864,0.523015,0.353944,-0.295825,0.017864,-0.192061,-0.361133,-0.007789,0.050527,0.300414,0.324493,8,8,7,4,7,4.853601,1.274587,0.0,1.572535,-4.809938,0,8
case_02_Zr_peak_seed9511,Zr,peak,9511,76,0.415537,0.022739,0.534563,0.31498,-0.29954,0.022739,-0.180514,-0.400096,-0.010929,0.064315,0.324273,0.041618,8,8,7,5,7,5.388527,0.504903,0.0,0.798067,-5.017237,0,8
case_02_Zr_peak_seed9511,Zr,peak,9511,77,0.442045,0.024377,0.584146,0.368513,-0.273031,0.024377,-0.13093,-0.346564,0.014801,0.068948,0.361453,-0.059958,8,8,8,5,8,5.096799,1.735379,0.0,-5.005972,-8.011066,0,8
case_02_Zr_peak_seed9511,Zr,peak,9511,78,0.38727,0.013218,0.448904,0.329237,-0.327806,0.013218,-0.266172,-0.38584,-0.037976,0.037385,0.288473,0.145294,8,8,8,5,8,5.018274,2.094782,0.0,-7.5008,-6.231315,0,8
case_02_Zr_peak_seed9511,Zr,peak,9511,79,0.394759,0.028753,0.594566,0.324226,-0.320317,0.028753,-0.120511,-0.39085,-0.028962,0.081327,0.315179,-0.038904,8,7,6,4,6,5.107766,0.658717,0.0,-1.25438,-5.835916,0,8
case_02_Zr_peak_seed9511,Zr,peak,9511,80,0.425221,0.016397,0.506276,0.367899,-0.289855,0.016397,-0.2088,-0.347177,0.001425,0.046378,0.3452,-0.01424,8,8,7,4,7,5.364698,1.089702,0.0,-2.849749,-5.828071,0,8
case_02_Zr_peak_seed9511,Zr,peak,9511,81,0.444106,0.02496,0.558938,0.367906,-0.27097,0.02496,-0.156139,-0.34717,0.019294,0.070598,0.359068,0.024364,8,7,4,3,4,5.04602,1.12771,0.0,-2.329203,-5.449121,0,8
case_02_Zr_peak_seed9511,Zr,peak,9511,82,0.421909,0.038509,0.672644,0.25679,-0.293167,0.038509,-0.042432,-0.458286,-0.002757,0.10892,0.337622,0.02334,8,8,8,5,8,4.723886,1.023495,0.0,-5.301287,-7.585,0,8
case_02_Zr_peak_seed9511,Zr,peak,9511,83,0.425538,0.023596,0.517425,0.309321,-0.289538,0.023596,-0.197652,-0.405756,0.000828,0.06674,0.308024,0.365658,8,8,7,5,7,5.369277,1.146583,0.0,-6.302294,-6.191341,0,8
case_02_Zr_peak_seed9511,Zr,peak,9511,84,0.456968,0.026956,0.558319,0.320414,-0.258109,0.026956,-0.156757,-0.394662,0.030644,0.076244,0.365058,0.045778,8,8,8,5,8,5.154651,1.362309,0.0,-3.528712,-6.311548,0,8
case_02_Zr_peak_seed9511,Zr,peak,9511,85,0.409939,0.014616,0.485647,0.350053,-0.305137,0.014616,-0.22943,-0.365024,-0.015565,0.041339,0.327457,-0.007325,8,8,8,5,8,5.383145,1.540387,0.0,-5.039376,-6.481114,0,8
case_02_Zr_peak_seed9511,Zr,peak,9511,86,0.443452,0.030203,0.567102,0.304926,-0.271625,0.030203,-0.147975,-0.410151,0.01705,0.085427,0.383268,-0.210696,8,8,8,4,8,5.381621,1.526909,0.0,-3.88877,-6.818289,0,8
case_02_Zr_peak_seed9511,Zr,peak,9511,87,0.414215,0.015932,0.477066,0.336235,-0.300862,0.015932,-0.23801,-0.378841,-0.011578,0.045064,0.345591,-0.144912,8,8,7,5,7,5.369556,1.345788,0.0,-2.312325,-6.983622,0,8
case_02_Zr_peak_seed9511,Zr,peak,9511,88,0.36491,0.050516,0.462413,0.0,-0.350167,0.050516,-0.252663,-0.715076,-0.057838,0.142881,0.265183,0.179465,8,7,7,6,7,4.543436,1.202385,0.0,-5.474293,-5.210258,1,7
case_02_Zr_peak_seed9511,Zr,peak,9511,89,0.403766,0.013442,0.458975,0.365257,-0.31131,0.013442,-0.256101,-0.34982,-0.018033,0.03802,0.325328,0.015071,8,7,7,5,7,4.794223,0.978599,0.0,-3.877494,-8.375644,0,8
case_02_Zr_peak_seed9511,Zr,peak,9511,90,0.382442,0.006496,0.417005,0.353811,-0.332635,0.006496,-0.298072,-0.361265,-0.037389,0.018374,0.300026,0.081752,8,8,8,5,8,4.60005,0.745275,0.0,-5.213475,-6.966436,0,8
case_02_Zr_peak_seed9511,Zr,peak,9511,91,0.405823,0.031258,0.583866,0.265777,-0.309253,0.031258,-0.13121,-0.449299,-0.013308,0.088412,0.337894,-0.089079,8,8,7,6,7,4.868441,0.666587,0.0,-9.209868,-7.884902,0,8
case_02_Zr_peak_seed9511,Zr,peak,9511,92,0.408687,0.021249,0.496749,0.338484,-0.306389,0.021249,-0.218328,-0.376593,-0.009921,0.060102,0.349083,-0.129603,8,8,7,4,7,4.642425,0.381188,0.0,-6.718296,-4.118954,0,8
case_02_Zr_peak_seed9511,Zr,peak,9511,93,0.40367,0.035771,0.616083,0.308378,-0.311407,0.035771,-0.098993,-0.406698,-0.014192,0.101175,0.309824,0.237903,8,8,8,5,8,5.366556,1.114617,0.0,-2.158887,-6.799274,0,8
case_02_Zr_peak_seed9511,Zr,peak,9511,94,0.461903,0.03773,0.658818,0.352036,-0.253174,0.03773,-0.056258,-0.36304,0.041839,0.106716,0.403831,-0.155401,8,8,8,4,8,5.359663,0.439767,0.0,2.085052,-6.456585,0,8
case_02_Zr_peak_seed9511,Zr,peak,9511,95,0.418443,0.019196,0.493354,0.318332,-0.296633,0.019196,-0.221723,-0.396744,-0.001539,0.054294,0.329664,0.165505,8,7,7,5,7,5.053938,0.61564,0.0,-7.593676,-8.335798,0,8
case_02_Zr_peak_seed9511,Zr,peak,9511,96,0.40925,0.016964,0.510459,0.343708,-0.305827,0.016964,-0.204618,-0.371369,-0.010196,0.047981,0.355732,-0.16991,8,8,8,5,8,5.109899,1.400692,0.0,-3.748232,-7.153419,0,8
case_02_Zr_peak_seed9511,Zr,peak,9511,97,0.396258,0.01523,0.467071,0.340377,-0.318819,0.01523,-0.248006,-0.374699,-0.022029,0.043077,0.299662,0.276686,8,8,8,4,8,5.053786,0.803477,0.0,0.098886,-7.427902,0,8
case_02_Zr_peak_seed9511,Zr,peak,9511,98,0.400369,0.016104,0.496296,0.359316,-0.314707,0.016104,-0.21878,-0.355761,-0.017022,0.045549,0.352813,-0.193899,8,7,7,4,7,4.792976,0.425003,0.0,-5.805393,-6.986123,0,8
case_02_Zr_peak_seed9511,Zr,peak,9511,99,0.430762,0.023165,0.571327,0.367884,-0.284315,0.023165,-0.143749,-0.347192,0.012702,0.065522,0.36203,0.015624,8,8,7,6,7,5.353035,0.980103,0.0,-4.684468,-5.961039,0,8
case_02_Zr_peak_seed9511,Zr,peak,9511,100,0.416422,0.020657,0.500428,0.325372,-0.298655,0.020657,-0.214648,-0.389705,-0.001556,0.058428,0.359365,-0.107447,8,8,8,5,8,5.61136,1.777454,0.0,0.631045,-6.637907,0,8
case_02_Zr_cosine_seed9512,Zr,cosine,9512,1,0.206333,0.033126,0.383224,0.116934,-0.176891,0.033126,0.0,-0.26629,0.0,0.093695,0.290131,-0.000141,8,7,7,4,7,4.867866,0.958619,0.0,-0.445859,-4.985369,0,8
case_02_Zr_cosine_seed9512,Zr,cosine,9512,2,0.255104,0.044348,0.455779,0.095634,-0.200675,0.044348,0.0,-0.360146,-0.022595,0.125434,0.28628,0.019898,8,8,8,6,8,5.108423,0.759036,0.0,-4.63616,-7.301484,0,8
case_02_Zr_cosine_seed9512,Zr,cosine,9512,3,0.29231,0.042104,0.514702,0.101348,-0.222392,0.042104,0.0,-0.413354,-0.042096,0.119089,0.283286,0.036447,8,8,8,4,8,5.116453,1.023194,0.0,-2.891959,-4.988383,0,8
case_02_Zr_cosine_seed9512,Zr,cosine,9512,4,0.315957,0.043278,0.519754,0.117616,-0.203796,0.043278,0.0,-0.402138,-0.022325,0.122408,0.319992,0.012539,8,8,7,4,7,4.835903,0.709031,0.0,-2.755463,-6.152174,0,8
case_02_Zr_cosine_seed9512,Zr,cosine,9512,5,0.289095,0.051177,0.541896,0.125123,-0.252801,0.051177,0.0,-0.416773,-0.067763,0.144752,0.279695,0.070634,8,8,8,6,8,5.049015,1.850643,0.0,-5.839529,-7.417393,0,8
case_02_Zr_cosine_seed9512,Zr,cosine,9512,6,0.186016,0.017995,0.273079,0.105966,-0.35588,0.017995,-0.268817,-0.43593,-0.1623,0.050897,0.212701,-0.079293,8,8,7,5,7,5.581307,1.553264,0.0,0.660869,-6.439405,0,8
case_02_Zr_cosine_seed9512,Zr,cosine,9512,7,0.187242,0.028967,0.345364,0.080042,-0.354654,0.028967,-0.196532,-0.461853,-0.153021,0.081932,0.223388,-0.020849,8,8,8,4,8,5.072988,0.876251,0.0,-2.453237,-5.884569,0,8
case_02_Zr_cosine_seed9512,Zr,cosine,9512,8,0.274621,0.039548,0.488916,0.120456,-0.267274,0.039548,-0.052979,-0.421439,-0.062359,0.111859,0.308441,0.109729,8,8,8,4,8,5.314664,1.314032,0.0,-2.073956,-5.395523,0,8
case_02_Zr_cosine_seed9512,Zr,cosine,9512,9,0.273494,0.044328,0.498849,0.129233,-0.268402,0.044328,-0.043047,-0.412663,-0.060312,0.125379,0.314508,0.133672,8,8,6,4,6,5.102531,0.56017,0.0,-3.78162,-7.52274,0,8
case_02_Zr_cosine_seed9512,Zr,cosine,9512,10,0.183118,0.026491,0.319632,0.096472,-0.358778,0.026491,-0.222263,-0.445424,-0.143154,0.074927,0.250099,0.013066,8,8,5,3,5,4.755193,0.502295,0.0,-6.912087,-8.601997,0,8
case_02_Zr_cosine_seed9512,Zr,cosine,9512,11,0.274795,0.054647,0.591648,0.122267,-0.316853,0.054647,0.0,-0.469381,-0.096167,0.154565,0.304838,0.006984,8,8,8,5,8,5.044915,1.673493,0.0,0.785418,-6.30704,0,8
case_02_Zr_cosine_seed9512,Zr,cosine,9512,12,0.234239,0.045583,0.494839,0.110589,-0.357408,0.045583,-0.096809,-0.481059,-0.129887,0.128928,0.275318,0.018864,8,8,7,5,7,4.850264,0.51761,0.0,-4.927055,-5.937172,0,8
case_02_Zr_cosine_seed9512,Zr,cosine,9512,13,0.243826,0.067164,0.64683,0.08338,-0.403004,0.067164,0.0,-0.56345,-0.166708,0.189968,0.164602,0.847831,8,7,8,5,8,4.172338,0.2952,0.0,-6.294703,-6.403428,0,8
case_02_Zr_cosine_seed9512,Zr,cosine,9512,14,0.229415,0.04821,0.48931,0.119884,-0.417415,0.04821,-0.15752,-0.526947,-0.172063,0.136359,0.234473,0.132167,8,8,8,5,8,5.371993,2.073838,0.0,-0.398216,-5.171132,0,8
case_02_Zr_cosine_seed9512,Zr,cosine,9512,15,0.328309,0.043595,0.542112,0.178116,-0.318521,0.043595,-0.104718,-0.468714,-0.069511,0.123304,0.345638,0.098948,8,8,8,6,8,4.895155,1.248827,0.0,-7.91453,-7.433175,0,8
case_02_Zr_cosine_seed9512,Zr,cosine,9512,16,0.30577,0.032975,0.457829,0.203006,-0.34106,0.032975,-0.189001,-0.443824,-0.087448,0.093268,0.335692,0.078076,8,7,6,6,6,4.479878,0.933909,0.0,-8.847909,-7.647833,0,8
case_02_Zr_cosine_seed9512,Zr,cosine,9512,17,0.287275,0.030935,0.383878,0.140602,-0.359555,0.030935,-0.262952,-0.506228,-0.100645,0.087498,0.324892,0.099961,8,7,6,4,6,5.093639,1.06982,0.0,-3.38999,-5.988235,0,8
case_02_Zr_cosine_seed9512,Zr,cosine,9512,18,0.189227,0.027068,0.278824,0.078633,-0.457603,0.027068,-0.368006,-0.568197,-0.188758,0.07656,0.213661,0.408515,8,8,8,4,8,5.149123,0.573603,0.0,-2.093351,-6.80364,0,8
case_02_Zr_cosine_seed9512,Zr,cosine,9512,19,0.279611,0.04964,0.451478,0.088855,-0.367219,0.04964,-0.195352,-0.557975,-0.093456,0.140404,0.341059,0.116296,8,8,8,5,8,5.376401,2.376162,0.0,-4.495707,-7.005067,0,8
case_02_Zr_cosine_seed9512,Zr,cosine,9512,20,0.188131,0.023263,0.344831,0.118941,-0.458699,0.023263,-0.301999,-0.527889,-0.175689,0.065799,0.26902,0.065774,8,8,8,7,8,5.093851,1.246885,0.0,-2.755621,-5.716799,0,8
case_02_Zr_cosine_seed9512,Zr,cosine,9512,21,0.270234,0.053099,0.565889,0.12121,-0.376596,0.053099,-0.080941,-0.52562,-0.088907,0.150188,0.364854,0.016366,8,8,8,5,8,5.119011,0.953502,0.0,-7.116901,-6.886901,0,8
case_02_Zr_cosine_seed9512,Zr,cosine,9512,22,0.290619,0.039605,0.514661,0.136148,-0.356211,0.039605,-0.132169,-0.510682,-0.065095,0.112021,0.382474,0.119312,8,7,8,4,8,5.295517,1.498275,0.0,-3.923198,-7.133683,0,8
case_02_Zr_cosine_seed9512,Zr,cosine,9512,23,0.196743,0.051099,0.555531,0.076134,-0.450087,0.051099,-0.091299,-0.570696,-0.151023,0.14453,0.27879,0.329743,8,7,6,4,6,5.430038,1.240572,0.0,0.294448,-3.495081,0,8
case_02_Zr_cosine_seed9512,Zr,cosine,9512,24,0.221141,0.032184,0.411603,0.087898,-0.425689,0.032184,-0.235227,-0.558932,-0.120294,0.091029,0.346104,0.018186,8,7,7,5,7,5.014593,1.960504,0.0,-2.328326,-7.828698,0,8
case_02_Zr_cosine_seed9512,Zr,cosine,9512,25,0.290819,0.046963,0.49555,0.102882,-0.356011,0.046963,-0.15128,-0.543948,-0.048085,0.132832,0.423274,0.003537,8,8,8,6,8,4.829244,1.558385,0.0,-9.396246,-6.89328,0,8
case_02_Zr_cosine_seed9512,Zr,cosine,9512,26,0.206073,0.028267,0.349139,0.13236,-0.440757,0.028267,-0.297691,-0.51447,-0.126189,0.079952,0.309023,0.379298,8,8,8,6,8,4.889045,1.065739,0.0,-2.973608,-4.463944,0,8
case_02_Zr_cosine_seed9512,Zr,cosine,9512,27,0.290726,0.045188,0.556917,0.133091,-0.356104,0.045188,-0.089913,-0.513739,-0.039459,0.127811,0.438628,0.00326,8,8,8,5,8,4.786188,1.162421,0.0,-5.152135,-7.203488,0,8
case_02_Zr_cosine_seed9512,Zr,cosine,9512,28,0.275626,0.029285,0.388098,0.128333,-0.371204,0.029285,-0.258732,-0.518497,-0.051832,0.08283,0.4201,0.113284,8,8,8,5,8,5.404314,0.946469,0.0,3.218358,-5.766094,0,8
case_02_Zr_cosine_seed9512,Zr,cosine,9512,29,0.168024,0.023814,0.317223,0.110563,-0.478806,0.023814,-0.329607,-0.536267,-0.151462,0.067356,0.305465,0.28484,8,7,7,6,7,4.881563,0.884558,0.0,-3.843098,-6.51917,0,8
case_02_Zr_cosine_seed9512,Zr,cosine,9512,30,0.250612,0.035496,0.441887,0.106214,-0.396218,0.035496,-0.204943,-0.540616,-0.06543,0.100397,0.418776,0.054407,8,8,5,4,5,5.639323,0.903345,0.0,-2.189236,-6.208796,0,8
case_02_Zr_cosine_seed9512,Zr,cosine,9512,31,0.188732,0.02659,0.343445,0.103587,-0.458098,0.02659,-0.303385,-0.543243,-0.120945,0.075207,0.386151,-0.144916,8,8,7,3,7,5.437573,0.935332,0.0,-1.489969,-6.080049,0,8
case_02_Zr_cosine_seed9512,Zr,cosine,9512,32,0.224006,0.037447,0.415352,0.116501,-0.422824,0.037447,-0.231478,-0.530329,-0.081387,0.105916,0.430277,-0.153355,8,8,8,5,8,5.003057,1.314478,0.0,-5.210773,-8.575325,0,8
case_02_Zr_cosine_seed9512,Zr,cosine,9512,33,0.241495,0.028255,0.365735,0.11104,-0.405335,0.028255,-0.281095,-0.535791,-0.060704,0.079916,0.43917,-0.002121,8,8,7,5,7,4.650623,0.118765,0.0,-5.107176,-7.327775,0,8
case_02_Zr_cosine_seed9512,Zr,cosine,9512,34,0.256624,0.055458,0.530319,0.103142,-0.390206,0.055458,-0.116511,-0.543688,-0.043295,0.15686,0.46092,-0.016751,8,8,7,3,7,4.853527,0.754523,0.0,1.934958,-5.047483,0,8
case_02_Zr_cosine_seed9512,Zr,cosine,9512,35,0.28377,0.034134,0.404971,0.105649,-0.36306,0.034134,-0.24186,-0.541181,-0.015342,0.096545,0.495259,-0.033631,8,8,7,3,7,5.281268,0.833787,0.0,1.004246,-6.24594,0,8
case_02_Zr_cosine_seed9512,Zr,cosine,9512,36,0.239033,0.032285,0.349253,0.078777,-0.407797,0.032285,-0.297577,-0.568053,-0.057075,0.091315,0.415118,0.389718,8,8,8,4,8,5.631689,1.65603,0.0,-5.589559,-6.267781,0,8
case_02_Zr_cosine_seed9512,Zr,cosine,9512,37,0.237957,0.052692,0.477791,0.061362,-0.408873,0.052692,-0.169039,-0.585468,-0.055243,0.149035,0.432337,0.268397,8,6,6,5,6,5.058264,0.880629,0.0,-6.404332,-6.052641,0,8
case_02_Zr_cosine_seed9512,Zr,cosine,9512,38,0.218859,0.020958,0.310235,0.129381,-0.427971,0.020958,-0.336595,-0.517449,-0.070625,0.059278,0.419197,0.275729,8,8,6,4,6,5.358771,0.436432,0.0,8.718882,-5.618976,0,8
case_02_Zr_cosine_seed9512,Zr,cosine,9512,39,0.279345,0.047889,0.513302,0.122547,-0.367485,0.047889,-0.133528,-0.524283,-0.009631,0.135452,0.525153,-0.143264,8,8,8,6,8,4.643368,1.364258,0.0,-4.271479,-6.356979,0,8
case_02_Zr_cosine_seed9512,Zr,cosine,9512,40,0.234983,0.046724,0.506306,0.095564,-0.411847,0.046724,-0.140524,-0.551266,-0.051294,0.132156,0.462139,0.114323,8,6,6,6,6,4.677062,1.359053,0.0,-9.673857,-7.57305,0,8
case_02_Zr_cosine_seed9512,Zr,cosine,9512,41,0.227471,0.050581,0.468569,0.0,-0.419359,0.050581,-0.178261,-0.64683,-0.055865,0.143064,0.436302,0.340727,8,8,7,5,7,5.571404,1.911203,0.0,-2.60796,-7.261463,1,7
case_02_Zr_cosine_seed9512,Zr,cosine,9512,42,0.228358,0.020489,0.336415,0.151736,-0.418472,0.020489,-0.310415,-0.495094,-0.052229,0.057951,0.45563,0.225989,8,8,8,4,8,5.344436,1.406538,0.0,0.110408,-5.835196,0,8
case_02_Zr_cosine_seed9512,Zr,cosine,9512,43,0.271952,0.032823,0.37491,0.087327,-0.374878,0.032823,-0.27192,-0.559503,-0.008204,0.092838,0.526605,-0.038086,8,7,7,6,7,4.880894,1.564236,0.0,-9.036322,-7.186121,0,8
case_02_Zr_cosine_seed9512,Zr,cosine,9512,44,0.234137,0.037175,0.441278,0.11622,-0.412694,0.037175,-0.205553,-0.53061,-0.043718,0.105146,0.480147,0.092143,8,8,8,5,8,5.146735,0.604599,0.0,-4.363612,-8.095821,0,8
case_02_Zr_cosine_seed9512,Zr,cosine,9512,45,0.238763,0.058686,0.565647,0.082481,-0.408067,0.058686,-0.081183,-0.564349,-0.037137,0.16599,0.473673,0.249927,8,8,7,4,7,5.353575,0.935483,0.0,-5.494655,-7.21742,0,8
case_02_Zr_cosine_seed9512,Zr,cosine,9512,46,0.268632,0.035217,0.441678,0.080347,-0.378198,0.035217,-0.205152,-0.566483,-0.006905,0.099608,0.500071,0.31119,8,8,8,5,8,5.410795,1.893602,0.0,-0.509559,-7.26202,0,8
case_02_Zr_cosine_seed9512,Zr,cosine,9512,47,0.177514,0.019917,0.258871,0.100068,-0.469316,0.019917,-0.387959,-0.546762,-0.093122,0.056334,0.450413,-0.030076,8,7,7,4,7,4.661142,1.510256,0.0,-3.984703,-7.139662,0,8
case_02_Zr_cosine_seed9512,Zr,cosine,9512,48,0.153985,0.034038,0.345758,0.0,-0.492845,0.034038,-0.301072,-0.64683,-0.110818,0.096273,0.395706,0.364643,8,8,8,6,8,5.3943,1.367777,0.0,-2.529034,-4.308672,1,8
case_02_Zr_cosine_seed9512,Zr,cosine,9512,49,0.218327,0.040754,0.492756,0.107023,-0.428503,0.040754,-0.154074,-0.539807,-0.044153,0.11527,0.451345,0.497928,8,7,7,5,7,5.08955,1.329115,0.0,-2.220252,-7.727954,0,8
case_02_Zr_cosine_seed9512,Zr,cosine,9512,50,0.243588,0.030433,0.391452,0.094797,-0.403242,0.030433,-0.255378,-0.552033,-0.017947,0.086077,0.508042,0.214535,8,8,7,4,7,5.370768,2.237086,0.0,-0.799371,-6.543562,0,8
case_02_Zr_cosine_seed9512,Zr,cosine,9512,51,0.292539,0.051164,0.572746,0.093779,-0.354292,0.051164,-0.074084,-0.553051,0.029453,0.144714,0.59464,-0.164842,8,7,7,5,7,5.075543,0.93066,0.0,-4.408094,-7.422858,0,8
case_02_Zr_cosine_seed9512,Zr,cosine,9512,52,0.2198,0.024262,0.386615,0.153931,-0.42703,0.024262,-0.260215,-0.492899,-0.04112,0.068624,0.451781,0.584246,8,7,6,4,6,4.825572,1.008595,0.0,-0.448176,-6.49836,0,8
case_02_Zr_cosine_seed9512,Zr,cosine,9512,53,0.239758,0.027088,0.345571,0.115244,-0.407072,0.027088,-0.301259,-0.531586,-0.020105,0.076618,0.337893,1.952026,8,8,6,4,6,5.588599,0.981513,0.0,-4.192255,-6.892794,0,8
case_02_Zr_cosine_seed9512,Zr,cosine,9512,54,0.235828,0.036101,0.409262,0.083772,-0.411002,0.036101,-0.237568,-0.563058,-0.022833,0.10211,0.499012,0.322208,8,7,7,5,7,3.952515,0.836652,0.0,-7.116982,-7.815759,0,8
case_02_Zr_cosine_seed9512,Zr,cosine,9512,55,0.23699,0.036138,0.447472,0.095313,-0.40984,0.036138,-0.199358,-0.551517,-0.020588,0.102214,0.550755,-0.154606,8,8,7,4,7,4.802679,0.592424,0.0,-5.891772,-8.256668,0,8
case_02_Zr_cosine_seed9512,Zr,cosine,9512,56,0.230003,0.020902,0.355772,0.171957,-0.416827,0.020902,-0.291058,-0.474873,-0.026195,0.059121,0.50351,0.274918,8,7,6,4,6,4.707757,0.329079,0.0,-3.537508,-6.310273,0,8
case_02_Zr_cosine_seed9512,Zr,cosine,9512,57,0.34688,0.05648,0.657576,0.158842,-0.310696,0.05648,0.0,-0.498735,0.075938,0.15975,0.618882,0.154748,8,8,7,5,7,5.036139,1.246814,0.0,1.107899,-6.570356,0,8
case_02_Zr_cosine_seed9512,Zr,cosine,9512,58,0.23571,0.039959,0.362678,0.081899,-0.421866,0.039959,-0.294898,-0.575678,-0.03347,0.113022,0.489005,0.375725,8,8,8,5,8,4.689601,1.144834,0.0,-7.231205,-7.148103,0,8
case_02_Zr_cosine_seed9512,Zr,cosine,9512,59,0.208725,0.036192,0.342883,0.089191,-0.448851,0.036192,-0.314693,-0.568385,-0.057432,0.102365,0.485361,0.188501,8,8,8,6,8,5.329882,1.417008,0.0,-6.970052,-7.874641,0,8
case_02_Zr_cosine_seed9512,Zr,cosine,9512,60,0.223384,0.029453,0.376247,0.127139,-0.434192,0.029453,-0.28133,-0.530437,-0.040635,0.083306,0.480741,0.41994,8,8,8,6,8,5.622099,1.887097,0.0,-3.518018,-5.067941,0,8
case_02_Zr_cosine_seed9512,Zr,cosine,9512,61,0.189184,0.020707,0.297047,0.115813,-0.468392,0.020707,-0.360529,-0.541763,-0.071093,0.058569,0.440533,0.520299,8,8,8,5,8,4.884714,0.94397,0.0,-3.932745,-6.564939,0,8
case_02_Zr_cosine_seed9512,Zr,cosine,9512,62,0.246533,0.052945,0.613367,0.081241,-0.411043,0.052945,-0.04421,-0.576336,-0.013056,0.149751,0.536728,0.146258,8,7,7,4,7,4.736546,1.330149,0.0,-5.406659,-7.44511,0,8
case_02_Zr_cosine_seed9512,Zr,cosine,9512,63,0.237376,0.019216,0.328202,0.175522,-0.4202,0.019216,-0.329374,-0.482055,-0.021103,0.054351,0.516701,0.275597,8,8,7,4,7,5.580339,0.876656,0.0,-2.306838,-6.275205,0,8
case_02_Zr_cosine_seed9512,Zr,cosine,9512,64,0.272019,0.043978,0.543657,0.109859,-0.385557,0.043978,-0.113919,-0.547717,0.012863,0.124389,0.585808,-0.065814,8,8,8,5,8,4.77508,1.215554,0.0,-3.953081,-6.671096,0,8
case_02_Zr_cosine_seed9512,Zr,cosine,9512,65,0.232249,0.036092,0.379581,0.081531,-0.425327,0.036092,-0.277995,-0.576045,-0.025562,0.102084,0.515503,0.263581,8,8,8,5,8,4.848397,0.498062,0.0,2.570164,-6.290558,0,8
case_02_Zr_cosine_seed9512,Zr,cosine,9512,66,0.317356,0.053631,0.529394,0.106622,-0.34022,0.053631,-0.128182,-0.550955,0.056568,0.151691,0.632506,-0.071869,8,7,7,5,7,5.122135,1.237471,0.0,-1.704401,-5.384743,0,8
case_02_Zr_cosine_seed9512,Zr,cosine,9512,67,0.211063,0.013826,0.256387,0.145027,-0.446513,0.013826,-0.40119,-0.51255,-0.047239,0.039107,0.543152,-0.205937,8,7,7,4,7,4.792296,1.235267,0.0,-2.65451,-6.571818,0,8
case_02_Zr_cosine_seed9512,Zr,cosine,9512,68,0.244171,0.050405,0.602533,0.123861,-0.413405,0.050405,-0.055043,-0.533716,-0.013424,0.142566,0.535049,0.219336,8,8,7,5,7,5.366782,0.678169,0.0,5.08774,-5.400716,0,8
case_02_Zr_cosine_seed9512,Zr,cosine,9512,69,0.27255,0.043478,0.531,0.110231,-0.385026,0.043478,-0.126577,-0.547346,0.014207,0.122973,0.572739,0.133302,8,8,6,4,6,5.221887,0.99164,0.0,-4.80422,-7.014048,0,8
case_02_Zr_cosine_seed9512,Zr,cosine,9512,70,0.251825,0.030379,0.363194,0.083412,-0.405752,0.030379,-0.294383,-0.574164,-0.006193,0.085924,0.545563,0.209467,8,8,7,5,7,5.340678,1.333041,0.0,0.418114,-7.081143,0,8
case_02_Zr_cosine_seed9512,Zr,cosine,9512,71,0.243031,0.059923,0.611799,0.105506,-0.414545,0.059923,-0.045777,-0.55207,-0.014237,0.169489,0.554771,0.043256,8,7,7,6,7,5.326362,1.433446,0.0,-4.955325,-8.519871,0,8
case_02_Zr_cosine_seed9512,Zr,cosine,9512,72,0.249376,0.045904,0.506292,0.088769,-0.4082,0.045904,-0.151284,-0.568807,-0.007497,0.129837,0.544211,0.227729,8,8,8,4,8,4.89777,0.825424,0.0,-6.626351,-7.663617,0,8
case_02_Zr_cosine_seed9512,Zr,cosine,9512,73,0.243775,0.04852,0.57539,0.126345,-0.413802,0.04852,-0.082186,-0.531232,-0.012444,0.137235,0.549327,0.131908,8,8,7,5,7,5.332898,1.960737,0.0,-5.587424,-7.251271,0,8
case_02_Zr_cosine_seed9512,Zr,cosine,9512,74,0.262345,0.058801,0.599687,0.094608,-0.395232,0.058801,-0.05789,-0.562968,0.00582,0.166314,0.562128,0.198341,8,8,8,5,8,5.326472,1.010911,0.0,1.636153,-7.502681,0,8
case_02_Zr_cosine_seed9512,Zr,cosine,9512,75,0.242638,0.047366,0.509467,0.10677,-0.414938,0.047366,-0.148109,-0.550807,-0.013192,0.133971,0.558783,0.044649,8,8,6,5,6,4.82869,0.515372,0.0,-4.217484,-5.258548,0,8
case_02_Zr_cosine_seed9512,Zr,cosine,9512,76,0.192324,0.035774,0.379901,0.099416,-0.465252,0.035774,-0.277676,-0.55816,-0.060331,0.101185,0.533437,-0.159576,8,8,6,4,6,4.774948,1.191429,0.0,-0.207678,-5.667984,0,8
case_02_Zr_cosine_seed9512,Zr,cosine,9512,77,0.300873,0.058972,0.589681,0.114207,-0.356703,0.058972,-0.067895,-0.543369,0.045807,0.166797,0.632373,-0.086174,8,8,6,5,6,5.056687,0.737618,0.0,-3.687639,-6.778867,0,8
case_02_Zr_cosine_seed9512,Zr,cosine,9512,78,0.261832,0.043745,0.555929,0.110069,-0.395745,0.043745,-0.101647,-0.547507,0.006428,0.123728,0.563907,0.209039,8,8,8,6,8,4.518615,0.935912,0.0,-5.156689,-6.580992,0,8
case_02_Zr_cosine_seed9512,Zr,cosine,9512,79,0.265477,0.015619,0.339236,0.195999,-0.392099,0.015619,-0.31834,-0.461577,0.009569,0.044179,0.511728,0.774065,8,8,7,4,7,5.407674,1.705524,0.0,-0.816046,-6.231626,0,8
case_02_Zr_cosine_seed9512,Zr,cosine,9512,80,0.220693,0.031681,0.373605,0.102512,-0.436884,0.031681,-0.283971,-0.555065,-0.033454,0.089609,0.510371,0.366973,8,8,8,4,8,4.807814,1.125087,0.0,-3.482888,-6.970337,0,8
case_02_Zr_cosine_seed9512,Zr,cosine,9512,81,0.211745,0.037117,0.418519,0.077701,-0.445831,0.037117,-0.239057,-0.579876,-0.040282,0.104982,0.491641,0.480255,8,8,7,5,7,5.626528,2.007154,0.0,-0.829741,-4.685384,0,8
case_02_Zr_cosine_seed9512,Zr,cosine,9512,82,0.310863,0.050511,0.594611,0.137784,-0.346714,0.050511,-0.062966,-0.519792,0.055894,0.142868,0.604219,0.318877,8,8,8,5,8,5.394744,2.29509,0.0,-3.796494,-6.457124,0,8
case_02_Zr_cosine_seed9512,Zr,cosine,9512,83,0.208991,0.052136,0.589082,0.104434,-0.448585,0.052136,-0.068495,-0.553142,-0.043679,0.147462,0.484061,0.532563,8,8,8,5,8,5.846395,1.812092,0.0,-3.812145,-6.575416,0,8
case_02_Zr_cosine_seed9512,Zr,cosine,9512,84,0.292517,0.054563,0.572383,0.110087,-0.36506,0.054563,-0.085193,-0.54749,0.037854,0.154329,0.606769,0.123149,8,8,8,6,8,4.582087,0.642517,0.0,-6.53513,-7.563546,0,8
case_02_Zr_cosine_seed9512,Zr,cosine,9512,85,0.24824,0.023187,0.352754,0.138633,-0.409336,0.023187,-0.304823,-0.518943,-0.006101,0.065584,0.555944,0.214503,8,8,8,5,8,5.033111,0.860407,0.0,-5.909054,-7.152558,0,8
case_02_Zr_cosine_seed9512,Zr,cosine,9512,86,0.251915,0.025819,0.36424,0.133626,-0.405661,0.025819,-0.293337,-0.52395,-0.002304,0.073028,0.579263,0.006245,8,8,8,4,8,5.312974,1.064098,0.0,1.28441,-6.226171,0,8
case_02_Zr_cosine_seed9512,Zr,cosine,9512,87,0.207438,0.024007,0.309348,0.090761,-0.450138,0.024007,-0.348228,-0.566816,-0.044442,0.067903,0.471296,0.719759,8,8,8,6,8,5.278139,1.314073,0.0,-6.776929,-7.810331,0,8
case_02_Zr_cosine_seed9512,Zr,cosine,9512,88,0.192055,0.025304,0.328927,0.103203,-0.465522,0.025304,-0.328649,-0.554374,-0.056835,0.071571,0.507927,0.186977,8,8,8,5,8,4.823004,1.159456,0.0,1.262667,-6.126239,0,8
case_02_Zr_cosine_seed9512,Zr,cosine,9512,89,0.194156,0.030078,0.333105,0.081309,-0.46342,0.030078,-0.324471,-0.576267,-0.051996,0.085074,0.514405,0.178993,8,8,6,3,6,5.618542,1.18465,0.0,-0.579513,-4.262629,0,8
case_02_Zr_cosine_seed9512,Zr,cosine,9512,90,0.251087,0.045571,0.518953,0.118793,-0.40649,0.045571,-0.138623,-0.538784,0.004687,0.128895,0.502216,0.871082,8,8,6,4,6,5.324109,1.956481,0.0,-1.994771,-5.857811,0,8
case_02_Zr_cosine_seed9512,Zr,cosine,9512,91,0.301478,0.036425,0.508212,0.152155,-0.356098,0.036425,-0.149364,-0.505421,0.052325,0.103025,0.600639,0.367141,8,8,8,5,8,4.82894,1.048146,0.0,-2.841706,-7.69882,0,8
case_02_Zr_cosine_seed9512,Zr,cosine,9512,92,0.285045,0.022054,0.428268,0.224458,-0.372531,0.022054,-0.229308,-0.433119,0.034097,0.062378,0.582526,0.365931,8,8,7,5,7,5.084631,0.182139,0.0,-4.894145,-5.44945,0,8
case_02_Zr_cosine_seed9512,Zr,cosine,9512,93,0.170867,0.028556,0.334099,0.09491,-0.486709,0.028556,-0.323477,-0.562666,-0.076077,0.080769,0.508588,0.009816,8,8,6,5,6,5.376647,1.000798,0.0,-1.901262,-4.826902,0,8
case_02_Zr_cosine_seed9512,Zr,cosine,9512,94,0.270804,0.034426,0.462695,0.121262,-0.386772,0.034426,-0.194881,-0.536314,0.022667,0.097372,0.606432,0.02277,8,8,7,4,7,5.424075,0.970645,0.0,-4.431319,-7.362373,0,8
case_02_Zr_cosine_seed9512,Zr,cosine,9512,95,0.246018,0.059121,0.549709,0.099128,-0.411558,0.059121,-0.107867,-0.558448,-0.002013,0.16722,0.553038,0.306,8,7,6,4,6,5.1105,0.818586,0.0,-5.371548,-6.485212,0,8
case_02_Zr_cosine_seed9512,Zr,cosine,9512,96,0.245818,0.04787,0.58006,0.130678,-0.411759,0.04787,-0.077516,-0.526898,-0.002103,0.135397,0.58031,0.045625,8,8,8,4,8,4.338348,0.594986,0.0,-5.013385,-6.579381,0,8
case_02_Zr_cosine_seed9512,Zr,cosine,9512,97,0.255892,0.045418,0.523465,0.104964,-0.401685,0.045418,-0.134111,-0.552612,0.007573,0.128461,0.541632,0.52075,8,8,8,6,8,5.602162,2.740977,0.0,-2.648171,-5.362326,0,8
case_02_Zr_cosine_seed9512,Zr,cosine,9512,98,0.213882,0.022543,0.315251,0.107338,-0.443695,0.022543,-0.342325,-0.550238,-0.032716,0.063762,0.511157,0.431937,8,8,8,4,8,5.396669,0.715679,0.0,-1.643707,-6.546791,0,8
case_02_Zr_cosine_seed9512,Zr,cosine,9512,99,0.190611,0.043602,0.401985,0.0,-0.466965,0.043602,-0.255591,-0.657576,-0.053187,0.123326,0.534436,0.002476,8,7,7,6,7,4.586934,0.649727,0.0,-8.522428,-6.345166,1,7
case_02_Zr_cosine_seed9512,Zr,cosine,9512,100,0.283807,0.05004,0.547033,0.099953,-0.373769,0.05004,-0.110543,-0.557623,0.038009,0.141533,0.465419,1.543671,8,8,7,5,7,5.579655,1.86977,0.0,-1.602235,-3.947582,0,8
case_02_Zr_peak_seed9512,Zr,peak,9512,1,0.41682,0.013611,0.471661,0.367821,-0.054841,0.013611,0.0,-0.10384,0.0,0.038497,0.289915,0.0,8,7,7,4,7,4.867876,0.958619,0.0,-0.446799,-4.984719,0,8
case_02_Zr_peak_seed9512,Zr,peak,9512,2,0.425469,0.02516,0.540686,0.333454,-0.115218,0.02516,0.0,-0.207232,-0.057358,0.071162,0.253839,0.016704,8,8,8,6,8,5.108423,0.770694,0.0,-4.654456,-7.298629,0,8
case_02_Zr_peak_seed9512,Zr,peak,9512,3,0.399297,0.014318,0.465058,0.342538,-0.141389,0.014318,-0.075628,-0.198148,-0.079353,0.040499,0.246174,0.051846,8,8,8,4,8,5.116452,1.02197,0.0,-2.894189,-4.988341,0,8
case_02_Zr_peak_seed9512,Zr,peak,9512,4,0.397044,0.012651,0.441858,0.353662,-0.143642,0.012651,-0.098828,-0.187024,-0.077525,0.035784,0.268114,0.009697,8,8,7,4,7,4.835899,0.709155,0.0,-2.756183,-6.155581,0,8
case_02_Zr_peak_seed9512,Zr,peak,9512,5,0.399797,0.020102,0.517204,0.314938,-0.140889,0.020102,-0.023482,-0.225748,-0.071034,0.056857,0.278473,0.090511,8,8,8,6,8,5.049025,1.849727,0.0,-5.840439,-7.41816,0,8
case_02_Zr_peak_seed9512,Zr,peak,9512,6,0.442399,0.012286,0.511259,0.398743,-0.098287,0.012286,-0.029428,-0.141943,-0.02701,0.03475,0.350883,-0.087647,8,8,7,5,7,5.581323,1.552165,0.0,0.65147,-6.44231,0,8
case_02_Zr_peak_seed9512,Zr,peak,9512,7,0.468755,0.045916,0.794,0.36791,-0.325244,0.045916,0.0,-0.42609,-0.241269,0.12987,0.137895,-0.012952,8,8,8,4,8,5.07298,0.875658,0.0,-2.453141,-5.885977,0,8
case_02_Zr_peak_seed9512,Zr,peak,9512,8,0.397332,0.013923,0.469162,0.361177,-0.396668,0.013923,-0.324838,-0.432822,-0.297058,0.039379,0.075311,0.130664,8,8,8,4,8,5.314679,1.315998,0.0,-2.095448,-5.387283,0,8
case_02_Zr_peak_seed9512,Zr,peak,9512,9,0.416748,0.026782,0.576486,0.319691,-0.377252,0.026782,-0.217514,-0.474309,-0.26376,0.075752,0.1131,0.150067,8,8,6,4,6,5.102534,0.563913,0.0,-3.901024,-7.480423,0,8
case_02_Zr_peak_seed9512,Zr,peak,9512,10,0.437629,0.024739,0.590133,0.367857,-0.356371,0.024739,-0.203867,-0.426143,-0.230735,0.069972,0.167969,0.003497,8,8,5,3,5,4.755176,0.502007,0.0,-6.918467,-8.60128,0,8
case_02_Zr_peak_seed9512,Zr,peak,9512,11,0.361351,0.010492,0.40712,0.310412,-0.432649,0.010492,-0.386879,-0.483588,-0.291662,0.029676,0.110946,0.03008,8,8,8,5,8,5.044921,1.673406,0.0,0.810746,-6.376509,0,8
case_02_Zr_peak_seed9512,Zr,peak,9512,12,0.400624,0.0198,0.466411,0.287964,-0.393376,0.0198,-0.327588,-0.506036,-0.23977,0.056003,0.170798,0.002495,8,8,7,5,7,4.850244,0.518521,0.0,-4.932333,-5.929841,0,8
case_02_Zr_peak_seed9512,Zr,peak,9512,13,0.497127,0.029926,0.585248,0.294836,-0.296873,0.029926,-0.208752,-0.499164,-0.136103,0.084644,0.114398,1.655945,8,7,8,5,8,4.172268,0.29559,0.0,-6.278923,-6.401643,0,8
case_02_Zr_peak_seed9512,Zr,peak,9512,14,0.421102,0.019832,0.54495,0.353255,-0.372897,0.019832,-0.249049,-0.440744,-0.201522,0.056094,0.202286,0.175924,8,8,8,5,8,5.371986,2.068187,0.0,-0.39775,-5.169054,0,8
case_02_Zr_peak_seed9512,Zr,peak,9512,15,0.420895,0.023703,0.514935,0.334455,-0.373105,0.023703,-0.279064,-0.459544,-0.191642,0.067043,0.211201,0.230075,8,8,8,6,8,4.895152,1.24705,0.0,-7.922017,-7.4417,0,8
case_02_Zr_peak_seed9512,Zr,peak,9512,16,0.44014,0.020447,0.520204,0.35973,-0.35386,0.020447,-0.273796,-0.43427,-0.163778,0.057833,0.255463,0.113095,8,7,6,6,6,4.479861,0.935663,0.0,-8.845014,-7.644108,0,8
case_02_Zr_peak_seed9512,Zr,peak,9512,17,0.400286,0.011941,0.46435,0.367882,-0.393714,0.011941,-0.329649,-0.426117,-0.19345,0.033774,0.227621,0.143126,8,7,6,4,6,5.093644,1.074329,0.0,-3.389856,-5.982844,0,8
case_02_Zr_peak_seed9512,Zr,peak,9512,18,0.451518,0.035567,0.69896,0.371766,-0.342481,0.035567,-0.09504,-0.422234,-0.135107,0.1006,0.276951,0.281006,8,8,8,4,8,5.149104,0.575997,0.0,-2.08744,-6.805799,0,8
case_02_Zr_peak_seed9512,Zr,peak,9512,19,0.403863,0.025724,0.537605,0.329256,-0.390136,0.025724,-0.256395,-0.464744,-0.173624,0.072758,0.265195,0.058604,8,8,8,5,8,5.376396,2.373819,0.0,-5.353185,-6.946124,0,8
case_02_Zr_peak_seed9512,Zr,peak,9512,20,0.415122,0.021615,0.522831,0.341834,-0.378878,0.021615,-0.271168,-0.452166,-0.154247,0.061135,0.29148,0.037424,8,8,8,7,8,5.09385,1.247611,0.0,-2.728427,-5.721408,0,8
case_02_Zr_peak_seed9512,Zr,peak,9512,21,0.393746,0.017223,0.509044,0.338693,-0.400254,0.017223,-0.284955,-0.455306,-0.166842,0.048715,0.275489,0.11377,8,8,8,5,8,5.119011,0.952539,0.0,-7.115878,-6.875833,0,8
case_02_Zr_peak_seed9512,Zr,peak,9512,22,0.401519,0.023458,0.545159,0.324922,-0.39248,0.023458,-0.24884,-0.469078,-0.151115,0.066349,0.298998,0.078553,8,7,8,4,8,5.295548,1.500024,0.0,-3.925974,-7.13483,0,8
case_02_Zr_peak_seed9512,Zr,peak,9512,23,0.408352,0.012486,0.464458,0.358445,-0.385648,0.012486,-0.329541,-0.435555,-0.137068,0.035316,0.299629,0.247365,8,7,6,4,6,5.430008,1.242697,0.0,0.27549,-3.508894,0,8
case_02_Zr_peak_seed9512,Zr,peak,9512,24,0.443415,0.025947,0.591768,0.325658,-0.350585,0.025947,-0.202232,-0.468341,-0.096905,0.073389,0.366189,0.017109,8,7,7,5,7,5.014565,1.956779,0.0,-2.329052,-7.833817,0,8
case_02_Zr_peak_seed9512,Zr,peak,9512,25,0.383102,0.014162,0.4531,0.3389,-0.410898,0.014162,-0.340899,-0.4551,-0.149357,0.040057,0.315135,0.039667,8,8,8,6,8,4.829255,1.557259,0.0,-9.440374,-6.89991,0,8
case_02_Zr_peak_seed9512,Zr,peak,9512,26,0.433241,0.021498,0.511136,0.367815,-0.360759,0.021498,-0.282863,-0.426185,-0.094257,0.060804,0.34909,0.286987,8,8,8,7,8,4.88903,0.883348,0.0,-2.804624,-4.527817,0,8
case_02_Zr_peak_seed9512,Zr,peak,9512,27,0.402896,0.016598,0.487262,0.357809,-0.391104,0.016598,-0.306738,-0.436191,-0.118372,0.046945,0.344098,0.131879,8,8,8,5,8,4.786218,1.120206,0.0,-5.126471,-7.199406,0,8
case_02_Zr_peak_seed9512,Zr,peak,9512,28,0.445343,0.027867,0.543249,0.326907,-0.348657,0.027867,-0.250751,-0.467093,-0.072129,0.078819,0.395955,0.105988,8,8,8,5,8,5.404325,0.94934,0.0,3.20622,-5.76766,0,8
case_02_Zr_peak_seed9512,Zr,peak,9512,29,0.404509,0.029162,0.551441,0.2843,-0.389491,0.029162,-0.242559,-0.5097,-0.107315,0.082482,0.34984,0.244837,8,7,7,6,7,4.881563,0.877841,0.0,-3.830594,-6.518179,0,8
case_02_Zr_peak_seed9512,Zr,peak,9512,30,0.451795,0.015778,0.529439,0.401226,-0.342205,0.015778,-0.264561,-0.392773,-0.057027,0.044626,0.423331,0.044113,8,8,5,4,5,5.639287,0.9025,0.0,-2.189368,-6.212617,0,8
case_02_Zr_peak_seed9512,Zr,peak,9512,31,0.401888,0.018058,0.475842,0.311659,-0.392111,0.018058,-0.318158,-0.48234,-0.101587,0.051077,0.390562,-0.042598,8,8,7,3,7,5.437554,0.93149,0.0,-1.48749,-6.045702,0,8
case_02_Zr_peak_seed9512,Zr,peak,9512,32,0.402808,0.023957,0.520587,0.288197,-0.391192,0.023957,-0.273413,-0.505802,-0.095634,0.06776,0.415977,-0.206032,8,8,8,5,8,5.003092,1.317985,0.0,-5.202734,-8.57624,0,8
case_02_Zr_peak_seed9512,Zr,peak,9512,33,0.428695,0.014343,0.491888,0.362995,-0.365305,0.014343,-0.302112,-0.431004,-0.06626,0.040567,0.421195,0.073836,8,8,8,6,8,4.650637,0.188137,0.0,-5.225041,-7.294208,0,8
case_02_Zr_peak_seed9512,Zr,peak,9512,34,0.411061,0.016011,0.506542,0.3678,-0.382939,0.016011,-0.287458,-0.4262,-0.079699,0.045286,0.429335,-0.105318,8,8,7,3,7,4.853534,0.762441,0.0,1.972286,-5.054418,0,8
case_02_Zr_peak_seed9512,Zr,peak,9512,35,0.442407,0.014222,0.487914,0.367874,-0.351592,0.014222,-0.306085,-0.426126,-0.045935,0.040226,0.459285,-0.033093,8,8,7,3,7,5.281251,0.840688,0.0,1.015738,-6.246703,0,8
case_02_Zr_peak_seed9512,Zr,peak,9512,36,0.426236,0.017317,0.526641,0.365251,-0.367764,0.017317,-0.267359,-0.428749,-0.059001,0.04898,0.40024,0.466819,8,8,8,4,8,5.631655,1.657472,0.0,-5.584135,-6.26034,0,8
case_02_Zr_peak_seed9512,Zr,peak,9512,37,0.407083,0.01256,0.45928,0.339347,-0.386917,0.01256,-0.334719,-0.454653,-0.074246,0.035526,0.402568,0.325291,8,6,6,5,6,5.058276,0.877753,0.0,-6.567672,-6.057752,0,8
case_02_Zr_peak_seed9512,Zr,peak,9512,38,0.426632,0.01826,0.498583,0.347541,-0.367368,0.01826,-0.295416,-0.446458,-0.051963,0.051646,0.439751,0.209623,8,8,6,4,6,5.358712,0.444665,0.0,8.759162,-5.622239,0,8
case_02_Zr_peak_seed9512,Zr,peak,9512,39,0.423476,0.017267,0.516776,0.37095,-0.370524,0.017267,-0.277224,-0.42305,-0.052363,0.048838,0.475238,-0.117595,8,8,8,6,8,4.643453,1.376454,0.0,-4.350446,-6.346165,0,8
case_02_Zr_peak_seed9512,Zr,peak,9512,40,0.412793,0.010848,0.445944,0.361619,-0.381206,0.010848,-0.348055,-0.43238,-0.059893,0.030683,0.450579,0.083575,8,6,6,6,6,4.677121,1.338554,0.0,-9.631016,-7.587401,0,8
case_02_Zr_peak_seed9512,Zr,peak,9512,41,0.370108,0.055991,0.58879,0.0,-0.423892,0.055991,-0.205209,-0.794,-0.097449,0.158367,0.392111,0.321821,8,8,7,5,7,5.571359,1.898551,0.0,-2.607494,-7.272076,1,7
case_02_Zr_peak_seed9512,Zr,peak,9512,42,0.452246,0.022509,0.54473,0.362061,-0.341754,0.022509,-0.24927,-0.431939,-0.014546,0.063666,0.505002,0.050466,8,8,8,4,8,5.344405,1.416579,0.0,0.094535,-5.835174,0,8
case_02_Zr_peak_seed9512,Zr,peak,9512,43,0.436244,0.029954,0.531853,0.311072,-0.357756,0.029954,-0.262146,-0.482927,-0.029021,0.084724,0.499385,-0.01324,8,7,7,6,7,4.880922,1.573957,0.0,-9.07628,-7.187959,0,8
case_02_Zr_peak_seed9512,Zr,peak,9512,44,0.468371,0.055006,0.847208,0.324397,-0.378836,0.055006,0.0,-0.522811,-0.047596,0.155581,0.470738,0.110903,8,8,8,5,8,5.1467,0.594211,0.0,-4.334784,-8.091154,0,8
case_02_Zr_peak_seed9512,Zr,peak,9512,45,0.416944,0.029351,0.596773,0.282707,-0.430264,0.029351,-0.250435,-0.564501,-0.094072,0.083016,0.401042,0.371489,8,8,7,4,7,5.353529,0.935199,0.0,-5.627672,-7.211858,0,8
case_02_Zr_peak_seed9512,Zr,peak,9512,46,0.43194,0.027931,0.592916,0.34548,-0.415268,0.027931,-0.254292,-0.501727,-0.075123,0.079002,0.427645,0.316609,8,8,8,5,8,5.41071,1.898107,0.0,-0.331614,-7.259398,0,8
case_02_Zr_peak_seed9512,Zr,peak,9512,47,0.412901,0.011105,0.450642,0.367822,-0.434307,0.011105,-0.396566,-0.479386,-0.089453,0.031409,0.446791,0.003672,8,7,7,4,7,4.661155,1.511677,0.0,-3.984451,-7.137297,0,8
case_02_Zr_peak_seed9512,Zr,peak,9512,48,0.426121,0.070356,0.766349,0.0,-0.421087,0.070356,-0.080859,-0.847208,-0.072422,0.198998,0.432085,0.345922,8,8,8,6,8,5.394208,1.356628,0.0,-2.513542,-4.311746,1,8
case_02_Zr_peak_seed9512,Zr,peak,9512,49,0.392389,0.029645,0.52204,0.240658,-0.454819,0.029645,-0.325168,-0.60655,-0.100846,0.083848,0.395312,0.447741,8,7,7,5,7,5.089578,1.328978,0.0,-2.241386,-7.733389,0,8
case_02_Zr_peak_seed9512,Zr,peak,9512,50,0.445803,0.02553,0.599247,0.339808,-0.401405,0.02553,-0.247961,-0.507399,-0.04506,0.072209,0.499008,-0.011154,8,8,7,4,7,5.370711,2.250212,0.0,-0.780922,-6.527383,0,8
case_02_Zr_peak_seed9512,Zr,peak,9512,51,0.409822,0.016406,0.482717,0.333027,-0.437386,0.016406,-0.364491,-0.514181,-0.076989,0.046403,0.492136,-0.241816,8,7,8,4,8,5.075576,1.001147,0.0,-3.681718,-7.486236,0,8
case_02_Zr_peak_seed9512,Zr,peak,9512,52,0.438932,0.024043,0.550681,0.363521,-0.408275,0.024043,-0.296527,-0.483687,-0.045485,0.068005,0.430344,0.70943,8,7,6,4,6,4.825607,1.011011,0.0,-0.396034,-6.498104,0,8
case_02_Zr_peak_seed9512,Zr,peak,9512,53,0.417822,0.010171,0.462263,0.367881,-0.429386,0.010171,-0.384945,-0.479326,-0.063266,0.028769,0.254009,2.312375,8,8,6,4,6,5.588514,0.979605,0.0,-3.936091,-6.846531,0,8
case_02_Zr_peak_seed9512,Zr,peak,9512,54,0.406455,0.024138,0.547067,0.323483,-0.440753,0.024138,-0.30014,-0.523725,-0.070901,0.068272,0.449825,0.291139,8,7,7,5,7,3.952656,0.588581,0.0,-7.117725,-7.813638,0,8
case_02_Zr_peak_seed9512,Zr,peak,9512,55,0.466666,0.03377,0.689038,0.359756,-0.380542,0.03377,-0.15817,-0.487452,-0.010155,0.095515,0.558897,-0.177343,8,8,7,4,7,4.802703,0.586523,0.0,-5.918495,-8.253273,0,8
case_02_Zr_peak_seed9512,Zr,peak,9512,56,0.410994,0.017379,0.474167,0.331012,-0.436214,0.017379,-0.373041,-0.516196,-0.062536,0.049154,0.459904,0.303032,8,7,6,4,6,4.707843,0.338276,0.0,-3.576435,-6.319928,0,8
case_02_Zr_peak_seed9512,Zr,peak,9512,57,0.412158,0.0188,0.494008,0.318382,-0.43505,0.0188,-0.3532,-0.528826,-0.058304,0.053174,0.441488,0.543002,8,8,8,5,8,5.036234,1.484628,0.0,-0.005028,-6.600391,0,8
case_02_Zr_peak_seed9512,Zr,peak,9512,58,0.433464,0.028842,0.598221,0.340287,-0.413744,0.028842,-0.248986,-0.506921,-0.035148,0.081579,0.460277,0.600052,8,8,8,5,8,4.689598,1.145656,0.0,-7.236852,-7.151142,0,8
case_02_Zr_peak_seed9512,Zr,peak,9512,59,0.399918,0.014147,0.445819,0.322668,-0.44729,0.014147,-0.401388,-0.52454,-0.065259,0.040014,0.464088,0.269558,8,8,8,6,8,5.329857,1.64732,0.0,-7.053063,-7.915359,0,8
case_02_Zr_peak_seed9512,Zr,peak,9512,60,0.397979,0.017718,0.45801,0.322513,-0.449229,0.017718,-0.389198,-0.524695,-0.063838,0.050115,0.463497,0.302215,8,8,8,6,8,5.622028,1.915599,0.0,-3.592988,-5.043225,0,8
case_02_Zr_peak_seed9512,Zr,peak,9512,61,0.400967,0.017912,0.465354,0.300493,-0.446241,0.017912,-0.381854,-0.546714,-0.057808,0.050662,0.418327,0.822876,8,8,8,5,8,4.884726,0.950254,0.0,-3.927864,-6.549333,0,8
case_02_Zr_peak_seed9512,Zr,peak,9512,62,0.400618,0.020468,0.51475,0.324138,-0.44659,0.020468,-0.332458,-0.52307,-0.055249,0.057893,0.4955,0.086352,8,7,7,5,7,4.736597,1.318023,0.0,-5.242963,-7.460271,0,8
case_02_Zr_peak_seed9512,Zr,peak,9512,63,0.448226,0.020796,0.532331,0.367209,-0.398982,0.020796,-0.314877,-0.479999,-0.007258,0.058821,0.526512,0.262361,8,8,7,4,7,5.580285,0.898012,0.0,-2.277957,-6.277966,0,8
case_02_Zr_peak_seed9512,Zr,peak,9512,64,0.428428,0.018648,0.50552,0.357797,-0.41878,0.018648,-0.341688,-0.489411,-0.025704,0.052745,0.540715,-0.054676,8,8,8,5,8,4.775133,1.214127,0.0,-3.953385,-6.675355,0,8
case_02_Zr_peak_seed9512,Zr,peak,9512,65,0.424649,0.038681,0.682765,0.322929,-0.422559,0.038681,-0.164443,-0.524278,-0.028009,0.109407,0.516723,0.170269,8,8,8,5,8,4.848359,0.506659,0.0,2.551976,-6.296753,0,8
case_02_Zr_peak_seed9512,Zr,peak,9512,66,0.403154,0.01594,0.494952,0.323712,-0.444054,0.01594,-0.352256,-0.523496,-0.047029,0.045085,0.512586,0.033943,8,7,7,5,7,5.122173,1.054763,0.0,-1.695419,-5.385937,0,8
case_02_Zr_peak_seed9512,Zr,peak,9512,67,0.422343,0.016635,0.468227,0.332544,-0.424865,0.016635,-0.378981,-0.514663,-0.026448,0.047052,0.558779,-0.211402,8,7,7,4,7,4.792304,1.252517,0.0,-2.64489,-6.569479,0,8
case_02_Zr_peak_seed9512,Zr,peak,9512,68,0.427839,0.026548,0.613961,0.351828,-0.419369,0.026548,-0.233247,-0.49538,-0.019904,0.075089,0.520891,0.243663,8,8,7,5,7,5.366794,0.648379,0.0,5.373866,-5.409184,0,8
case_02_Zr_peak_seed9512,Zr,peak,9512,69,0.419308,0.014712,0.473917,0.349076,-0.4279,0.014712,-0.373291,-0.498132,-0.027014,0.041613,0.529598,0.098425,8,8,6,4,6,5.221866,0.958583,0.0,-4.757867,-7.014898,0,8
case_02_Zr_peak_seed9512,Zr,peak,9512,70,0.427049,0.030148,0.588832,0.330271,-0.420159,0.030148,-0.258376,-0.516937,-0.018309,0.08527,0.495666,0.536183,8,8,7,5,7,5.340651,1.321693,0.0,0.474061,-7.059522,0,8
case_02_Zr_peak_seed9512,Zr,peak,9512,71,0.428551,0.021978,0.51586,0.333729,-0.418656,0.021978,-0.331348,-0.513478,-0.015966,0.062162,0.551739,0.009772,8,7,7,6,7,5.326409,1.423423,0.0,-4.957648,-8.516171,0,8
case_02_Zr_peak_seed9512,Zr,peak,9512,72,0.426698,0.024837,0.543867,0.3599,-0.42051,0.024837,-0.303341,-0.487308,-0.016928,0.07025,0.516479,0.361641,8,8,8,4,8,4.897794,0.90993,0.0,-6.628295,-7.664498,0,8
case_02_Zr_peak_seed9512,Zr,peak,9512,73,0.430762,0.005534,0.447769,0.402092,-0.416446,0.005534,-0.399439,-0.445116,-0.012221,0.015652,0.563913,-0.056736,8,8,7,5,7,5.332943,1.598219,0.0,-4.886766,-7.302435,0,8
case_02_Zr_peak_seed9512,Zr,peak,9512,74,0.403243,0.018202,0.487057,0.307771,-0.443965,0.018202,-0.360151,-0.539437,-0.037754,0.051484,0.496581,0.371261,8,8,8,5,8,5.326529,1.011633,0.0,1.756582,-7.506954,0,8
case_02_Zr_peak_seed9512,Zr,peak,9512,75,0.40397,0.019807,0.490249,0.322064,-0.443238,0.019807,-0.356959,-0.525144,-0.035175,0.056024,0.524597,0.126467,8,8,6,5,6,4.828674,0.518323,0.0,-4.19241,-5.255579,0,8
case_02_Zr_peak_seed9512,Zr,peak,9512,76,0.419907,0.016893,0.526802,0.367786,-0.4273,0.016893,-0.320405,-0.479421,-0.018276,0.04778,0.551268,0.035893,8,8,6,4,6,4.774896,1.166031,0.0,0.069318,-5.689868,0,8
case_02_Zr_peak_seed9512,Zr,peak,9512,77,0.415929,0.014831,0.483401,0.346576,-0.431279,0.014831,-0.363807,-0.500632,-0.021142,0.041948,0.569474,-0.166099,8,8,5,5,5,5.056726,0.634222,0.0,-3.626276,-6.820709,0,8
case_02_Zr_peak_seed9512,Zr,peak,9512,78,0.432073,0.029212,0.533793,0.250764,-0.415134,0.029212,-0.313415,-0.596444,-0.004747,0.082623,0.554252,0.160989,8,8,8,6,8,4.518634,0.90714,0.0,-5.300754,-6.606432,0,8
case_02_Zr_peak_seed9512,Zr,peak,9512,79,0.404906,0.012623,0.453562,0.337672,-0.442302,0.012623,-0.393646,-0.509536,-0.030319,0.035702,0.458808,0.865953,8,8,7,4,7,5.407654,1.747076,0.0,-0.688559,-6.225753,0,8
case_02_Zr_peak_seed9512,Zr,peak,9512,80,0.419537,0.017103,0.492772,0.35261,-0.427671,0.017103,-0.354436,-0.494598,-0.014903,0.048376,0.506182,0.55461,8,8,8,4,8,4.80791,0.998269,0.0,-3.476058,-6.975288,0,8
case_02_Zr_peak_seed9512,Zr,peak,9512,81,0.436546,0.019657,0.531265,0.365483,-0.410662,0.019657,-0.315943,-0.481725,0.002001,0.055599,0.529154,0.500241,8,8,8,5,8,5.626487,2.134906,0.0,-0.815245,-4.681547,0,8
case_02_Zr_peak_seed9512,Zr,peak,9512,82,0.410982,0.015592,0.512673,0.370031,-0.436225,0.015592,-0.334535,-0.477177,-0.022385,0.044102,0.544222,0.112897,8,8,8,5,8,5.394759,2.352726,0.0,-4.053654,-6.290446,0,8
case_02_Zr_peak_seed9512,Zr,peak,9512,83,0.434479,0.025305,0.561781,0.333255,-0.412729,0.025305,-0.285427,-0.513953,0.001056,0.071573,0.521518,0.580243,8,8,8,5,8,5.846307,1.871999,0.0,-3.882651,-6.593569,0,8
case_02_Zr_peak_seed9512,Zr,peak,9512,84,0.388271,0.017378,0.459949,0.283333,-0.458937,0.017378,-0.387258,-0.563875,-0.042894,0.049152,0.527942,0.082649,8,8,8,6,8,4.582192,0.715934,0.0,-6.546275,-7.570934,0,8
case_02_Zr_peak_seed9512,Zr,peak,9512,85,0.420327,0.017014,0.477965,0.329164,-0.426881,0.017014,-0.369243,-0.518044,-0.010296,0.048122,0.543941,0.255865,8,8,8,5,8,5.033128,0.86639,0.0,-5.889468,-7.147741,0,8
case_02_Zr_peak_seed9512,Zr,peak,9512,86,0.440419,0.020893,0.543344,0.341309,-0.406789,0.020893,-0.303864,-0.505898,0.009305,0.059093,0.58387,0.060233,8,8,8,4,8,5.312956,0.871817,0.0,0.105767,-6.216941,0,8
case_02_Zr_peak_seed9512,Zr,peak,9512,87,0.454804,0.033138,0.643833,0.382003,-0.392404,0.033138,-0.203375,-0.465205,0.022506,0.093727,0.445103,1.586778,8,8,8,6,8,5.278098,1.303787,0.0,-6.638754,-7.904611,0,8
case_02_Zr_peak_seed9512,Zr,peak,9512,88,0.476135,0.030159,0.652947,0.342053,-0.371073,0.030159,-0.194261,-0.505155,0.041645,0.085303,0.591884,0.316144,8,8,8,5,8,4.823006,1.254644,0.0,1.601958,-6.058139,0,8
case_02_Zr_peak_seed9512,Zr,peak,9512,89,0.46022,0.065131,0.933158,0.322399,-0.472938,0.065131,0.0,-0.610759,-0.057209,0.184219,0.512113,0.13099,8,8,6,3,6,5.618412,1.18991,0.0,-0.576278,-4.264669,0,8
case_02_Zr_peak_seed9512,Zr,peak,9512,90,0.407717,0.030311,0.529717,0.253769,-0.525442,0.030311,-0.403441,-0.679389,-0.104227,0.085733,0.408837,0.698673,8,8,6,4,6,5.324077,1.960483,0.0,-1.998935,-5.85877,0,8
case_02_Zr_peak_seed9512,Zr,peak,9512,91,0.421313,0.016395,0.504406,0.354724,-0.511845,0.016395,-0.428752,-0.578434,-0.086098,0.046373,0.457492,0.399305,8,8,8,5,8,4.829122,1.022473,0.0,-2.789177,-7.750802,0,8
case_02_Zr_peak_seed9512,Zr,peak,9512,92,0.425702,0.015061,0.509543,0.367716,-0.507456,0.015061,-0.423615,-0.565442,-0.077625,0.042598,0.465821,0.401499,8,8,7,5,7,5.08463,0.185644,0.0,-4.986724,-5.447416,0,8
case_02_Zr_peak_seed9512,Zr,peak,9512,93,0.448127,0.018717,0.55098,0.376256,-0.485031,0.018717,-0.382178,-0.556902,-0.052439,0.05294,0.508046,0.231089,8,8,6,5,6,5.376582,0.995944,0.0,-1.901079,-4.824367,0,8
case_02_Zr_peak_seed9512,Zr,peak,9512,94,0.424311,0.024108,0.594343,0.365971,-0.508847,0.024108,-0.338815,-0.567187,-0.072442,0.068188,0.506597,0.046818,8,8,7,5,7,5.423998,0.810369,0.0,-3.439197,-7.300624,0,8
case_02_Zr_peak_seed9512,Zr,peak,9512,95,0.41488,0.015337,0.510307,0.373181,-0.518278,0.015337,-0.422851,-0.559977,-0.07778,0.043381,0.470326,0.355653,8,7,6,4,6,5.110551,0.829388,0.0,-5.354094,-6.491569,0,8
case_02_Zr_peak_seed9512,Zr,peak,9512,96,0.454486,0.021331,0.553318,0.356395,-0.478672,0.021331,-0.37984,-0.576763,-0.036265,0.060334,0.559952,-0.121517,8,8,8,4,8,4.338427,0.57198,0.0,-4.99761,-6.587648,0,8
case_02_Zr_peak_seed9512,Zr,peak,9512,97,0.408231,0.021325,0.537745,0.348111,-0.524927,0.021325,-0.395413,-0.585047,-0.078394,0.060317,0.474794,0.314561,8,8,8,6,8,5.602106,2.674751,0.0,-3.040637,-5.587921,0,8
case_02_Zr_peak_seed9512,Zr,peak,9512,98,0.40552,0.013014,0.445256,0.321057,-0.527638,0.013014,-0.487902,-0.612101,-0.07705,0.036809,0.465462,0.42379,8,8,8,4,8,5.396636,0.71724,0.0,-1.558384,-6.553864,0,8
case_02_Zr_peak_seed9512,Zr,peak,9512,99,0.352623,0.048786,0.439721,0.0,-0.580535,0.048786,-0.493437,-0.933158,-0.12345,0.137987,0.458119,0.040458,8,7,7,6,7,4.58706,0.649551,0.0,-8.531142,-6.339444,1,7
case_02_Zr_peak_seed9512,Zr,peak,9512,100,0.410766,0.024419,0.557461,0.308629,-0.522392,0.024419,-0.375697,-0.624529,-0.062041,0.069068,0.373413,1.506841,8,8,7,6,7,5.57959,1.891665,0.0,-1.593484,-3.914277,0,8
case_02_Zr_cosine_seed9513,Zr,cosine,9513,1,0.228076,0.03823,0.366355,0.104924,-0.138279,0.03823,0.0,-0.261431,-0.0,0.108129,0.052194,0.001161,8,8,8,4,8,4.8951,1.431054,0.0,-0.412656,-5.68073,0,8
case_02_Zr_cosine_seed9513,Zr,cosine,9513,2,0.191808,0.032535,0.373622,0.096571,-0.181814,0.032535,0.0,-0.277051,-0.041358,0.092024,0.082039,-0.028467,8,8,7,4,7,4.561924,0.290368,0.0,-3.795963,-4.641957,0,8
case_02_Zr_cosine_seed9513,Zr,cosine,9513,3,0.241843,0.053081,0.586171,0.103619,-0.344328,0.053081,0.0,-0.482552,-0.193678,0.150135,-0.031592,0.009163,8,8,7,3,7,4.867216,0.505981,0.0,-2.304978,-5.503391,0,8
case_02_Zr_cosine_seed9513,Zr,cosine,9513,4,0.187394,0.030119,0.385756,0.106872,-0.398777,0.030119,-0.200415,-0.479299,-0.235721,0.08519,-0.04933,-0.003217,8,7,7,5,7,4.836859,1.131021,0.0,-1.725457,-5.342928,0,8
case_02_Zr_cosine_seed9513,Zr,cosine,9513,5,0.178402,0.027758,0.327101,0.079551,-0.407769,0.027758,-0.25907,-0.50662,-0.232478,0.078512,-0.007647,-0.272696,8,8,6,5,6,5.316879,0.363046,0.0,-2.604325,-6.702745,0,8
case_02_Zr_cosine_seed9513,Zr,cosine,9513,6,0.241542,0.032164,0.390227,0.115182,-0.344629,0.032164,-0.195944,-0.470989,-0.160871,0.090974,0.008244,0.336879,8,8,8,5,8,4.801979,0.806512,0.0,-8.491378,-8.542475,0,8
case_02_Zr_cosine_seed9513,Zr,cosine,9513,7,0.228263,0.043473,0.452874,0.094419,-0.357908,0.043473,-0.133297,-0.491752,-0.165442,0.12296,0.018067,0.272694,8,8,7,4,7,5.624655,0.657721,0.0,0.566829,-5.176828,0,8
case_02_Zr_cosine_seed9513,Zr,cosine,9513,8,0.260613,0.036745,0.417068,0.10502,-0.325558,0.036745,-0.169103,-0.481152,-0.126437,0.10393,0.045675,0.445712,8,8,7,4,7,4.889303,0.73592,0.0,-3.870949,-6.337972,0,8
case_02_Zr_cosine_seed9513,Zr,cosine,9513,9,0.309751,0.062408,0.551286,0.104112,-0.27642,0.062408,-0.034886,-0.482059,-0.073434,0.176515,0.151498,-0.021344,8,8,8,4,8,5.334327,1.866477,0.0,-3.349406,-6.837727,0,8
case_02_Zr_cosine_seed9513,Zr,cosine,9513,10,0.22435,0.025494,0.328291,0.108084,-0.361821,0.025494,-0.25788,-0.478087,-0.150894,0.072108,0.099577,-0.190294,8,8,7,7,7,5.179649,1.534503,0.0,-0.95402,-5.429041,0,8
case_02_Zr_cosine_seed9513,Zr,cosine,9513,11,0.317051,0.062385,0.59698,0.088801,-0.279929,0.062385,0.0,-0.50818,-0.065552,0.17645,0.127576,0.468692,8,8,8,5,8,5.313098,1.240247,0.0,-7.228993,-6.37741,0,8
case_02_Zr_cosine_seed9513,Zr,cosine,9513,12,0.277207,0.048484,0.492712,0.081968,-0.319773,0.048484,-0.104268,-0.515012,-0.100126,0.137135,0.109266,0.363436,8,8,8,4,8,5.374334,1.812096,0.0,-0.590943,-6.177702,0,8
case_02_Zr_cosine_seed9513,Zr,cosine,9513,13,0.175067,0.028966,0.342872,0.081917,-0.421913,0.028966,-0.254108,-0.515064,-0.192153,0.081929,0.0447,0.119204,8,8,8,5,8,5.403549,0.932075,0.0,-4.332391,-7.995533,0,8
case_02_Zr_cosine_seed9513,Zr,cosine,9513,14,0.31488,0.051574,0.542164,0.146216,-0.2821,0.051574,-0.054816,-0.450765,-0.049723,0.145874,0.200443,-0.004441,8,8,8,5,8,5.057265,1.028403,0.0,-2.205081,-8.041329,0,8
case_02_Zr_cosine_seed9513,Zr,cosine,9513,15,0.202915,0.022205,0.322864,0.104914,-0.394065,0.022205,-0.274116,-0.492066,-0.153603,0.062804,0.098381,-0.018412,8,8,7,4,7,5.081745,2.049747,0.0,-1.882175,-6.186934,0,8
case_02_Zr_cosine_seed9513,Zr,cosine,9513,16,0.251947,0.037714,0.428161,0.111723,-0.345033,0.037714,-0.168819,-0.485257,-0.099342,0.106671,0.13383,0.177168,8,7,7,6,7,4.66289,0.680634,0.0,-3.186221,-7.388881,0,8
case_02_Zr_cosine_seed9513,Zr,cosine,9513,17,0.263842,0.039801,0.431352,0.103926,-0.333138,0.039801,-0.165628,-0.493054,-0.083075,0.112575,0.14889,0.182036,8,8,8,5,8,4.349138,0.254673,0.0,-6.004143,-8.212432,0,8
case_02_Zr_cosine_seed9513,Zr,cosine,9513,18,0.287021,0.055395,0.600904,0.136466,-0.313884,0.055395,0.0,-0.464439,-0.06063,0.15668,0.209605,-0.187345,8,8,8,4,8,5.181221,1.966289,0.0,-5.078233,-8.024233,0,8
case_02_Zr_cosine_seed9513,Zr,cosine,9513,19,0.233661,0.05528,0.501096,0.0,-0.367244,0.05528,-0.099808,-0.600904,-0.10829,0.156355,0.089015,0.557955,8,8,8,6,8,4.377484,0.411054,0.0,-2.263494,-5.995012,1,7
case_02_Zr_cosine_seed9513,Zr,cosine,9513,20,0.251828,0.049459,0.483539,0.080485,-0.349077,0.049459,-0.117365,-0.520419,-0.085617,0.139892,0.163018,0.068521,8,7,7,5,7,4.821183,0.803306,0.0,-6.209836,-6.878457,0,8
case_02_Zr_cosine_seed9513,Zr,cosine,9513,21,0.20777,0.035328,0.367331,0.056689,-0.393135,0.035328,-0.233573,-0.544216,-0.123191,0.099923,0.136591,-0.019011,8,7,8,6,8,4.801277,1.392434,0.0,1.31896,-5.462822,0,8
case_02_Zr_cosine_seed9513,Zr,cosine,9513,22,0.291297,0.035454,0.449764,0.179109,-0.309608,0.035454,-0.151141,-0.421795,-0.037681,0.10028,0.224889,-0.027455,8,8,8,5,8,5.326637,1.490814,0.0,0.660153,-5.537055,0,8
case_02_Zr_cosine_seed9513,Zr,cosine,9513,23,0.179463,0.013148,0.23417,0.128614,-0.421441,0.013148,-0.366735,-0.47229,-0.142039,0.037189,0.108684,0.101637,8,8,7,4,7,5.376058,0.887055,0.0,-3.286751,-6.051617,0,8
case_02_Zr_cosine_seed9513,Zr,cosine,9513,24,0.276178,0.047812,0.555144,0.088766,-0.324726,0.047812,-0.04576,-0.512138,-0.043058,0.135234,0.136042,0.824979,8,8,8,5,8,5.328982,0.995222,0.0,-1.934689,-5.688245,0,8
case_02_Zr_cosine_seed9513,Zr,cosine,9513,25,0.265044,0.049762,0.495028,0.087298,-0.33586,0.049762,-0.105876,-0.513607,-0.051482,0.140748,0.181722,0.267561,8,8,7,6,7,5.171618,0.925719,0.0,-2.658869,-6.582488,0,8
case_02_Zr_cosine_seed9513,Zr,cosine,9513,26,0.246484,0.058323,0.626429,0.043,-0.379944,0.058323,0.0,-0.583429,-0.090788,0.164963,0.164401,0.044197,8,7,7,5,7,4.888402,0.870638,0.0,-1.337831,-5.623651,0,8
case_02_Zr_cosine_seed9513,Zr,cosine,9513,27,0.35579,0.071338,0.719074,0.122757,-0.363283,0.071338,0.0,-0.596317,-0.070421,0.201773,0.159339,0.318999,8,8,7,5,7,5.392467,1.689268,0.0,1.366104,-5.300485,0,8
case_02_Zr_cosine_seed9513,Zr,cosine,9513,28,0.298706,0.044658,0.485182,0.163273,-0.420368,0.044658,-0.233891,-0.555801,-0.12113,0.126313,0.131028,0.109511,8,7,6,5,6,4.562995,0.68285,0.0,-11.085584,-7.524729,0,8
case_02_Zr_cosine_seed9513,Zr,cosine,9513,29,0.197958,0.027798,0.344597,0.109788,-0.521116,0.027798,-0.374477,-0.609285,-0.210784,0.078624,-0.06048,1.146022,8,8,8,5,8,5.581388,1.457277,0.0,-0.482616,-5.350554,0,8
case_02_Zr_cosine_seed9513,Zr,cosine,9513,30,0.256435,0.030868,0.390805,0.147665,-0.462639,0.030868,-0.328268,-0.571408,-0.144692,0.087308,0.079206,0.433901,8,8,7,6,7,5.570984,1.34429,0.0,-4.416554,-7.965708,0,8
case_02_Zr_cosine_seed9513,Zr,cosine,9513,31,0.277405,0.056099,0.591751,0.114647,-0.441669,0.056099,-0.127322,-0.604427,-0.117536,0.158673,0.147526,0.037722,8,6,7,5,7,5.186965,1.253105,0.0,-0.097102,-6.861443,0,8
case_02_Zr_cosine_seed9513,Zr,cosine,9513,32,0.23383,0.042151,0.489997,0.101314,-0.485244,0.042151,-0.229077,-0.61776,-0.153055,0.119221,0.121351,-0.046671,8,8,6,6,6,5.105527,1.07801,0.0,-2.492232,-7.074712,0,8
case_02_Zr_cosine_seed9513,Zr,cosine,9513,33,0.276514,0.047747,0.534812,0.102824,-0.44256,0.047747,-0.184262,-0.61625,-0.104853,0.13505,0.166445,-0.019302,8,8,8,6,8,4.610652,0.876602,0.0,-7.242596,-7.626542,0,8
case_02_Zr_cosine_seed9513,Zr,cosine,9513,34,0.25466,0.032073,0.370137,0.103601,-0.464413,0.032073,-0.348936,-0.615472,-0.120371,0.090716,0.143347,0.058636,8,8,8,5,8,4.861816,0.508045,0.0,-4.906996,-6.227159,0,8
case_02_Zr_cosine_seed9513,Zr,cosine,9513,35,0.211022,0.038865,0.370344,0.088154,-0.508052,0.038865,-0.34873,-0.63092,-0.155809,0.109926,0.106861,0.077851,8,6,6,5,6,5.374852,2.198904,0.0,0.915079,-5.175678,0,8
case_02_Zr_cosine_seed9513,Zr,cosine,9513,36,0.200112,0.036956,0.455966,0.10091,-0.518962,0.036956,-0.263107,-0.618164,-0.158383,0.104528,0.114389,-0.02945,8,7,8,5,8,4.897623,0.900554,0.0,-3.903087,-7.246308,0,8
case_02_Zr_cosine_seed9513,Zr,cosine,9513,37,0.303907,0.051348,0.551768,0.097649,-0.415166,0.051348,-0.167305,-0.621425,-0.051858,0.145233,0.205121,0.147303,8,8,7,5,7,4.796307,1.647568,0.0,-6.254073,-7.27973,0,8
case_02_Zr_cosine_seed9513,Zr,cosine,9513,38,0.309059,0.044232,0.537617,0.117516,-0.410015,0.044232,-0.181457,-0.601558,-0.044371,0.125107,0.226059,0.008084,8,7,7,5,7,4.800889,0.969172,0.0,-2.002535,-6.324737,0,8
case_02_Zr_cosine_seed9513,Zr,cosine,9513,39,0.244948,0.034095,0.433766,0.083868,-0.474126,0.034095,-0.285308,-0.635205,-0.103058,0.096436,0.145393,0.246938,8,8,8,5,8,4.842193,0.395785,0.0,-9.900047,-7.000104,0,8
case_02_Zr_cosine_seed9513,Zr,cosine,9513,40,0.304237,0.050536,0.587729,0.126288,-0.414837,0.050536,-0.131344,-0.592786,-0.041581,0.142936,0.193843,0.387341,8,7,6,5,6,5.09755,1.49636,0.0,-8.224735,-6.599526,0,8
case_02_Zr_cosine_seed9513,Zr,cosine,9513,41,0.197475,0.028627,0.332759,0.084852,-0.521599,0.028627,-0.386315,-0.634222,-0.140925,0.080969,0.132102,0.018656,8,8,7,4,7,5.410396,1.877185,0.0,0.664768,-6.02506,0,8
case_02_Zr_cosine_seed9513,Zr,cosine,9513,42,0.221539,0.029195,0.327687,0.098555,-0.497535,0.029195,-0.391387,-0.620519,-0.111019,0.082576,0.149873,0.160635,8,8,7,3,7,5.847622,1.609262,0.0,2.664367,-6.993273,0,8
case_02_Zr_cosine_seed9513,Zr,cosine,9513,43,0.1505,0.026848,0.301431,0.053828,-0.568573,0.026848,-0.417642,-0.665246,-0.172954,0.075937,0.121493,-0.167664,8,8,7,4,7,5.645462,0.944389,0.0,-1.00205,-5.359664,0,8
case_02_Zr_cosine_seed9513,Zr,cosine,9513,44,0.211709,0.042851,0.45973,0.078699,-0.507365,0.042851,-0.259344,-0.640375,-0.106158,0.1212,0.172155,-0.000393,8,8,8,4,8,5.343012,1.153244,0.0,-4.827096,-8.825265,0,8
case_02_Zr_cosine_seed9513,Zr,cosine,9513,45,0.268835,0.045785,0.558809,0.121843,-0.450239,0.045785,-0.160265,-0.59723,-0.04658,0.129499,0.20132,0.305664,8,8,7,5,7,5.071882,1.546344,0.0,-3.780592,-6.462071,0,8
case_02_Zr_cosine_seed9513,Zr,cosine,9513,46,0.171128,0.022788,0.299762,0.088487,-0.547946,0.022788,-0.419311,-0.630587,-0.137073,0.064455,0.0659,0.757794,8,8,8,5,8,5.162996,1.640743,0.0,-3.774378,-5.932048,0,8
case_02_Zr_cosine_seed9513,Zr,cosine,9513,47,0.175287,0.028262,0.359941,0.089356,-0.543787,0.028262,-0.359132,-0.629718,-0.126269,0.079938,0.138809,0.151944,8,8,8,4,8,5.375011,1.121606,0.0,0.761712,-6.135196,0,8
case_02_Zr_cosine_seed9513,Zr,cosine,9513,48,0.229443,0.034707,0.411785,0.070918,-0.489631,0.034707,-0.307289,-0.648156,-0.068507,0.098165,0.204315,0.081673,8,7,4,4,4,5.638742,0.92668,0.0,-1.519337,-4.220591,0,8
case_02_Zr_cosine_seed9513,Zr,cosine,9513,49,0.166075,0.013515,0.2104,0.103602,-0.552999,0.013515,-0.508673,-0.615472,-0.125281,0.038227,0.173848,-0.171591,8,7,6,4,6,5.312258,1.628293,0.0,-2.098331,-6.000199,0,8
case_02_Zr_cosine_seed9513,Zr,cosine,9513,50,0.239586,0.040723,0.413602,0.108131,-0.479488,0.040723,-0.305472,-0.610943,-0.049182,0.115181,0.225989,0.07111,8,8,7,5,7,5.347743,2.001621,0.0,-1.4354,-6.722342,0,8
case_02_Zr_cosine_seed9513,Zr,cosine,9513,51,0.292373,0.053295,0.64845,0.136553,-0.426701,0.053295,-0.070623,-0.582521,0.003425,0.15074,0.252302,0.340395,8,7,7,3,7,4.72401,2.096669,0.0,-3.928421,-7.594995,0,8
case_02_Zr_cosine_seed9513,Zr,cosine,9513,52,0.302411,0.069811,0.634343,0.111299,-0.416663,0.069811,-0.084731,-0.607775,0.01279,0.197455,0.267823,0.281804,8,7,7,3,7,5.155601,2.012039,0.0,-3.189035,-6.417377,0,8
case_02_Zr_cosine_seed9513,Zr,cosine,9513,53,0.187073,0.033904,0.347825,0.0,-0.532001,0.033904,-0.371248,-0.719074,-0.097421,0.095896,0.184669,0.025281,8,8,8,6,8,5.098992,2.158847,0.0,-5.757907,-5.73398,1,7
case_02_Zr_cosine_seed9513,Zr,cosine,9513,54,0.323324,0.052724,0.552485,0.155436,-0.39575,0.052724,-0.166589,-0.563638,0.036889,0.149126,0.282836,0.382959,8,7,8,4,8,5.296621,0.839858,0.0,-1.606552,-6.289175,0,8
case_02_Zr_cosine_seed9513,Zr,cosine,9513,55,0.266355,0.027929,0.374948,0.169974,-0.452719,0.027929,-0.344125,-0.5491,-0.019077,0.078995,0.256921,0.086623,8,8,8,4,8,4.869313,0.97965,0.0,-1.843998,-6.466749,0,8
case_02_Zr_cosine_seed9513,Zr,cosine,9513,56,0.294167,0.046974,0.600105,0.095597,-0.424907,0.046974,-0.118969,-0.623476,0.008299,0.132861,0.297356,-0.036137,8,8,8,5,8,4.845304,0.64709,0.0,-4.000807,-5.915776,0,8
case_02_Zr_cosine_seed9513,Zr,cosine,9513,57,0.231856,0.032147,0.411537,0.103237,-0.487217,0.032147,-0.307537,-0.615837,-0.051311,0.090925,0.199946,0.345289,8,8,7,4,7,5.059234,1.169235,0.0,1.432034,-5.954427,0,8
case_02_Zr_cosine_seed9513,Zr,cosine,9513,58,0.21857,0.048017,0.562646,0.125016,-0.500504,0.048017,-0.156428,-0.594058,-0.061367,0.135812,0.223233,0.028237,8,8,8,5,8,5.060228,1.760161,0.0,-2.492311,-6.335165,0,8
case_02_Zr_cosine_seed9513,Zr,cosine,9513,59,0.243148,0.039327,0.430447,0.115495,-0.475926,0.039327,-0.288626,-0.603578,-0.03495,0.111233,0.173235,0.788744,8,8,8,5,8,5.848111,2.007695,0.0,0.046587,-6.682282,0,8
case_02_Zr_cosine_seed9513,Zr,cosine,9513,60,0.286688,0.035932,0.453698,0.095214,-0.432386,0.035932,-0.265376,-0.62386,0.00816,0.10163,0.283601,0.129326,8,8,8,4,8,5.580009,2.21553,0.0,-3.465071,-6.576017,0,8
case_02_Zr_cosine_seed9513,Zr,cosine,9513,61,0.243347,0.046646,0.496889,0.103662,-0.475726,0.046646,-0.222185,-0.615412,-0.033421,0.131934,0.268421,-0.134985,8,8,6,5,6,5.300594,0.38592,0.0,-6.930658,-6.455343,0,8
case_02_Zr_cosine_seed9513,Zr,cosine,9513,62,0.205378,0.048665,0.401312,0.0,-0.513696,0.048665,-0.317762,-0.719074,-0.067821,0.137647,0.234591,-0.13401,8,8,8,5,8,4.61651,1.387649,0.0,-4.49106,-5.238539,1,7
case_02_Zr_cosine_seed9513,Zr,cosine,9513,63,0.256037,0.031622,0.38668,0.112163,-0.463037,0.031622,-0.332394,-0.606911,-0.016304,0.089442,0.283309,-0.103468,8,7,6,5,6,5.149524,1.047249,0.0,-8.092061,-8.299067,0,8
case_02_Zr_cosine_seed9513,Zr,cosine,9513,64,0.225062,0.047864,0.4668,0.0,-0.494012,0.047864,-0.252274,-0.719074,-0.044915,0.135379,0.206168,0.387067,8,8,8,5,8,5.324108,0.954747,0.0,-7.170146,-5.866981,1,7
case_02_Zr_cosine_seed9513,Zr,cosine,9513,65,0.313596,0.054153,0.561397,0.125129,-0.405478,0.054153,-0.157677,-0.593944,0.041438,0.153169,0.320023,0.117447,8,8,8,5,8,4.857355,1.189372,0.0,-5.193147,-7.583514,0,8
case_02_Zr_cosine_seed9513,Zr,cosine,9513,66,0.194429,0.022694,0.292493,0.109862,-0.524645,0.022694,-0.42658,-0.609212,-0.073842,0.064188,0.227976,-0.106849,8,8,8,5,8,5.409256,1.784751,0.0,-0.623993,-6.475836,0,8
case_02_Zr_cosine_seed9513,Zr,cosine,9513,67,0.242185,0.038302,0.485848,0.145295,-0.476888,0.038302,-0.233225,-0.573779,-0.024782,0.108334,0.282884,-0.16096,8,8,7,4,7,5.374483,1.512275,0.0,1.770891,-5.008081,0,8
case_02_Zr_cosine_seed9513,Zr,cosine,9513,68,0.230655,0.022,0.339446,0.13801,-0.488419,0.022,-0.379628,-0.581064,-0.034496,0.062224,0.21701,0.405696,8,7,7,5,7,4.726382,1.423586,0.0,-8.289352,-5.548818,0,8
case_02_Zr_cosine_seed9513,Zr,cosine,9513,69,0.257031,0.037483,0.39947,0.092853,-0.462043,0.037483,-0.319604,-0.626221,-0.007715,0.106019,0.228722,0.556332,8,7,6,3,6,5.084722,0.900431,0.0,-1.42647,-5.984216,0,8
case_02_Zr_cosine_seed9513,Zr,cosine,9513,70,0.208574,0.038999,0.428535,0.090253,-0.5105,0.038999,-0.290539,-0.628821,-0.053363,0.110307,0.209183,0.300327,8,8,8,6,8,4.898747,1.42958,0.0,-1.347682,-6.827711,0,8
case_02_Zr_cosine_seed9513,Zr,cosine,9513,71,0.234839,0.038841,0.417082,0.102547,-0.484235,0.038841,-0.301992,-0.616527,-0.025743,0.109858,0.247369,0.194124,8,8,6,4,6,5.315466,2.096302,0.0,-6.589029,-7.760931,0,8
case_02_Zr_cosine_seed9513,Zr,cosine,9513,72,0.238904,0.038937,0.511314,0.141034,-0.48017,0.038937,-0.20776,-0.57804,-0.020595,0.110131,0.187171,0.852436,8,8,8,5,8,5.335263,1.486895,0.0,0.127557,-6.602076,0,8
case_02_Zr_cosine_seed9513,Zr,cosine,9513,73,0.294578,0.047793,0.608169,0.174444,-0.424496,0.047793,-0.110904,-0.54463,0.033326,0.135179,0.354382,-0.284965,8,8,7,4,7,4.882513,1.745771,0.0,-3.670842,-7.05446,0,8
case_02_Zr_cosine_seed9513,Zr,cosine,9513,74,0.255004,0.063959,0.564711,0.082502,-0.46407,0.063959,-0.154363,-0.636572,-0.005936,0.180905,0.206337,0.805218,8,8,7,3,7,5.096926,1.1083,0.0,-5.219875,-7.53091,0,8
case_02_Zr_cosine_seed9513,Zr,cosine,9513,75,0.260218,0.06894,0.659966,0.088964,-0.458856,0.06894,-0.059107,-0.63011,-0.000686,0.194991,0.253131,0.412044,8,6,6,4,6,4.631505,0.429946,0.0,-4.115483,-6.755254,0,8
case_02_Zr_cosine_seed9513,Zr,cosine,9513,76,0.192115,0.033977,0.391116,0.043245,-0.526959,0.033977,-0.327957,-0.675829,-0.065349,0.096102,0.188979,0.410549,8,7,7,5,7,4.846323,1.052311,0.0,-7.132464,-6.897881,0,8
case_02_Zr_cosine_seed9513,Zr,cosine,9513,77,0.201995,0.026505,0.370116,0.127041,-0.517079,0.026505,-0.348958,-0.592033,-0.052696,0.074967,0.163638,0.795414,8,8,6,4,6,5.117894,0.989844,0.0,-2.836362,-5.98103,0,8
case_02_Zr_cosine_seed9513,Zr,cosine,9513,78,0.339583,0.060727,0.552915,0.138641,-0.379491,0.060727,-0.166158,-0.580433,0.080648,0.171761,0.346789,0.306342,8,8,7,6,7,4.597115,0.183837,0.0,-8.21479,-5.65345,0,8
case_02_Zr_cosine_seed9513,Zr,cosine,9513,79,0.287956,0.050384,0.5989,0.148926,-0.431117,0.050384,-0.120174,-0.570148,0.02757,0.142509,0.300888,0.231821,8,8,8,4,8,5.169592,1.617127,0.0,-2.384914,-5.198179,0,8
case_02_Zr_cosine_seed9513,Zr,cosine,9513,80,0.267294,0.050273,0.496214,0.094386,-0.45178,0.050273,-0.22286,-0.624688,0.006562,0.142193,0.281897,0.20669,8,7,7,5,7,4.711452,1.123823,0.0,-3.032076,-7.846364,0,8
case_02_Zr_cosine_seed9513,Zr,cosine,9513,81,0.187244,0.034211,0.3574,0.061359,-0.531829,0.034211,-0.361674,-0.657715,-0.069813,0.096763,0.196034,0.296819,8,8,8,4,8,5.382005,1.166416,0.0,1.033176,-5.669873,0,8
case_02_Zr_cosine_seed9513,Zr,cosine,9513,82,0.372823,0.075091,0.711455,0.1301,-0.346251,0.075091,-0.007619,-0.588974,0.109977,0.21239,0.369151,0.36745,8,8,8,5,8,5.134501,1.173877,0.0,-0.443886,-6.908626,0,8
case_02_Zr_cosine_seed9513,Zr,cosine,9513,83,0.239578,0.046714,0.539643,0.059378,-0.479496,0.046714,-0.179431,-0.659696,-0.022104,0.132128,0.22879,0.442095,8,8,7,5,7,4.90093,0.810601,0.0,-2.230712,-7.71706,0,8
case_02_Zr_cosine_seed9513,Zr,cosine,9513,84,0.243952,0.029904,0.373162,0.114025,-0.475122,0.029904,-0.345912,-0.605049,-0.016844,0.084582,0.268645,0.103128,8,8,8,5,8,5.410337,2.746926,0.0,-4.52113,-7.90273,0,8
case_02_Zr_cosine_seed9513,Zr,cosine,9513,85,0.2416,0.044473,0.49643,0.080521,-0.477473,0.044473,-0.222643,-0.638553,-0.018236,0.125789,0.274242,0.035349,8,8,7,4,7,4.677649,0.511382,0.0,-3.202982,-6.027397,0,8
case_02_Zr_cosine_seed9513,Zr,cosine,9513,86,0.190702,0.02591,0.348557,0.088719,-0.528372,0.02591,-0.370517,-0.630354,-0.065677,0.073285,0.162402,0.663823,8,8,7,3,7,5.579493,0.807293,0.0,-3.681767,-5.198181,0,8
case_02_Zr_cosine_seed9513,Zr,cosine,9513,87,0.323939,0.057569,0.66428,0.102993,-0.395135,0.057569,-0.054794,-0.616081,0.064181,0.162831,0.338199,0.243024,8,7,8,6,8,4.485802,0.507166,0.0,-7.164458,-9.119368,0,8
case_02_Zr_cosine_seed9513,Zr,cosine,9513,88,0.221685,0.042026,0.481818,0.105469,-0.497388,0.042026,-0.237256,-0.613605,-0.036168,0.118867,0.265551,-0.028408,8,7,7,3,7,5.057823,1.234461,0.0,1.082948,-5.155974,0,8
case_02_Zr_cosine_seed9513,Zr,cosine,9513,89,0.233141,0.033384,0.372303,0.110311,-0.485932,0.033384,-0.346771,-0.608763,-0.023477,0.094423,0.274742,0.014538,8,8,8,6,8,4.652079,0.535549,0.0,-6.571967,-6.89493,0,8
case_02_Zr_cosine_seed9513,Zr,cosine,9513,90,0.330175,0.043582,0.550767,0.15484,-0.388898,0.043582,-0.168307,-0.564234,0.069879,0.123269,0.38445,-0.144395,8,8,8,6,8,4.141787,1.187889,0.0,-4.468891,-7.168022,0,8
case_02_Zr_cosine_seed9513,Zr,cosine,9513,91,0.260277,0.037303,0.378896,0.082615,-0.458796,0.037303,-0.340177,-0.636459,-1.8e-05,0.105508,0.2843,0.153136,8,8,8,5,8,5.340631,1.216617,0.0,-3.622158,-6.673943,0,8
case_02_Zr_cosine_seed9513,Zr,cosine,9513,92,0.273294,0.048651,0.508499,0.0,-0.44578,0.048651,-0.210575,-0.719074,0.012349,0.137606,0.228977,0.807923,8,8,8,6,8,4.797099,1.004766,0.0,-3.363936,-8.650875,1,7
case_02_Zr_cosine_seed9513,Zr,cosine,9513,93,0.29394,0.046674,0.510013,0.090348,-0.425133,0.046674,-0.209061,-0.628725,0.031346,0.132014,0.341106,-0.101954,8,8,8,4,8,5.304947,1.710745,0.0,-2.216381,-5.713671,0,8
case_02_Zr_cosine_seed9513,Zr,cosine,9513,94,0.341573,0.054106,0.648009,0.150785,-0.377501,0.054106,-0.071065,-0.568289,0.075029,0.153035,0.36683,0.081558,8,8,7,4,7,5.052249,2.093574,0.0,-4.45733,-6.483405,0,8
case_02_Zr_cosine_seed9513,Zr,cosine,9513,95,0.229605,0.051372,0.520956,0.0,-0.489469,0.051372,-0.198118,-0.719074,-0.035092,0.145302,0.233487,0.312441,8,8,8,5,8,5.602557,1.74541,0.0,-2.035779,-7.399041,1,7
case_02_Zr_cosine_seed9513,Zr,cosine,9513,96,0.28687,0.055527,0.507454,0.064244,-0.432203,0.055527,-0.21162,-0.65483,0.021065,0.157055,0.273202,0.480959,8,8,6,5,6,4.883474,0.667971,0.0,-2.452,-6.346215,0,8
case_02_Zr_cosine_seed9513,Zr,cosine,9513,97,0.205638,0.039041,0.449798,0.064065,-0.513436,0.039041,-0.269276,-0.655009,-0.05716,0.110424,0.248712,-0.044622,8,8,8,5,8,5.578925,1.530412,0.0,-1.379509,-5.015957,0,8
case_02_Zr_cosine_seed9513,Zr,cosine,9513,98,0.280724,0.041202,0.509946,0.10142,-0.43835,0.041202,-0.209128,-0.617654,0.01703,0.116538,0.33696,-0.189722,8,8,7,5,7,5.334812,1.471058,0.0,-2.094546,-6.317217,0,8
case_02_Zr_cosine_seed9513,Zr,cosine,9513,99,0.267527,0.031527,0.390801,0.125788,-0.451547,0.031527,-0.328272,-0.593286,0.003641,0.089173,0.313741,-0.085476,8,8,7,6,7,5.09416,1.362942,0.0,-6.539328,-5.862075,0,8
case_02_Zr_cosine_seed9513,Zr,cosine,9513,100,0.149032,0.0163,0.216621,0.09403,-0.570042,0.0163,-0.502453,-0.625043,-0.109111,0.046104,0.176006,0.168175,8,8,8,4,8,5.599895,1.679521,0.0,0.548463,-5.977437,0,8
case_02_Zr_peak_seed9513,Zr,peak,9513,1,0.424513,0.023487,0.552959,0.328353,-0.128446,0.023487,0.0,-0.224606,0.0,0.066431,0.405027,0.000679,8,8,8,4,8,4.8951,1.431054,0.0,-0.413586,-5.681925,0,8
case_02_Zr_peak_seed9513,Zr,peak,9513,2,0.39487,0.020433,0.531528,0.337342,-0.158089,0.020433,-0.02143,-0.215617,-0.028161,0.057794,0.392337,0.030433,8,8,7,4,7,4.56189,0.290428,0.0,-3.795141,-4.645953,0,8
case_02_Zr_peak_seed9513,Zr,peak,9513,3,0.492473,0.039503,0.731815,0.367822,-0.239342,0.039503,0.0,-0.363993,-0.103943,0.111732,0.338278,0.005621,8,8,7,3,7,4.867185,0.506353,0.0,-2.310035,-5.495763,0,8
case_02_Zr_peak_seed9513,Zr,peak,9513,4,0.424993,0.012259,0.480684,0.367906,-0.306821,0.012259,-0.251131,-0.363908,-0.162851,0.034672,0.285917,0.105932,8,7,7,5,7,4.836797,1.132835,0.0,-1.694018,-5.36532,0,8
case_02_Zr_peak_seed9513,Zr,peak,9513,5,0.430845,0.029037,0.623831,0.354427,-0.300969,0.029037,-0.107983,-0.377388,-0.149149,0.08213,0.323642,-0.00097,8,8,6,5,6,5.3169,0.38737,0.0,-2.19875,-6.763016,0,8
case_02_Zr_peak_seed9513,Zr,peak,9513,6,0.3964,0.027982,0.579935,0.295754,-0.335415,0.027982,-0.15188,-0.436061,-0.174415,0.079146,0.306999,0.067015,8,8,8,6,8,4.801944,0.79759,0.0,-7.565745,-8.504851,0,8
case_02_Zr_peak_seed9513,Zr,peak,9513,7,0.396497,0.017267,0.467026,0.333552,-0.335318,0.017267,-0.264788,-0.398263,-0.165603,0.048838,0.336719,-0.024849,8,8,7,4,7,5.624701,0.657113,0.0,0.564812,-5.165656,0,8
case_02_Zr_peak_seed9513,Zr,peak,9513,8,0.411908,0.015673,0.490032,0.334013,-0.319907,0.015673,-0.241783,-0.397802,-0.142682,0.044331,0.357402,0.112702,8,8,8,4,8,4.889302,0.763178,0.0,-4.297859,-6.231766,0,8
case_02_Zr_peak_seed9513,Zr,peak,9513,9,0.376486,0.022497,0.479527,0.288767,-0.355329,0.022497,-0.252288,-0.443047,-0.169199,0.063631,0.351414,0.040138,8,8,8,4,8,5.334329,1.932635,0.0,-3.337915,-6.829659,0,8
case_02_Zr_peak_seed9513,Zr,peak,9513,10,0.429501,0.014174,0.507931,0.376075,-0.302313,0.014174,-0.223884,-0.35574,-0.110374,0.040091,0.428959,-0.046942,8,8,8,8,8,5.179683,1.358473,0.0,-0.489434,-5.347147,0,8
case_02_Zr_peak_seed9513,Zr,peak,9513,11,0.410989,0.021266,0.494421,0.315271,-0.320826,0.021266,-0.237394,-0.416544,-0.122442,0.060149,0.384278,0.394437,8,8,8,5,8,5.313122,1.229335,0.0,-7.375809,-6.373226,0,8
case_02_Zr_peak_seed9513,Zr,peak,9513,12,0.429636,0.024347,0.606871,0.382267,-0.302178,0.024347,-0.124943,-0.349548,-0.098605,0.068864,0.460109,-0.015946,8,8,8,4,8,5.374338,1.838887,0.0,-0.589082,-6.173247,0,8
case_02_Zr_peak_seed9513,Zr,peak,9513,13,0.457679,0.045643,0.789549,0.344617,-0.33187,0.045643,0.0,-0.444931,-0.121881,0.129098,0.423585,0.218782,8,8,8,5,8,5.403597,0.949708,0.0,-4.351573,-7.977118,0,8
case_02_Zr_peak_seed9513,Zr,peak,9513,14,0.409799,0.02592,0.518758,0.254546,-0.379749,0.02592,-0.27079,-0.535002,-0.161273,0.073314,0.414936,0.02233,8,8,8,5,8,5.057273,1.178063,0.0,-2.527225,-8.047029,0,8
case_02_Zr_peak_seed9513,Zr,peak,9513,15,0.432817,0.018353,0.502065,0.357953,-0.356732,0.018353,-0.287483,-0.431595,-0.131343,0.05191,0.434593,0.237455,8,8,7,4,7,5.081699,2.053578,0.0,-1.901048,-6.174183,0,8
case_02_Zr_peak_seed9513,Zr,peak,9513,16,0.44058,0.017766,0.501613,0.354319,-0.348969,0.017766,-0.287936,-0.43523,-0.1174,0.05025,0.480446,-0.002831,8,7,7,6,7,4.662845,0.69026,0.0,-3.224133,-7.390774,0,8
case_02_Zr_peak_seed9513,Zr,peak,9513,17,0.397677,0.018387,0.456978,0.313092,-0.391871,0.018387,-0.33257,-0.476457,-0.152288,0.052008,0.456728,0.001822,8,8,8,5,8,4.349029,0.258652,0.0,-5.997397,-8.200315,0,8
case_02_Zr_peak_seed9513,Zr,peak,9513,18,0.490649,0.036641,0.710907,0.389971,-0.2989,0.036641,-0.078641,-0.399578,-0.056351,0.103636,0.583518,-0.218681,8,8,8,4,8,5.181221,2.025289,0.0,-5.106833,-8.007601,0,8
case_02_Zr_peak_seed9513,Zr,peak,9513,19,0.387298,0.017594,0.49836,0.324251,-0.402251,0.017594,-0.291189,-0.465298,-0.151716,0.049765,0.446188,0.293819,8,8,8,6,8,4.377426,0.354627,0.0,-3.205718,-6.052975,0,8
case_02_Zr_peak_seed9513,Zr,peak,9513,20,0.440753,0.027289,0.584913,0.349486,-0.348796,0.027289,-0.204636,-0.440062,-0.093348,0.077186,0.52994,0.103922,8,7,7,5,7,4.821171,0.939288,0.0,-6.60221,-6.854724,0,8
case_02_Zr_peak_seed9513,Zr,peak,9513,21,0.395458,0.013627,0.466632,0.340984,-0.394091,0.013627,-0.322916,-0.448565,-0.131711,0.038542,0.51746,-0.06305,8,7,8,6,8,4.801265,1.374688,0.0,1.402372,-5.420598,0,8
case_02_Zr_peak_seed9513,Zr,peak,9513,22,0.42269,0.012535,0.481757,0.377762,-0.366858,0.012535,-0.307792,-0.411787,-0.099255,0.035453,0.521309,0.302823,8,8,8,5,8,5.326667,1.458567,0.0,0.661044,-5.531948,0,8
case_02_Zr_peak_seed9513,Zr,peak,9513,23,0.397812,0.027969,0.590609,0.338325,-0.391737,0.027969,-0.19894,-0.451223,-0.117927,0.079108,0.511934,0.297699,8,8,7,4,7,5.376156,0.918865,0.0,-3.214936,-6.048183,0,8
case_02_Zr_peak_seed9513,Zr,peak,9513,24,0.394916,0.018305,0.518198,0.343184,-0.394633,0.018305,-0.27135,-0.446364,-0.114782,0.051775,0.500754,0.536446,8,8,8,5,8,5.328978,1.116308,0.0,-1.901779,-5.682432,0,8
case_02_Zr_peak_seed9513,Zr,peak,9513,25,0.454304,0.008189,0.477242,0.402798,-0.335245,0.008189,-0.312306,-0.386751,-0.052624,0.023162,0.623825,-0.001206,8,8,7,6,7,5.171706,0.927052,0.0,-2.659021,-6.565094,0,8
case_02_Zr_peak_seed9513,Zr,peak,9513,26,0.402833,0.033087,0.503362,0.212199,-0.386715,0.033087,-0.286186,-0.57735,-0.09889,0.093585,0.568351,0.154984,8,7,6,4,6,4.888436,0.962448,0.0,-3.723432,-5.610926,0,8
case_02_Zr_peak_seed9513,Zr,peak,9513,27,0.434666,0.018895,0.50373,0.335526,-0.354882,0.018895,-0.285819,-0.454022,-0.063704,0.053442,0.668519,-0.431157,8,8,7,5,7,5.392571,1.703977,0.0,1.086223,-5.283651,0,8
case_02_Zr_peak_seed9513,Zr,peak,9513,28,0.379522,0.015271,0.465922,0.312225,-0.410027,0.015271,-0.323627,-0.477323,-0.112906,0.043194,0.567037,0.155202,8,7,6,5,6,4.562911,0.675411,0.0,-11.089968,-7.511664,0,8
case_02_Zr_peak_seed9513,Zr,peak,9513,29,0.402902,0.020598,0.480055,0.303386,-0.386647,0.020598,-0.309494,-0.486162,-0.08505,0.058259,0.588103,0.285508,8,8,8,5,8,5.581597,1.416629,0.0,-0.478072,-5.318732,0,8
case_02_Zr_peak_seed9513,Zr,peak,9513,30,0.404326,0.018347,0.493987,0.315153,-0.385223,0.018347,-0.295561,-0.474395,-0.079444,0.051894,0.60809,0.211243,8,8,7,6,7,5.571178,1.338569,0.0,-4.408618,-7.947648,0,8
case_02_Zr_peak_seed9513,Zr,peak,9513,31,0.429404,0.019676,0.518636,0.315848,-0.360145,0.019676,-0.270912,-0.4737,-0.051648,0.055652,0.652998,0.112409,8,6,7,5,7,5.187082,1.283286,0.0,-0.294059,-6.847517,0,8
case_02_Zr_peak_seed9513,Zr,peak,9513,32,0.421154,0.022971,0.529121,0.292957,-0.368395,0.022971,-0.260428,-0.496592,-0.056903,0.064972,0.623821,0.410589,8,8,6,6,6,5.105589,1.077692,0.0,-2.602894,-7.062888,0,8
case_02_Zr_peak_seed9513,Zr,peak,9513,33,0.404898,0.029545,0.507696,0.27379,-0.38465,0.029545,-0.281853,-0.515759,-0.069501,0.083567,0.648708,0.095953,8,8,8,6,8,4.610487,0.876337,0.0,-7.25681,-7.607304,0,8
case_02_Zr_peak_seed9513,Zr,peak,9513,34,0.428411,0.021068,0.509131,0.319795,-0.361137,0.021068,-0.280417,-0.469754,-0.043688,0.05959,0.680787,0.084972,8,8,8,5,8,4.861769,0.487637,0.0,-4.831306,-6.205558,0,8
case_02_Zr_peak_seed9513,Zr,peak,9513,35,0.437666,0.022932,0.583974,0.365748,-0.351882,0.022932,-0.205575,-0.423801,-0.032711,0.064861,0.702607,0.028219,8,6,6,5,6,5.375059,2.203201,0.0,0.931938,-5.142428,0,8
case_02_Zr_peak_seed9513,Zr,peak,9513,36,0.459669,0.034589,0.659066,0.349549,-0.32988,0.034589,-0.130482,-0.44,-0.010174,0.097831,0.606812,1.262978,8,7,8,4,8,4.897489,0.951794,0.0,-3.324833,-7.251163,0,8
case_02_Zr_peak_seed9513,Zr,peak,9513,37,0.427408,0.033869,0.620895,0.316651,-0.36214,0.033869,-0.168654,-0.472898,-0.040313,0.095797,0.663891,0.428648,8,8,7,5,7,4.796294,1.656683,0.0,-6.268678,-7.254981,0,8
case_02_Zr_peak_seed9513,Zr,peak,9513,38,0.39878,0.020334,0.528709,0.341984,-0.390769,0.020334,-0.260839,-0.447565,-0.065494,0.057514,0.6506,0.348924,8,7,7,5,7,4.800817,0.953044,0.0,-1.945397,-6.258857,0,8
case_02_Zr_peak_seed9513,Zr,peak,9513,39,0.422817,0.015018,0.495727,0.354383,-0.366731,0.015018,-0.293821,-0.435165,-0.039384,0.042479,0.667176,0.483957,8,8,8,5,8,4.842078,0.3977,0.0,-9.890512,-6.986973,0,8
case_02_Zr_peak_seed9513,Zr,peak,9513,40,0.397868,0.017799,0.502367,0.332346,-0.391681,0.017799,-0.287181,-0.457203,-0.061117,0.050343,0.67933,0.168887,8,7,6,5,6,5.097665,1.477718,0.0,-8.295753,-6.594911,0,8
case_02_Zr_peak_seed9513,Zr,peak,9513,41,0.416594,0.021617,0.52047,0.339116,-0.372954,0.021617,-0.269078,-0.450433,-0.040271,0.061142,0.633261,0.871116,8,8,7,4,7,5.410613,1.872028,0.0,0.667548,-6.007071,0,8
case_02_Zr_peak_seed9513,Zr,peak,9513,42,0.406845,0.017906,0.515025,0.350577,-0.382704,0.017906,-0.274523,-0.438971,-0.047519,0.050645,0.647978,0.684241,8,8,8,4,8,5.847996,1.927549,0.0,1.496881,-5.714657,0,8
case_02_Zr_peak_seed9513,Zr,peak,9513,43,0.427384,0.019234,0.529364,0.357247,-0.362164,0.019234,-0.260185,-0.432302,-0.025631,0.054402,0.710682,0.299892,8,8,7,4,7,5.645744,1.287909,0.0,-0.315099,-5.816417,0,8
case_02_Zr_peak_seed9513,Zr,peak,9513,44,0.442316,0.050227,0.81025,0.350272,-0.367934,0.050227,0.0,-0.459979,-0.02983,0.142063,0.734836,0.042014,8,8,8,4,8,5.343143,1.149967,0.0,-4.838432,-8.798724,0,8
case_02_Zr_peak_seed9513,Zr,peak,9513,45,0.400679,0.021181,0.53979,0.323432,-0.409571,0.021181,-0.27046,-0.486818,-0.067894,0.059908,0.623648,0.7773,8,8,7,4,7,5.071934,1.528082,0.0,-4.04639,-6.410418,0,8
case_02_Zr_peak_seed9513,Zr,peak,9513,46,0.436562,0.019788,0.524435,0.339832,-0.373689,0.019788,-0.285816,-0.470418,-0.030411,0.055968,0.699064,0.431795,8,8,8,5,8,5.163019,2.225834,0.0,-4.612638,-5.894547,0,8
case_02_Zr_peak_seed9513,Zr,peak,9513,47,0.425642,0.025292,0.590518,0.341265,-0.384609,0.025292,-0.219732,-0.468986,-0.039264,0.071537,0.661699,0.743535,8,8,8,4,8,5.375145,1.106305,0.0,0.347925,-6.117909,0,8
case_02_Zr_peak_seed9513,Zr,peak,9513,48,0.411969,0.013177,0.471401,0.367687,-0.398281,0.013177,-0.33885,-0.442563,-0.05029,0.03727,0.640394,0.831478,8,7,5,5,5,5.639077,1.212948,0.0,-1.504081,-4.24472,0,8
case_02_Zr_peak_seed9513,Zr,peak,9513,49,0.396304,0.027853,0.513041,0.314352,-0.413946,0.027853,-0.297209,-0.495898,-0.062657,0.078781,0.579389,1.356773,8,7,6,4,6,5.312107,1.616869,0.0,-2.065788,-5.999415,0,8
case_02_Zr_peak_seed9513,Zr,peak,9513,50,0.412333,0.025331,0.548424,0.309572,-0.397917,0.025331,-0.261826,-0.500679,-0.044297,0.071647,0.746058,-0.110432,8,8,8,6,8,5.347982,1.633609,0.0,-1.622587,-6.649328,0,8
case_02_Zr_peak_seed9513,Zr,peak,9513,51,0.441748,0.023628,0.581176,0.363441,-0.368503,0.023628,-0.229075,-0.44681,-0.014138,0.06683,0.755846,0.104145,8,7,7,4,7,4.723668,2.289876,0.0,-3.920057,-7.495281,0,8
case_02_Zr_peak_seed9513,Zr,peak,9513,52,0.460018,0.027963,0.577076,0.361767,-0.350232,0.027963,-0.233174,-0.448484,0.003925,0.079091,0.668045,1.183416,8,7,7,3,7,5.155756,1.989455,0.0,-3.48137,-6.346333,0,8
case_02_Zr_peak_seed9513,Zr,peak,9513,53,0.39229,0.057404,0.580758,0.0,-0.41796,0.057404,-0.229492,-0.81025,-0.060612,0.162363,0.685052,0.36714,8,8,8,6,8,5.099091,2.105607,0.0,-5.661989,-5.705266,1,7
case_02_Zr_peak_seed9513,Zr,peak,9513,54,0.404523,0.022201,0.518185,0.316132,-0.405727,0.022201,-0.292065,-0.494119,-0.04596,0.062795,0.711747,0.255728,8,7,7,3,7,5.296696,0.895527,0.0,-0.443904,-6.377712,0,8
case_02_Zr_peak_seed9513,Zr,peak,9513,55,0.444834,0.021924,0.566597,0.371402,-0.365417,0.021924,-0.243653,-0.438849,-0.005367,0.062009,0.797445,-0.176597,8,8,8,6,8,4.869152,0.904678,0.0,-0.933172,-6.643733,0,8
case_02_Zr_peak_seed9513,Zr,peak,9513,56,0.417602,0.017813,0.495004,0.330822,-0.392649,0.017813,-0.315246,-0.479428,-0.030969,0.050384,0.67446,0.805042,8,8,8,5,8,4.845182,0.622144,0.0,-3.993565,-5.898047,0,8
case_02_Zr_peak_seed9513,Zr,peak,9513,57,0.45386,0.027904,0.581572,0.289325,-0.356391,0.027904,-0.228678,-0.520925,0.005024,0.078926,0.756206,0.360565,8,8,7,4,7,5.058998,1.097649,0.0,-1.840099,-5.939887,0,8
case_02_Zr_peak_seed9513,Zr,peak,9513,58,0.37396,0.015382,0.425499,0.288596,-0.43629,0.015382,-0.384751,-0.521654,-0.071132,0.043508,0.729776,-0.131621,8,8,8,4,8,5.060225,1.851943,0.0,-3.364352,-6.334319,0,8
case_02_Zr_peak_seed9513,Zr,peak,9513,59,0.426789,0.02943,0.572581,0.32148,-0.383461,0.02943,-0.23767,-0.48877,-0.017387,0.08324,0.672098,1.023101,8,8,8,5,8,5.848766,2.022339,0.0,0.075422,-6.583516,0,8
case_02_Zr_peak_seed9513,Zr,peak,9513,60,0.417122,0.01741,0.524396,0.36664,-0.393128,0.01741,-0.285855,-0.443611,-0.025702,0.049244,0.688685,0.760916,8,8,8,4,8,5.580526,2.383665,0.0,-3.568244,-6.54176,0,8
case_02_Zr_peak_seed9513,Zr,peak,9513,61,0.436996,0.022633,0.561756,0.341378,-0.373254,0.022633,-0.248494,-0.468872,-0.005536,0.064017,0.690018,0.953576,8,8,6,5,6,5.300947,0.384941,0.0,-7.03932,-6.447579,0,8
case_02_Zr_peak_seed9513,Zr,peak,9513,62,0.332703,0.045184,0.422081,0.0,-0.477547,0.045184,-0.38817,-0.81025,-0.104338,0.1278,0.636683,0.493974,8,8,8,5,8,4.616083,1.406273,0.0,-4.48786,-5.218128,1,7
case_02_Zr_peak_seed9513,Zr,peak,9513,63,0.418125,0.017788,0.477645,0.360008,-0.392125,0.017788,-0.332606,-0.450243,-0.01797,0.050311,0.757183,0.166225,8,7,6,5,6,5.14979,1.054416,0.0,-8.08788,-8.268957,0,8
case_02_Zr_peak_seed9513,Zr,peak,9513,64,0.385226,0.055484,0.511847,0.0,-0.425024,0.055484,-0.298403,-0.81025,-0.048326,0.156933,0.746268,-0.024887,8,8,8,5,8,5.324341,0.972152,0.0,-7.042791,-5.940185,1,7
case_02_Zr_peak_seed9513,Zr,peak,9513,65,0.426736,0.0199,0.535063,0.364068,-0.383515,0.0199,-0.275187,-0.446182,-0.006475,0.056286,0.680315,1.06053,8,8,8,5,8,4.857292,1.154875,0.0,-5.148894,-7.574208,0,8
case_02_Zr_peak_seed9513,Zr,peak,9513,66,0.420019,0.018285,0.519835,0.345938,-0.390232,0.018285,-0.290415,-0.464312,-0.012533,0.051717,0.740315,0.398181,8,8,8,5,8,5.40974,1.780031,0.0,-0.613065,-6.44144,0,8
case_02_Zr_peak_seed9513,Zr,peak,9513,67,0.439977,0.024234,0.560153,0.368981,-0.370273,0.024234,-0.250098,-0.441269,0.007055,0.068545,0.813788,-0.13162,8,8,7,4,7,5.374831,1.514946,0.0,1.403181,-5.007463,0,8
case_02_Zr_peak_seed9513,Zr,peak,9513,68,0.437801,0.027623,0.582516,0.322308,-0.372449,0.027623,-0.227734,-0.487942,0.004634,0.07813,0.751435,0.465402,8,7,7,5,7,4.725664,1.337261,0.0,-8.397051,-5.537361,0,8
case_02_Zr_peak_seed9513,Zr,peak,9513,69,0.437505,0.034909,0.66807,0.328054,-0.372745,0.034909,-0.14218,-0.482196,0.004121,0.098739,0.737492,0.613816,8,7,6,3,6,5.084823,0.896509,0.0,-2.507172,-5.954909,0,8
case_02_Zr_peak_seed9513,Zr,peak,9513,70,0.393651,0.019396,0.487179,0.318926,-0.416599,0.019396,-0.323071,-0.491324,-0.037746,0.054861,0.718009,0.399295,8,8,8,6,8,4.898584,0.903043,0.0,-2.324279,-6.886607,0,8
case_02_Zr_peak_seed9513,Zr,peak,9513,71,0.435843,0.021398,0.574571,0.355907,-0.374407,0.021398,-0.235679,-0.454344,0.004224,0.060522,0.586057,2.054656,8,8,6,4,6,5.315941,2.081972,0.0,-6.597279,-7.738631,0,8
case_02_Zr_peak_seed9513,Zr,peak,9513,72,0.493603,0.043515,0.781722,0.329287,-0.316648,0.043515,-0.028528,-0.480963,0.058884,0.123078,0.766441,0.893555,8,8,8,5,8,5.335462,1.514714,0.0,0.136379,-6.578051,0,8
case_02_Zr_peak_seed9513,Zr,peak,9513,73,0.413083,0.018034,0.495959,0.354893,-0.397168,0.018034,-0.314291,-0.455357,-0.020554,0.051007,0.500936,2.850738,8,8,7,5,7,4.88257,1.942684,0.0,-5.324281,-7.587363,0,8
case_02_Zr_peak_seed9513,Zr,peak,9513,74,0.465717,0.046595,0.706235,0.344435,-0.344533,0.046595,-0.104015,-0.465816,0.030476,0.13179,0.803476,0.234577,8,8,7,3,7,5.097087,1.141588,0.0,-5.232153,-7.53257,0,8
case_02_Zr_peak_seed9513,Zr,peak,9513,75,0.50226,0.050799,0.821448,0.348375,-0.319188,0.050799,0.0,-0.473073,0.053031,0.143681,0.845195,0.056737,8,6,6,4,6,4.630663,0.593127,0.0,-3.907413,-6.782971,0,8
case_02_Zr_peak_seed9513,Zr,peak,9513,76,0.382933,0.02436,0.461529,0.248694,-0.438515,0.02436,-0.359919,-0.572754,-0.062981,0.068899,0.55763,1.767729,8,7,7,5,7,4.845969,0.833488,0.0,-7.524379,-6.825912,0,8
case_02_Zr_peak_seed9513,Zr,peak,9513,77,0.379698,0.008761,0.4198,0.342173,-0.44175,0.008761,-0.401648,-0.479275,-0.062906,0.024781,0.702196,0.328259,8,8,6,5,6,5.117924,1.048905,0.0,-3.291777,-5.848962,0,8
case_02_Zr_peak_seed9513,Zr,peak,9513,78,0.444208,0.031224,0.55172,0.260301,-0.37724,0.031224,-0.269728,-0.561147,0.001524,0.088316,0.752085,0.47677,8,8,7,6,7,4.596276,0.180937,0.0,-8.190495,-5.664037,0,8
case_02_Zr_peak_seed9513,Zr,peak,9513,79,0.447358,0.02481,0.615491,0.36763,-0.37409,0.02481,-0.205956,-0.453818,0.004441,0.070172,0.771638,0.312969,8,8,8,4,8,5.169858,1.239632,0.0,-1.82104,-5.191285,0,8
case_02_Zr_peak_seed9513,Zr,peak,9513,80,0.407876,0.026174,0.481901,0.267109,-0.413572,0.026174,-0.339547,-0.554339,-0.03329,0.074031,0.661311,1.038033,8,7,7,5,7,4.710694,1.165482,0.0,-3.046291,-7.861013,0,8
case_02_Zr_peak_seed9513,Zr,peak,9513,81,0.44435,0.06034,0.890482,0.335387,-0.446132,0.06034,0.0,-0.555095,-0.062557,0.170667,0.641177,0.946063,8,8,8,4,8,5.38258,0.945914,0.0,0.696423,-5.605083,0,8
case_02_Zr_peak_seed9513,Zr,peak,9513,82,0.370283,0.007148,0.403589,0.337547,-0.520199,0.007148,-0.486893,-0.552934,-0.129793,0.020219,0.610357,0.592882,8,8,8,5,8,5.13479,1.176902,0.0,-0.184539,-6.690972,0,8
case_02_Zr_peak_seed9513,Zr,peak,9513,83,0.442968,0.024442,0.561192,0.320894,-0.447514,0.024442,-0.32929,-0.569588,-0.054252,0.069133,0.70595,0.393981,8,8,7,5,7,4.900444,0.826339,0.0,-2.225823,-7.68641,0,8
case_02_Zr_peak_seed9513,Zr,peak,9513,84,0.392562,0.011343,0.43488,0.329601,-0.49792,0.011343,-0.455602,-0.560881,-0.099426,0.032083,0.630065,0.698595,8,8,8,6,8,5.410908,2.720268,0.0,-5.935096,-7.865809,0,8
case_02_Zr_peak_seed9513,Zr,peak,9513,85,0.486478,0.04446,0.80317,0.367876,-0.404004,0.04446,-0.087312,-0.522606,-0.005234,0.125751,0.772201,0.22076,8,8,7,4,7,4.677091,0.525897,0.0,-3.204204,-6.02053,0,8
case_02_Zr_peak_seed9513,Zr,peak,9513,86,0.414341,0.018112,0.533146,0.367901,-0.476141,0.018112,-0.357336,-0.522581,-0.073503,0.051227,0.532877,2.0264,8,8,7,3,7,5.580064,0.873666,0.0,-3.695187,-5.180491,0,8
case_02_Zr_peak_seed9513,Zr,peak,9513,87,0.410103,0.017003,0.498393,0.319043,-0.480379,0.017003,-0.392088,-0.571438,-0.073854,0.048091,0.724983,0.010654,8,7,7,5,7,4.485068,0.506571,0.0,-6.479087,-9.178715,0,8
case_02_Zr_peak_seed9513,Zr,peak,9513,88,0.424382,0.019393,0.493777,0.346742,-0.4661,0.019393,-0.396704,-0.543739,-0.056596,0.054852,0.673975,0.701696,8,7,7,3,7,5.057347,1.28484,0.0,1.099168,-5.192759,0,8
case_02_Zr_peak_seed9513,Zr,peak,9513,89,0.434141,0.021815,0.563605,0.339989,-0.456341,0.021815,-0.326877,-0.550493,-0.044495,0.061701,0.716855,0.388809,8,8,8,6,8,4.651256,0.523575,0.0,-6.570693,-6.88293,0,8
case_02_Zr_peak_seed9513,Zr,peak,9513,90,0.401734,0.021676,0.502711,0.336448,-0.488748,0.021676,-0.387771,-0.554034,-0.073057,0.06131,0.645784,0.814208,8,8,8,6,8,4.140542,1.107484,0.0,-4.476101,-7.136869,0,8
case_02_Zr_peak_seed9513,Zr,peak,9513,91,0.434403,0.030856,0.632131,0.33349,-0.456079,0.030856,-0.258351,-0.556992,-0.038368,0.087273,0.76015,0.018935,8,8,8,5,8,5.341344,1.237546,0.0,-3.277833,-6.732705,0,8
case_02_Zr_peak_seed9513,Zr,peak,9513,92,0.35747,0.05217,0.546795,0.0,-0.533012,0.05217,-0.343686,-0.890482,-0.109537,0.147558,0.534599,1.548884,8,8,8,6,8,4.796682,1.090626,0.0,-3.326049,-8.628222,1,7
case_02_Zr_peak_seed9513,Zr,peak,9513,93,0.399102,0.021892,0.522847,0.323746,-0.491379,0.021892,-0.367635,-0.566736,-0.064509,0.061921,0.716337,0.202477,8,8,8,4,8,5.30551,1.729394,0.0,-2.19788,-5.723639,0,8
case_02_Zr_peak_seed9513,Zr,peak,9513,94,0.413275,0.016623,0.485261,0.342564,-0.477207,0.016623,-0.405221,-0.547917,-0.047819,0.047018,0.713765,0.393279,8,8,7,4,7,5.052446,2.147846,0.0,-4.032885,-6.557168,0,8
case_02_Zr_peak_seed9513,Zr,peak,9513,95,0.367097,0.054052,0.532062,0.0,-0.523385,0.054052,-0.35842,-0.890482,-0.089297,0.152882,0.674745,0.378098,8,8,8,5,8,5.603567,1.755053,0.0,-2.358603,-7.302957,1,7
case_02_Zr_peak_seed9513,Zr,peak,9513,96,0.387615,0.016786,0.492499,0.334648,-0.502867,0.016786,-0.397982,-0.555834,-0.065341,0.047479,0.703706,0.321981,8,8,7,5,7,4.883225,0.572011,0.0,-2.494508,-6.287709,0,8
case_02_Zr_peak_seed9513,Zr,peak,9513,97,0.423016,0.012524,0.481501,0.383626,-0.467466,0.012524,-0.408981,-0.506855,-0.028442,0.035425,0.765196,0.081494,8,8,8,5,8,5.579513,1.552444,0.0,-1.281671,-4.987591,0,8
case_02_Zr_peak_seed9513,Zr,peak,9513,98,0.419214,0.017577,0.505422,0.355983,-0.471268,0.017577,-0.38506,-0.534498,-0.030633,0.049715,0.759689,0.111748,8,8,6,5,6,5.335468,1.966492,0.0,-2.027555,-6.158752,0,8
case_02_Zr_peak_seed9513,Zr,peak,9513,99,0.393229,0.018874,0.512494,0.326062,-0.497253,0.018874,-0.377988,-0.56442,-0.053786,0.053384,0.654721,0.894121,8,8,7,5,7,5.094477,0.864078,0.0,-6.451524,-5.967934,0,8
case_02_Zr_peak_seed9513,Zr,peak,9513,100,0.401394,0.013321,0.456654,0.320385,-0.489088,0.013321,-0.433828,-0.570097,-0.043341,0.037679,0.74043,0.183206,8,8,8,4,8,5.600796,1.720456,0.0,0.502003,-5.935617,0,8
case_03_NbS2_cosine_seed9521,NbS2,cosine,9521,1,0.570402,0.042187,0.732332,0.306147,-0.16193,0.042187,0.0,-0.426185,0.0,0.119323,5.981194,0.003065,8,4,4,4,4,1.820852,0.951647,0.009491,-35.388397,-9.80409,0,8
case_03_NbS2_cosine_seed9521,NbS2,cosine,9521,2,0.551474,0.035083,0.748207,0.421467,-0.196733,0.035083,0.0,-0.32674,-0.033063,0.099231,6.033454,-0.033704,8,4,4,4,4,1.543608,0.392011,0.308904,-33.865536,-10.451247,0,8
case_03_NbS2_cosine_seed9521,NbS2,cosine,9521,3,0.504689,0.079617,0.732167,0.0,-0.243518,0.079617,-0.01604,-0.748207,-0.075856,0.225192,6.049893,0.075735,8,3,4,4,4,1.404416,0.700752,0.568197,-35.396576,-11.005903,1,7
case_03_NbS2_cosine_seed9521,NbS2,cosine,9521,4,0.529371,0.044507,0.753161,0.309338,-0.22379,0.044507,0.0,-0.443823,-0.053321,0.125885,6.097852,0.428653,8,4,4,5,5,1.567802,0.380783,0.259063,-32.435909,-10.918167,0,8
case_03_NbS2_cosine_seed9521,NbS2,cosine,9521,5,0.513409,0.070975,0.650774,0.0,-0.239751,0.070975,-0.102387,-0.753161,-0.065818,0.200746,6.18042,-0.009797,8,3,3,3,3,1.121491,0.301336,0.122508,-39.422077,-10.213566,1,7
case_03_NbS2_cosine_seed9521,NbS2,cosine,9521,6,0.518656,0.078947,0.702716,0.0,-0.234505,0.078947,-0.050444,-0.753161,-0.057543,0.223295,6.190922,0.437788,8,3,4,4,4,1.302866,0.029951,0.547139,-35.974617,-10.839221,1,7
case_03_NbS2_cosine_seed9521,NbS2,cosine,9521,7,0.579624,0.04797,0.790159,0.397894,-0.210536,0.04797,0.0,-0.392265,-0.031895,0.135679,6.317654,-0.165286,8,6,6,7,7,2.520739,0.363604,0.188246,-29.914345,-8.784863,0,8
case_03_NbS2_cosine_seed9521,NbS2,cosine,9521,8,0.538416,0.02096,0.605394,0.432361,-0.251743,0.02096,-0.184765,-0.357799,-0.069448,0.059284,6.24393,0.578629,8,3,3,3,3,2.075724,0.002231,0.002251,-25.635672,-10.156385,0,8
case_03_NbS2_cosine_seed9521,NbS2,cosine,9521,9,0.547597,0.028142,0.683151,0.436022,-0.242562,0.028142,-0.107008,-0.354137,-0.057254,0.079596,6.221263,1.282523,8,2,2,2,2,0.771813,0.003919,0.117005,-45.742249,-12.817269,0,8
case_03_NbS2_cosine_seed9521,NbS2,cosine,9521,10,0.518335,0.034774,0.675367,0.374145,-0.271824,0.034774,-0.114793,-0.416015,-0.08219,0.098356,6.296771,0.548877,8,4,4,3,4,2.488486,0.173968,0.028144,-32.326981,-11.346242,0,8
case_03_NbS2_cosine_seed9521,NbS2,cosine,9521,11,0.618653,0.0235,0.734791,0.513285,-0.171507,0.0235,-0.055368,-0.276875,0.017221,0.066469,6.43922,0.422412,8,3,3,3,3,1.232115,0.035456,0.014563,-40.119324,-11.381395,0,8
case_03_NbS2_cosine_seed9521,NbS2,cosine,9521,12,0.566978,0.027204,0.656279,0.441225,-0.223181,0.027204,-0.13388,-0.348934,-0.03273,0.076945,6.455973,0.022264,8,4,4,5,5,1.708701,0.509479,0.768473,-35.05864,-10.486345,0,8
case_03_NbS2_cosine_seed9521,NbS2,cosine,9521,13,0.568947,0.033771,0.711533,0.419847,-0.221212,0.033771,-0.078627,-0.370312,-0.029223,0.09552,6.490539,-0.05319,8,5,5,5,6,1.880821,1.048254,0.121564,-27.58131,-10.926601,0,8
case_03_NbS2_cosine_seed9521,NbS2,cosine,9521,14,0.611545,0.025683,0.703396,0.449696,-0.178615,0.025683,-0.086763,-0.340463,0.012705,0.072644,6.443266,1.142357,8,3,3,3,3,1.032911,0.002258,0.011769,-45.711441,-12.119439,0,8
case_03_NbS2_cosine_seed9521,NbS2,cosine,9521,15,0.511867,0.032759,0.614338,0.31542,-0.278292,0.032759,-0.175822,-0.474739,-0.082623,0.092658,6.451496,0.422878,8,4,4,4,4,1.901441,0.00926,0.318082,-27.516523,-9.065916,0,8
case_03_NbS2_cosine_seed9521,NbS2,cosine,9521,16,0.608111,0.023183,0.700302,0.488329,-0.182049,0.023183,-0.089857,-0.301831,0.012939,0.065572,6.576454,0.372767,8,4,4,3,4,1.336324,0.073762,0.038709,-42.659389,-10.976572,0,8
case_03_NbS2_cosine_seed9521,NbS2,cosine,9521,17,0.652462,0.039959,0.764574,0.417706,-0.137698,0.039959,-0.025585,-0.372454,0.054425,0.113022,6.668656,0.070118,8,4,4,4,4,1.597828,0.071994,0.467513,-37.870178,-10.918473,0,8
case_03_NbS2_cosine_seed9521,NbS2,cosine,9521,18,0.560452,0.034261,0.74029,0.374698,-0.229707,0.034261,-0.04987,-0.415461,-0.035705,0.096904,6.54886,0.58109,8,3,4,3,5,1.369764,0.180496,0.204766,-41.130535,-11.658819,0,8
case_03_NbS2_cosine_seed9521,NbS2,cosine,9521,19,0.58442,0.030961,0.749678,0.455797,-0.205739,0.030961,-0.040482,-0.334362,-0.01115,0.087571,6.531697,1.175214,8,3,3,3,3,1.323857,0.208446,0.00235,-42.2938,-11.445348,0,8
case_03_NbS2_cosine_seed9521,NbS2,cosine,9521,20,0.628857,0.030428,0.772886,0.510825,-0.161303,0.030428,-0.017273,-0.279334,0.031622,0.086064,6.686666,0.233,8,3,3,3,3,1.597425,0.007939,0.001029,-35.85334,-10.528089,0,8
case_03_NbS2_cosine_seed9521,NbS2,cosine,9521,21,0.616742,0.04174,0.781324,0.436797,-0.173417,0.04174,-0.008836,-0.353362,0.018532,0.118058,6.613559,1.019413,8,3,3,3,3,1.46779,0.002115,0.108309,-41.164112,-10.979712,0,8
case_03_NbS2_cosine_seed9521,NbS2,cosine,9521,22,0.59052,0.037357,0.749922,0.378585,-0.199639,0.037357,-0.040238,-0.411574,-0.007305,0.105662,6.626712,0.816793,8,2,2,2,2,0.771672,0.420382,0.136095,-45.30983,-12.823585,0,8
case_03_NbS2_cosine_seed9521,NbS2,cosine,9521,23,0.574089,0.034002,0.764114,0.46216,-0.216071,0.034002,-0.026045,-0.328,-0.02255,0.096171,6.609386,1.008084,8,3,3,2,3,1.260841,0.072635,0.008709,-37.738617,-11.291817,0,8
case_03_NbS2_cosine_seed9521,NbS2,cosine,9521,24,0.533819,0.032399,0.680599,0.346392,-0.256341,0.032399,-0.109561,-0.443767,-0.059679,0.091639,6.596096,0.947272,8,5,5,5,5,1.761495,0.512793,0.078903,-35.928246,-10.701836,0,8
case_03_NbS2_cosine_seed9521,NbS2,cosine,9521,25,0.56468,0.023711,0.698014,0.452151,-0.225479,0.023711,-0.092146,-0.338008,-0.027376,0.067066,6.698533,0.418923,8,4,4,4,4,1.787378,0.478139,0.014027,-37.568214,-11.364782,0,8
case_03_NbS2_cosine_seed9521,NbS2,cosine,9521,26,0.606746,0.032556,0.727029,0.44664,-0.183413,0.032556,-0.063131,-0.343519,0.013955,0.092081,6.713114,0.876368,8,5,5,5,5,2.024811,0.037577,0.204125,-28.966209,-9.824456,0,8
case_03_NbS2_cosine_seed9521,NbS2,cosine,9521,27,0.544313,0.040258,0.707591,0.313517,-0.245847,0.040258,-0.082568,-0.476643,-0.046054,0.113868,6.588135,1.671632,8,3,3,4,4,1.992768,0.212653,0.005671,-42.165359,-11.734467,0,8
case_03_NbS2_cosine_seed9521,NbS2,cosine,9521,28,0.597768,0.024564,0.731378,0.499619,-0.192392,0.024564,-0.058782,-0.29054,0.00703,0.069478,6.742943,0.790679,8,4,4,3,4,1.468657,0.344329,0.125334,-36.897873,-11.546749,0,8
case_03_NbS2_cosine_seed9521,NbS2,cosine,9521,29,0.543792,0.037646,0.763474,0.381212,-0.246367,0.037646,-0.026686,-0.408948,-0.044598,0.106478,6.659861,1.274413,8,3,3,4,4,1.261061,0.036973,0.146788,-43.329048,-11.699439,0,8
case_03_NbS2_cosine_seed9521,NbS2,cosine,9521,30,0.572276,0.038234,0.769316,0.424092,-0.217883,0.038234,-0.020844,-0.366067,-0.015308,0.108142,6.766524,0.605765,8,4,5,5,5,2.789018,0.725361,0.090452,-20.09771,-9.271436,0,8
case_03_NbS2_cosine_seed9521,NbS2,cosine,9521,31,0.604918,0.041692,0.773516,0.471288,-0.185241,0.041692,-0.016643,-0.318872,0.016467,0.117922,6.797557,0.739654,8,3,3,3,3,1.328983,0.604459,0.018812,-37.593231,-10.999233,0,8
case_03_NbS2_cosine_seed9521,NbS2,cosine,9521,32,0.573631,0.02304,0.647008,0.416982,-0.216528,0.02304,-0.143151,-0.373177,-0.014079,0.065166,6.754315,1.012841,8,2,2,3,3,0.771613,0.000794,0.520209,-48.579895,-12.703079,0,8
case_03_NbS2_cosine_seed9521,NbS2,cosine,9521,33,0.625235,0.040331,0.783972,0.476206,-0.164924,0.040331,-0.006187,-0.313954,0.035649,0.114072,6.87512,0.427445,8,4,4,3,4,1.369608,0.074523,0.003269,-39.104122,-11.821745,0,8
case_03_NbS2_cosine_seed9521,NbS2,cosine,9521,34,0.579761,0.036203,0.738656,0.3709,-0.210398,0.036203,-0.051504,-0.419259,-0.009334,0.102398,6.72011,1.690664,8,4,4,4,4,1.886126,0.412397,0.055591,-29.722553,-9.355227,0,8
case_03_NbS2_cosine_seed9521,NbS2,cosine,9521,35,0.523358,0.033699,0.638965,0.348576,-0.266801,0.033699,-0.151194,-0.441583,-0.06245,0.095316,6.710394,1.374258,8,6,6,6,6,2.630891,0.568345,0.39615,-22.879734,-9.287152,0,8
case_03_NbS2_cosine_seed9521,NbS2,cosine,9521,36,0.565264,0.016007,0.62854,0.499007,-0.224896,0.016007,-0.161619,-0.291152,-0.019517,0.045274,6.648026,2.569134,8,2,3,2,3,1.141699,0.18268,0.008956,-42.942429,-13.359457,0,8
case_03_NbS2_cosine_seed9521,NbS2,cosine,9521,37,0.567829,0.03647,0.719361,0.36077,-0.22233,0.03647,-0.070798,-0.42939,-0.016104,0.103151,6.702427,2.162432,8,2,2,2,2,0.696079,0.002692,0.015265,-49.768372,-12.339891,0,8
case_03_NbS2_cosine_seed9521,NbS2,cosine,9521,38,0.529928,0.072653,0.685557,0.0,-0.260232,0.072653,-0.104602,-0.790159,-0.051305,0.205495,6.670593,2.267185,8,3,2,3,3,1.484223,0.012193,0.063518,-44.135674,-12.001883,1,7
case_03_NbS2_cosine_seed9521,NbS2,cosine,9521,39,0.537553,0.035787,0.656675,0.311036,-0.252607,0.035787,-0.133485,-0.479123,-0.041496,0.101222,6.702191,2.160678,8,3,3,3,3,1.142419,0.002104,0.009186,-42.385216,-10.441728,0,8
case_03_NbS2_cosine_seed9521,NbS2,cosine,9521,40,0.551912,0.033509,0.695648,0.361416,-0.238248,0.033509,-0.094512,-0.428743,-0.02578,0.094778,6.674629,2.679336,8,4,4,4,4,1.315986,0.891394,0.044287,-39.328873,-10.823919,0,8
case_03_NbS2_cosine_seed9521,NbS2,cosine,9521,41,0.584222,0.043246,0.79201,0.391775,-0.207787,0.043246,0.0,-0.400235,0.004446,0.122318,6.829683,1.475417,8,3,4,5,5,1.391457,0.771143,0.342137,-33.124199,-11.225847,0,8
case_03_NbS2_cosine_seed9521,NbS2,cosine,9521,42,0.59565,0.029503,0.728822,0.469412,-0.196359,0.029503,-0.063188,-0.322597,0.01508,0.083446,6.833657,1.579106,8,3,3,3,3,1.240518,0.353832,0.147889,-38.576267,-11.533803,0,8
case_03_NbS2_cosine_seed9521,NbS2,cosine,9521,43,0.531126,0.075494,0.714022,0.0,-0.260884,0.075494,-0.077987,-0.79201,-0.046972,0.21353,6.64153,2.909105,8,2,2,3,3,0.924037,4.4e-05,0.181202,-40.403469,-12.007108,1,7
case_03_NbS2_cosine_seed9521,NbS2,cosine,9521,44,0.583617,0.029737,0.763393,0.48976,-0.208392,0.029737,-0.028616,-0.302249,0.005243,0.08411,6.834525,1.528228,8,4,4,4,4,1.87997,0.19566,0.033376,-32.609959,-11.450218,0,8
case_03_NbS2_cosine_seed9521,NbS2,cosine,9521,45,0.541081,0.03043,0.615622,0.321358,-0.250929,0.03043,-0.176387,-0.470652,-0.035429,0.086068,6.885118,0.7125,8,4,5,6,6,2.275777,0.511866,0.12984,-24.345936,-10.377838,0,8
case_03_NbS2_cosine_seed9521,NbS2,cosine,9521,46,0.518066,0.033515,0.629929,0.364726,-0.273944,0.033515,-0.162081,-0.427283,-0.055521,0.094794,6.806367,1.319227,8,4,4,5,5,1.660814,0.333449,0.310166,-33.349174,-12.008423,0,8
case_03_NbS2_cosine_seed9521,NbS2,cosine,9521,47,0.56354,0.022673,0.631878,0.433071,-0.228469,0.022673,-0.160132,-0.358939,-0.009545,0.064129,6.899434,0.893208,8,4,4,4,4,2.25807,0.019655,0.033095,-37.10363,-10.457314,0,8
case_03_NbS2_cosine_seed9521,NbS2,cosine,9521,48,0.577701,0.029686,0.711302,0.451017,-0.214308,0.029686,-0.080707,-0.340992,0.004386,0.083966,6.775313,2.334505,8,4,5,3,5,1.686109,1.453409,0.03689,-30.801554,-11.653759,0,8
case_03_NbS2_cosine_seed9521,NbS2,cosine,9521,49,0.533351,0.024653,0.64828,0.449741,-0.258658,0.024653,-0.143729,-0.342268,-0.037966,0.06973,6.923614,0.457468,8,4,6,6,6,1.936055,0.741546,0.68006,-24.593887,-8.523794,0,8
case_03_NbS2_cosine_seed9521,NbS2,cosine,9521,50,0.55004,0.032536,0.729663,0.373696,-0.241969,0.032536,-0.062347,-0.418314,-0.020213,0.092026,6.910254,0.832854,8,4,4,4,4,1.424713,0.448822,0.527562,-32.535343,-10.64541,0,8
case_03_NbS2_cosine_seed9521,NbS2,cosine,9521,51,0.557216,0.020053,0.625441,0.470052,-0.234793,0.020053,-0.166568,-0.321958,-0.012385,0.056719,6.894245,1.062601,8,5,5,5,5,1.880787,0.531009,0.071221,-27.308331,-9.375808,0,8
case_03_NbS2_cosine_seed9521,NbS2,cosine,9521,52,0.592206,0.029114,0.767394,0.516987,-0.199804,0.029114,-0.024616,-0.275023,0.021474,0.082346,6.941801,0.978263,8,3,3,3,3,1.260976,0.079182,0.039693,-38.29361,-11.679564,0,8
case_03_NbS2_cosine_seed9521,NbS2,cosine,9521,53,0.583358,0.045341,0.764345,0.394637,-0.208652,0.045341,-0.027664,-0.397372,0.011995,0.128243,6.963575,0.737401,8,3,3,3,3,1.227529,0.016289,0.039659,-39.560017,-11.569017,0,8
case_03_NbS2_cosine_seed9521,NbS2,cosine,9521,54,0.491033,0.025847,0.594536,0.353032,-0.300976,0.025847,-0.197474,-0.438978,-0.076313,0.073106,6.81963,1.366367,8,5,5,3,5,2.788692,0.407604,0.117009,-31.752836,-10.460778,0,8
case_03_NbS2_cosine_seed9521,NbS2,cosine,9521,55,0.553015,0.040229,0.723018,0.388739,-0.238995,0.040229,-0.068992,-0.403271,-0.013615,0.113784,6.756999,2.736292,8,4,4,3,4,1.349285,0.348401,0.014006,-38.480324,-11.74498,0,8
case_03_NbS2_cosine_seed9521,NbS2,cosine,9521,56,0.657649,0.029462,0.781025,0.519967,-0.13436,0.029462,-0.010984,-0.272042,0.086468,0.08333,7.006474,1.281627,8,2,2,2,2,0.804603,0.002108,0.079718,-48.834412,-11.438152,0,8
case_03_NbS2_cosine_seed9521,NbS2,cosine,9521,57,0.51214,0.045615,0.688464,0.311872,-0.27987,0.045615,-0.103546,-0.480138,-0.056089,0.129019,6.76603,2.365269,8,5,5,5,5,2.795095,0.589634,0.133236,-28.913681,-9.68932,0,8
case_03_NbS2_cosine_seed9521,NbS2,cosine,9521,58,0.634645,0.026757,0.747445,0.518211,-0.157364,0.026757,-0.044565,-0.273798,0.063096,0.075679,7.012185,1.169877,8,3,3,3,3,1.450441,0.152546,0.022092,-42.810421,-11.763988,0,8
case_03_NbS2_cosine_seed9521,NbS2,cosine,9521,59,0.471354,0.069105,0.698735,0.0,-0.320655,0.069105,-0.093274,-0.79201,-0.095186,0.195459,6.838625,1.425917,8,3,4,4,4,1.670705,0.677451,0.004698,-39.01556,-9.999886,1,7
case_03_NbS2_cosine_seed9521,NbS2,cosine,9521,60,0.631756,0.044202,0.802473,0.44174,-0.170717,0.044202,0.0,-0.360732,0.052015,0.125023,7.033385,1.004987,8,4,4,4,4,1.316052,0.258422,0.235944,-39.764267,-10.510587,0,8
case_03_NbS2_cosine_seed9521,NbS2,cosine,9521,61,0.533685,0.042245,0.754234,0.313809,-0.268787,0.042245,-0.048238,-0.488664,-0.043753,0.119488,6.95764,0.891031,8,4,4,5,5,1.67401,0.011324,0.075609,-28.566612,-10.463857,0,8
case_03_NbS2_cosine_seed9521,NbS2,cosine,9521,62,0.535442,0.033487,0.666434,0.414677,-0.267031,0.033487,-0.136039,-0.387796,-0.039897,0.094715,6.881097,1.754898,8,5,5,5,5,2.777579,1.281504,0.219142,-32.95554,-10.12209,0,8
case_03_NbS2_cosine_seed9521,NbS2,cosine,9521,63,0.59299,0.052177,0.794341,0.336287,-0.209483,0.052177,-0.008132,-0.466185,0.016769,0.147578,6.958075,1.623741,8,3,3,3,3,1.108219,0.179482,0.145335,-42.404041,-12.259481,0,8
case_03_NbS2_cosine_seed9521,NbS2,cosine,9521,64,0.540579,0.040521,0.718734,0.347313,-0.261894,0.040521,-0.083739,-0.45516,-0.033859,0.114612,7.002017,0.750332,8,3,3,3,3,1.087953,1.333058,0.050308,-37.666443,-11.211123,0,8
case_03_NbS2_cosine_seed9521,NbS2,cosine,9521,65,0.602605,0.023197,0.734144,0.527767,-0.199868,0.023197,-0.068328,-0.274706,0.026758,0.065611,7.091945,0.528711,8,5,5,4,5,2.133724,0.152886,0.031214,-26.30687,-9.810792,0,8
case_03_NbS2_cosine_seed9521,NbS2,cosine,9521,66,0.598102,0.041618,0.724553,0.315571,-0.204371,0.041618,-0.07792,-0.486902,0.021142,0.117714,6.932952,2.168495,8,2,2,2,2,0.914199,2e-06,0.009675,-46.448402,-11.310165,0,8
case_03_NbS2_cosine_seed9521,NbS2,cosine,9521,67,0.625869,0.050301,0.777477,0.310625,-0.176604,0.050301,-0.024996,-0.491848,0.046464,0.142274,6.845705,3.358673,8,3,3,3,3,1.217826,0.012833,0.1517,-40.199482,-11.761213,0,8
case_03_NbS2_cosine_seed9521,NbS2,cosine,9521,68,0.557786,0.047336,0.742156,0.314823,-0.244687,0.047336,-0.060317,-0.48765,-0.020538,0.133887,7.047005,0.759854,8,4,4,4,4,1.458895,0.178533,0.011652,-36.958447,-10.134159,0,8
case_03_NbS2_cosine_seed9521,NbS2,cosine,9521,69,0.490569,0.045205,0.731464,0.312457,-0.311903,0.045205,-0.071008,-0.490016,-0.083367,0.127858,6.986718,0.833406,8,5,5,5,5,2.677627,0.58067,0.359195,-23.142744,-7.909225,0,8
case_03_NbS2_cosine_seed9521,NbS2,cosine,9521,70,0.589318,0.02674,0.732599,0.488621,-0.213155,0.02674,-0.069873,-0.313852,0.014613,0.075633,7.00277,1.713472,8,4,4,4,4,1.489,0.438246,0.047039,-36.99424,-10.385201,0,8
case_03_NbS2_cosine_seed9521,NbS2,cosine,9521,71,0.592724,0.030329,0.741624,0.412784,-0.209749,0.030329,-0.060849,-0.389688,0.017117,0.085783,7.006642,1.789198,8,2,2,2,2,0.771347,0.012153,0.09478,-46.221554,-13.97941,0,8
case_03_NbS2_cosine_seed9521,NbS2,cosine,9521,72,0.583665,0.025271,0.705424,0.438183,-0.218808,0.025271,-0.097049,-0.36429,0.007656,0.071476,7.075072,1.092993,8,4,4,4,4,1.717256,0.104188,0.052819,-33.925659,-11.812799,0,8
case_03_NbS2_cosine_seed9521,NbS2,cosine,9521,73,0.506426,0.039957,0.717678,0.308029,-0.296046,0.039957,-0.084795,-0.494444,-0.066104,0.113016,6.97589,1.433072,8,4,4,4,4,2.12943,0.199715,0.309706,-29.939795,-9.19916,0,8
case_03_NbS2_cosine_seed9521,NbS2,cosine,9521,74,0.573479,0.039495,0.726543,0.381304,-0.228993,0.039495,-0.07593,-0.421169,0.000902,0.11171,7.157991,0.316529,8,5,5,4,5,1.992159,0.277376,0.205637,-25.236961,-9.469675,0,8
case_03_NbS2_cosine_seed9521,NbS2,cosine,9521,75,0.576117,0.035554,0.74956,0.433078,-0.226356,0.035554,-0.052913,-0.369394,0.003362,0.100562,7.071827,1.255333,8,4,5,5,5,1.89418,0.68353,0.186595,-29.98251,-10.898031,0,8
case_03_NbS2_cosine_seed9521,NbS2,cosine,9521,76,0.597673,0.041998,0.740361,0.432544,-0.2048,0.041998,-0.062112,-0.369929,0.023672,0.118788,7.065238,1.60046,8,3,3,3,3,1.392123,0.004989,0.010336,-42.212856,-12.191922,0,8
case_03_NbS2_cosine_seed9521,NbS2,cosine,9521,77,0.580966,0.035108,0.667628,0.346606,-0.221507,0.035108,-0.134845,-0.455867,0.006617,0.0993,6.94734,2.667254,8,3,3,3,3,1.032538,0.507731,0.030972,-43.604401,-11.357996,0,8
case_03_NbS2_cosine_seed9521,NbS2,cosine,9521,78,0.582429,0.027765,0.710398,0.406421,-0.220044,0.027765,-0.092075,-0.396052,0.007676,0.078532,7.093878,1.281794,8,2,2,2,2,0.695791,0.002159,0.034256,-49.825981,-13.822556,0,8
case_03_NbS2_cosine_seed9521,NbS2,cosine,9521,79,0.494867,0.048898,0.746292,0.312857,-0.307606,0.048898,-0.056181,-0.489616,-0.075892,0.138304,7.095455,0.472895,8,4,4,4,4,2.120725,0.015257,0.036705,-21.56378,-8.177212,0,8
case_03_NbS2_cosine_seed9521,NbS2,cosine,9521,80,0.509356,0.0757,0.750915,0.0,-0.293116,0.0757,-0.051558,-0.802473,-0.058332,0.214113,7.034722,1.347812,8,4,5,6,6,2.037444,0.923033,0.390002,-31.158442,-7.610286,1,7
case_03_NbS2_cosine_seed9521,NbS2,cosine,9521,81,0.503732,0.024332,0.621039,0.409043,-0.298741,0.024332,-0.181434,-0.39343,-0.060759,0.06882,7.004463,1.63075,8,4,5,4,5,2.205221,0.24303,0.186392,-24.27216,-11.619443,0,8
case_03_NbS2_cosine_seed9521,NbS2,cosine,9521,82,0.610176,0.028616,0.776921,0.466241,-0.192297,0.028616,-0.025551,-0.336232,0.043401,0.08094,7.104621,1.737255,8,5,4,4,4,2.850742,0.085958,0.376769,-32.782127,-10.529931,0,8
case_03_NbS2_cosine_seed9521,NbS2,cosine,9521,83,0.613433,0.032724,0.715907,0.449432,-0.189039,0.032724,-0.086566,-0.353041,0.044326,0.092556,6.978136,3.054371,8,3,3,3,3,1.22775,0.041871,0.100253,-42.863171,-12.380122,0,8
case_03_NbS2_cosine_seed9521,NbS2,cosine,9521,84,0.543943,0.040842,0.721625,0.310176,-0.25853,0.040842,-0.080847,-0.492297,-0.023907,0.115517,7.100318,1.199019,8,5,4,5,5,2.171778,0.274765,0.133241,-35.981071,-10.675924,0,8
case_03_NbS2_cosine_seed9521,NbS2,cosine,9521,85,0.540876,0.017865,0.596719,0.466438,-0.261597,0.017865,-0.205754,-0.336034,-0.025625,0.050529,7.155586,0.674896,8,4,4,4,4,1.792627,0.250714,0.047101,-29.920601,-9.904896,0,8
case_03_NbS2_cosine_seed9521,NbS2,cosine,9521,86,0.56797,0.036042,0.671272,0.330435,-0.234502,0.036042,-0.1312,-0.472038,0.001396,0.101941,7.163133,0.946446,8,2,2,2,2,0.771207,0.012722,0.143598,-47.874222,-12.698015,0,8
case_03_NbS2_cosine_seed9521,NbS2,cosine,9521,87,0.625599,0.016668,0.69322,0.562345,-0.176874,0.016668,-0.109253,-0.240127,0.056073,0.047145,7.133084,1.822552,8,2,2,3,3,0.804249,0.00216,0.714194,-47.314034,-11.637085,0,8
case_03_NbS2_cosine_seed9521,NbS2,cosine,9521,88,0.642874,0.026272,0.742135,0.528246,-0.159599,0.026272,-0.060338,-0.274227,0.069681,0.074307,6.987047,3.491358,8,1,1,1,1,0.46746,0.0,0.005545,-54.140404,-13.784386,0,8
case_03_NbS2_cosine_seed9521,NbS2,cosine,9521,89,0.615795,0.020938,0.733279,0.502213,-0.186677,0.020938,-0.069194,-0.30026,0.040472,0.059222,7.108263,2.083069,8,4,4,5,5,1.657347,0.74513,0.095786,-36.095318,-11.207609,0,8
case_03_NbS2_cosine_seed9521,NbS2,cosine,9521,90,0.543691,0.02537,0.646063,0.446488,-0.258782,0.02537,-0.15641,-0.355985,-0.030051,0.071758,7.152594,0.943499,8,6,6,5,6,2.375711,0.532254,0.179967,-26.876162,-10.088813,0,8
case_03_NbS2_cosine_seed9521,NbS2,cosine,9521,91,0.603237,0.034287,0.723643,0.453837,-0.199236,0.034287,-0.078829,-0.348636,0.028021,0.09698,7.100616,2.105518,8,3,4,3,4,1.445022,0.182248,0.202462,-37.932037,-12.726841,0,8
case_03_NbS2_cosine_seed9521,NbS2,cosine,9521,92,0.593104,0.040982,0.747454,0.417894,-0.209368,0.040982,-0.055019,-0.384579,0.016994,0.115915,7.081256,2.207183,8,3,3,3,3,1.391611,0.304019,0.082438,-35.342365,-11.787892,0,8
case_03_NbS2_cosine_seed9521,NbS2,cosine,9521,93,0.548024,0.047675,0.714748,0.320463,-0.254449,0.047675,-0.087725,-0.48201,-0.026683,0.134846,7.104657,1.598955,8,4,4,4,4,1.810594,0.072484,0.002451,-35.752121,-11.007479,0,8
case_03_NbS2_cosine_seed9521,NbS2,cosine,9521,94,0.550686,0.025479,0.681639,0.439973,-0.251786,0.025479,-0.120834,-0.362499,-0.022819,0.072065,7.168719,1.052094,8,5,5,4,5,1.673127,0.088395,0.069731,-34.040039,-10.466733,0,8
case_03_NbS2_cosine_seed9521,NbS2,cosine,9521,95,0.652436,0.028223,0.773448,0.513387,-0.150037,0.028223,-0.029024,-0.289086,0.074984,0.079827,7.069398,3.135802,8,2,2,2,2,0.771189,0.005185,0.008091,-48.469715,-13.364971,0,8
case_03_NbS2_cosine_seed9521,NbS2,cosine,9521,96,0.528309,0.025169,0.611094,0.417149,-0.274164,0.025169,-0.191379,-0.385324,-0.046686,0.071189,7.098977,1.632348,8,5,5,5,6,1.653051,0.381445,0.622309,-30.386848,-11.291151,0,8
case_03_NbS2_cosine_seed9521,NbS2,cosine,9521,97,0.614897,0.024128,0.707066,0.472714,-0.187576,0.024128,-0.095406,-0.329759,0.037907,0.068244,7.194664,1.613111,8,3,3,3,3,1.012323,0.324987,0.048086,-41.901909,-11.257502,0,8
case_03_NbS2_cosine_seed9521,NbS2,cosine,9521,98,0.576859,0.033114,0.692647,0.411254,-0.225614,0.033114,-0.109826,-0.391219,-0.000125,0.093661,7.13868,1.813811,8,3,3,3,3,0.999447,0.004405,0.071813,-42.772903,-12.823963,0,8
case_03_NbS2_cosine_seed9521,NbS2,cosine,9521,99,0.580013,0.035928,0.749363,0.468108,-0.222459,0.035928,-0.05311,-0.334365,0.002879,0.101619,7.183553,1.4188,8,3,3,3,3,1.087849,0.297137,0.052849,-40.468323,-11.199007,0,8
case_03_NbS2_cosine_seed9521,NbS2,cosine,9521,100,0.629207,0.03343,0.741311,0.444127,-0.173265,0.03343,-0.061162,-0.358345,0.049469,0.094555,7.065287,3.096714,8,4,4,4,4,2.459838,0.455367,0.236655,-34.580627,-11.591197,0,8
case_03_NbS2_peak_seed9521,NbS2,peak,9521,1,0.374453,0.021004,0.445225,0.289499,-0.070772,0.021004,0.0,-0.155726,0.0,0.059409,-0.162133,1.5e-05,8,4,4,4,4,1.820852,0.953099,0.009401,-35.406006,-9.803336,0,8
case_03_NbS2_peak_seed9521,NbS2,peak,9521,2,0.388342,0.018255,0.497655,0.305679,-0.109313,0.018255,0.0,-0.191977,-0.036613,0.051632,-0.186845,0.05392,8,4,4,4,4,1.543558,0.391846,0.307145,-34.027805,-10.442119,0,8
case_03_NbS2_peak_seed9521,NbS2,peak,9521,3,0.308486,0.045273,0.438779,0.0,-0.189169,0.045273,-0.058876,-0.497655,-0.110647,0.128051,-0.260464,0.175372,8,3,4,4,4,1.404411,0.69915,0.580113,-35.501678,-11.025447,1,7
case_03_NbS2_peak_seed9521,NbS2,peak,9521,4,0.355913,0.018374,0.445233,0.286664,-0.141742,0.018374,-0.052422,-0.210992,-0.060058,0.051969,-0.191924,0.103259,8,4,4,5,5,1.567781,0.383841,0.241315,-32.466679,-10.894746,0,8
case_03_NbS2_peak_seed9521,NbS2,peak,9521,5,0.335549,0.050128,0.484672,0.0,-0.162107,0.050128,-0.012984,-0.497655,-0.076402,0.141782,-0.209659,0.231845,8,3,3,3,3,1.121609,0.299703,0.148828,-38.906319,-10.221902,1,7
case_03_NbS2_peak_seed9521,NbS2,peak,9521,6,0.36798,0.025918,0.490068,0.283658,-0.129675,0.025918,-0.007588,-0.213998,-0.041772,0.073308,-0.149328,0.08845,8,3,4,4,4,1.302896,0.014816,0.52118,-36.123253,-10.866454,0,8
case_03_NbS2_peak_seed9521,NbS2,peak,9521,7,0.378711,0.017533,0.442022,0.310997,-0.118944,0.017533,-0.055633,-0.186658,-0.029489,0.04959,-0.112631,-0.067837,8,6,6,6,6,2.520495,0.364893,0.155745,-29.936686,-8.816694,0,8
case_03_NbS2_peak_seed9521,NbS2,peak,9521,8,0.348481,0.013792,0.426119,0.296656,-0.149174,0.013792,-0.071536,-0.200999,-0.056733,0.039011,-0.173073,0.341087,8,3,3,3,3,2.075354,0.002247,0.001993,-25.440187,-10.168003,0,8
case_03_NbS2_peak_seed9521,NbS2,peak,9521,9,0.374801,0.0298,0.527987,0.256417,-0.153187,0.0298,0.0,-0.27157,-0.057708,0.084287,-0.155155,0.217741,8,2,2,2,2,0.772151,0.003577,0.085231,-46.029289,-12.85923,0,8
case_03_NbS2_peak_seed9521,NbS2,peak,9521,10,0.365313,0.019719,0.436527,0.284954,-0.162675,0.019719,-0.09146,-0.243033,-0.063836,0.055774,-0.153565,0.196903,8,4,4,3,4,2.488327,0.175854,0.026018,-32.00782,-11.393002,0,8
case_03_NbS2_peak_seed9521,NbS2,peak,9521,11,0.329999,0.016615,0.391948,0.251189,-0.197988,0.016615,-0.13604,-0.276799,-0.094192,0.046994,-0.171927,0.119366,8,3,3,3,3,1.232227,0.035404,0.014455,-39.803825,-11.440017,0,8
case_03_NbS2_peak_seed9521,NbS2,peak,9521,12,0.358351,0.020552,0.433039,0.262323,-0.169636,0.020552,-0.094948,-0.265665,-0.062548,0.05813,-0.131566,0.068897,8,4,4,5,5,1.708718,0.508731,0.771439,-34.988701,-10.501786,0,8
case_03_NbS2_peak_seed9521,NbS2,peak,9521,13,0.366729,0.023423,0.482246,0.285758,-0.161258,0.023423,-0.045742,-0.24223,-0.051461,0.06625,-0.142698,0.32282,8,5,5,5,6,1.880704,1.02212,0.190078,-27.732365,-10.908585,0,8
case_03_NbS2_peak_seed9521,NbS2,peak,9521,14,0.328878,0.010977,0.399355,0.294668,-0.199109,0.010977,-0.128632,-0.233319,-0.084847,0.031048,-0.154948,0.138624,8,3,3,3,3,1.033127,0.002248,0.011868,-45.649456,-12.094399,0,8
case_03_NbS2_peak_seed9521,NbS2,peak,9521,15,0.362049,0.01398,0.445071,0.290084,-0.165938,0.01398,-0.082917,-0.237903,-0.049092,0.03954,-0.104503,0.019971,8,4,4,4,4,1.900837,0.009422,0.295388,-27.206812,-9.09448,0,8
case_03_NbS2_peak_seed9521,NbS2,peak,9521,16,0.376207,0.025522,0.54945,0.302863,-0.173243,0.025522,0.0,-0.246587,-0.053577,0.072188,-0.145063,0.398752,8,4,4,3,4,1.33637,0.07447,0.03841,-42.74522,-11.026203,0,8
case_03_NbS2_peak_seed9521,NbS2,peak,9521,17,0.38451,0.012823,0.428889,0.322168,-0.164939,0.012823,-0.120561,-0.227282,-0.04301,0.036268,-0.077942,-0.154206,8,4,4,4,4,1.59786,0.072051,0.507194,-38.337952,-10.937091,0,8
case_03_NbS2_peak_seed9521,NbS2,peak,9521,18,0.364283,0.02205,0.491227,0.290489,-0.185167,0.02205,-0.058222,-0.258961,-0.060076,0.062368,-0.119475,0.099344,8,3,4,2,4,1.369845,0.183033,0.060867,-40.842072,-11.686263,0,8
case_03_NbS2_peak_seed9521,NbS2,peak,9521,19,0.368312,0.0196,0.448108,0.252744,-0.181137,0.0196,-0.101341,-0.296706,-0.053244,0.055436,-0.131952,0.300473,8,3,3,3,3,1.324306,0.218209,0.002173,-42.360935,-11.461414,0,8
case_03_NbS2_peak_seed9521,NbS2,peak,9521,20,0.360749,0.015299,0.414452,0.282276,-0.188701,0.015299,-0.134998,-0.267174,-0.057767,0.043272,-0.110407,0.045838,8,3,3,3,3,1.597144,0.00787,0.000687,-35.869957,-10.528076,0,8
case_03_NbS2_peak_seed9521,NbS2,peak,9521,21,0.351468,0.0181,0.444942,0.28709,-0.197981,0.0181,-0.104508,-0.262359,-0.063695,0.051195,-0.128096,0.167096,8,3,3,3,3,1.468108,0.001972,0.080149,-41.008278,-11.00962,0,8
case_03_NbS2_peak_seed9521,NbS2,peak,9521,22,0.329041,0.014437,0.396965,0.277569,-0.220408,0.014437,-0.152485,-0.271881,-0.081816,0.040835,-0.132607,0.032897,8,2,2,2,2,0.772399,0.411252,0.14304,-46.243961,-12.851664,0,8
case_03_NbS2_peak_seed9521,NbS2,peak,9521,23,0.381878,0.017565,0.476704,0.316877,-0.167572,0.017565,-0.072745,-0.232572,-0.027531,0.049682,-0.100306,0.254076,8,3,3,2,3,1.260904,0.07279,0.008072,-37.809502,-11.305275,0,8
case_03_NbS2_peak_seed9521,NbS2,peak,9521,24,0.359796,0.037763,0.508506,0.173255,-0.189654,0.037763,-0.040944,-0.376195,-0.047132,0.10681,-0.098005,0.035063,8,5,5,5,5,1.761321,0.541934,0.116912,-36.082199,-10.737261,0,8
case_03_NbS2_peak_seed9521,NbS2,peak,9521,25,0.355564,0.018459,0.434772,0.288518,-0.193886,0.018459,-0.114678,-0.260931,-0.048796,0.05221,-0.105905,0.097728,8,4,4,4,4,1.787302,0.483356,0.013868,-37.277229,-11.504211,0,8
case_03_NbS2_peak_seed9521,NbS2,peak,9521,26,0.395514,0.015636,0.491771,0.334482,-0.153935,0.015636,-0.057678,-0.214967,-0.008403,0.044224,-0.056139,0.003232,8,5,5,5,5,2.024221,0.037525,0.216849,-29.11142,-9.89303,0,8
case_03_NbS2_peak_seed9521,NbS2,peak,9521,27,0.386173,0.027936,0.536933,0.299817,-0.163277,0.027936,-0.012517,-0.249632,-0.016857,0.079016,-0.081232,0.168763,8,3,3,4,4,1.992765,0.15445,0.005092,-41.793579,-11.757006,0,8
case_03_NbS2_peak_seed9521,NbS2,peak,9521,28,0.362645,0.022142,0.470193,0.289162,-0.186804,0.022142,-0.079257,-0.260288,-0.038365,0.062628,-0.110366,0.243269,8,4,4,3,4,1.468633,0.341894,0.145326,-36.593666,-11.577065,0,8
case_03_NbS2_peak_seed9521,NbS2,peak,9521,29,0.365853,0.020001,0.464388,0.282498,-0.183597,0.020001,-0.085061,-0.266951,-0.0334,0.056572,-0.087797,0.067196,8,3,3,4,4,1.261469,0.037474,0.109473,-43.604893,-11.74817,0,8
case_03_NbS2_peak_seed9521,NbS2,peak,9521,30,0.351846,0.010685,0.410566,0.320684,-0.197604,0.010685,-0.138883,-0.228766,-0.045037,0.030222,-0.095045,0.022838,8,4,5,5,5,2.787606,0.730595,0.09056,-20.077305,-9.278513,0,8
case_03_NbS2_peak_seed9521,NbS2,peak,9521,31,0.385616,0.021502,0.471798,0.324304,-0.163834,0.021502,-0.077651,-0.225146,-0.010704,0.060816,-0.068469,0.10021,8,3,3,3,3,1.329152,0.613058,0.036518,-37.409256,-11.047072,0,8
case_03_NbS2_peak_seed9521,NbS2,peak,9521,32,0.348394,0.021989,0.465334,0.247936,-0.201055,0.021989,-0.084116,-0.301513,-0.045529,0.062194,-0.102101,0.088312,8,2,2,3,3,0.7726,0.000739,0.43952,-48.280869,-12.671213,0,8
case_03_NbS2_peak_seed9521,NbS2,peak,9521,33,0.379986,0.014597,0.442386,0.305571,-0.169463,0.014597,-0.107064,-0.243879,-0.01324,0.041287,-0.051456,-0.094949,8,4,4,3,4,1.369812,0.074664,0.000784,-39.467686,-11.845114,0,8
case_03_NbS2_peak_seed9521,NbS2,peak,9521,34,0.323775,0.013036,0.372838,0.271047,-0.225674,0.013036,-0.176611,-0.278403,-0.065978,0.036872,-0.135521,0.219111,8,4,4,4,4,1.885403,0.41933,0.094134,-30.222851,-9.341431,0,8
case_03_NbS2_peak_seed9521,NbS2,peak,9521,35,0.394156,0.021316,0.524093,0.322015,-0.155293,0.021316,-0.025356,-0.227434,0.004183,0.06029,-0.067765,0.243053,8,6,6,6,6,2.62948,0.542366,0.426392,-22.649612,-9.284726,0,8
case_03_NbS2_peak_seed9521,NbS2,peak,9521,36,0.345402,0.015126,0.425117,0.28497,-0.204048,0.015126,-0.124332,-0.26448,-0.042343,0.042783,-0.130967,0.409878,8,2,3,2,3,1.142524,0.1814,0.012091,-43.048027,-13.470772,0,8
case_03_NbS2_peak_seed9521,NbS2,peak,9521,37,0.373324,0.024909,0.503293,0.293224,-0.176125,0.024909,-0.046157,-0.256225,-0.0137,0.070453,-0.036874,-0.244306,8,2,2,2,2,0.69722,0.002957,0.0057,-49.610592,-12.421583,0,8
case_03_NbS2_peak_seed9521,NbS2,peak,9521,38,0.329546,0.04968,0.49743,0.0,-0.219903,0.04968,-0.052019,-0.54945,-0.054604,0.140516,-0.102236,-0.000132,8,3,2,3,3,1.484659,0.012239,0.09837,-44.168438,-12.003458,1,7
case_03_NbS2_peak_seed9521,NbS2,peak,9521,39,0.34228,0.018783,0.460142,0.272575,-0.20717,0.018783,-0.089307,-0.276874,-0.039777,0.053126,-0.16366,0.762504,8,3,3,3,3,1.142643,0.002188,0.005909,-42.768059,-10.531082,0,8
case_03_NbS2_peak_seed9521,NbS2,peak,9521,40,0.36179,0.018631,0.447939,0.293734,-0.187659,0.018631,-0.10151,-0.255716,-0.019253,0.052695,-0.110078,0.432211,8,4,4,4,4,1.316121,0.884548,0.167301,-37.38538,-10.769421,0,8
case_03_NbS2_peak_seed9521,NbS2,peak,9521,41,0.385286,0.015599,0.470738,0.315555,-0.164164,0.015599,-0.078711,-0.233894,0.00403,0.044121,-0.079871,0.364083,8,3,4,5,5,1.391639,0.756492,0.217517,-32.918293,-11.287796,0,8
case_03_NbS2_peak_seed9521,NbS2,peak,9521,42,0.34427,0.01574,0.413427,0.274787,-0.20518,0.01574,-0.136022,-0.274662,-0.035136,0.04452,-0.08831,0.057435,8,3,3,3,3,1.240599,0.35606,0.10394,-38.392849,-11.526941,0,8
case_03_NbS2_peak_seed9521,NbS2,peak,9521,43,0.320455,0.044888,0.436305,0.0,-0.228994,0.044888,-0.113145,-0.54945,-0.056003,0.126964,-0.120738,0.173376,8,2,2,2,2,0.924651,4.4e-05,0.113138,-40.206642,-11.969219,1,7
case_03_NbS2_peak_seed9521,NbS2,peak,9521,44,0.373812,0.021605,0.499968,0.27805,-0.175637,0.021605,-0.049482,-0.271399,-0.002514,0.061109,-0.10542,0.556245,8,4,4,4,4,1.879997,0.154355,0.028334,-32.514366,-11.558189,0,8
case_03_NbS2_peak_seed9521,NbS2,peak,9521,45,0.414646,0.016972,0.523882,0.35809,-0.134803,0.016972,-0.025567,-0.19136,0.036404,0.048005,-0.02873,0.179972,8,4,5,7,7,2.274305,0.558167,0.577584,-24.420694,-10.36409,0,8
case_03_NbS2_peak_seed9521,NbS2,peak,9521,46,0.409586,0.027559,0.581708,0.28489,-0.172122,0.027559,0.0,-0.296818,-0.000869,0.077949,-0.099932,0.520092,8,4,4,4,4,1.660519,0.334388,0.485472,-32.705231,-12.069387,0,8
case_03_NbS2_peak_seed9521,NbS2,peak,9521,47,0.348681,0.025261,0.463952,0.258623,-0.233027,0.025261,-0.117756,-0.323085,-0.058685,0.071448,-0.114652,0.090157,8,4,4,4,4,2.258155,0.019666,0.015317,-37.023075,-10.471134,0,8
case_03_NbS2_peak_seed9521,NbS2,peak,9521,48,0.357684,0.016477,0.45546,0.280561,-0.224024,0.016477,-0.126247,-0.301147,-0.047198,0.046605,-0.118459,0.243216,8,4,5,3,5,1.685742,1.451431,0.02438,-31.132195,-11.65476,0,8
case_03_NbS2_peak_seed9521,NbS2,peak,9521,49,0.390473,0.024163,0.520121,0.29092,-0.191235,0.024163,-0.061586,-0.290788,-0.013689,0.068343,-0.095965,0.354222,8,4,6,6,6,1.934949,0.741765,0.578838,-24.645103,-8.485218,0,8
case_03_NbS2_peak_seed9521,NbS2,peak,9521,50,0.404729,0.038312,0.623103,0.261688,-0.218374,0.038312,0.0,-0.361415,-0.038787,0.108362,-0.082082,-0.034749,8,4,4,4,4,1.425104,0.452297,0.490953,-32.239868,-10.664213,0,8
case_03_NbS2_peak_seed9521,NbS2,peak,9521,51,0.388426,0.029688,0.527344,0.290757,-0.234678,0.029688,-0.09576,-0.332346,-0.052335,0.08397,-0.119427,0.203597,8,5,5,5,5,1.879547,0.529436,0.099999,-27.332067,-9.351763,0,8
case_03_NbS2_peak_seed9521,NbS2,peak,9521,52,0.314745,0.018834,0.394395,0.235558,-0.308359,0.018834,-0.228708,-0.387545,-0.119716,0.053271,-0.215404,0.489991,8,3,3,3,3,1.261735,0.075761,0.067491,-38.211464,-11.659683,0,8
case_03_NbS2_peak_seed9521,NbS2,peak,9521,53,0.347997,0.011088,0.386911,0.293191,-0.275106,0.011088,-0.236193,-0.329912,-0.08214,0.031362,-0.167197,0.383995,8,3,3,3,3,1.227542,0.01538,0.056839,-39.831226,-11.564368,0,8
case_03_NbS2_peak_seed9521,NbS2,peak,9521,54,0.408385,0.026471,0.515751,0.311574,-0.214718,0.026471,-0.107352,-0.311529,-0.020664,0.07487,-0.134404,0.671036,8,5,5,3,5,2.787239,0.409168,0.088405,-32.17009,-10.233034,0,8
case_03_NbS2_peak_seed9521,NbS2,peak,9521,55,0.326206,0.023179,0.472394,0.269389,-0.296897,0.023179,-0.150709,-0.353715,-0.097701,0.06556,-0.177911,0.335357,8,4,4,3,4,1.349544,0.344649,0.023743,-38.617859,-11.701875,0,8
case_03_NbS2_peak_seed9521,NbS2,peak,9521,56,0.338514,0.019882,0.444698,0.261053,-0.284589,0.019882,-0.178406,-0.362051,-0.081124,0.056234,-0.157684,0.298529,8,2,2,2,2,0.806457,0.002104,0.104869,-48.702995,-11.390425,0,8
case_03_NbS2_peak_seed9521,NbS2,peak,9521,57,0.364622,0.017665,0.445257,0.299591,-0.258481,0.017665,-0.177846,-0.323512,-0.052265,0.049965,-0.125888,0.268538,8,5,5,5,5,2.794083,0.851734,0.027746,-28.437456,-9.760925,0,8
case_03_NbS2_peak_seed9521,NbS2,peak,9521,58,0.369292,0.013193,0.424669,0.308768,-0.253811,0.013193,-0.198435,-0.314336,-0.045215,0.037315,-0.131792,0.398099,8,3,3,3,3,1.451033,0.156532,0.01003,-43.168652,-11.709347,0,8
case_03_NbS2_peak_seed9521,NbS2,peak,9521,59,0.313542,0.049421,0.467319,0.0,-0.309561,0.049421,-0.155785,-0.623103,-0.095917,0.139785,-0.125244,-0.17561,8,3,4,4,4,1.67076,0.670961,0.029461,-39.326885,-9.998082,1,7
case_03_NbS2_peak_seed9521,NbS2,peak,9521,60,0.365879,0.030347,0.530166,0.253058,-0.257224,0.030347,-0.092937,-0.370045,-0.041401,0.085834,-0.072571,-0.157341,8,4,4,4,4,1.31627,0.253773,0.227368,-39.384605,-10.638612,0,8
case_03_NbS2_peak_seed9521,NbS2,peak,9521,61,0.39055,0.023585,0.519838,0.298256,-0.232553,0.023585,-0.103265,-0.324847,-0.015893,0.066708,-0.098666,0.357893,8,4,4,5,5,1.672502,0.01112,0.105827,-29.296856,-10.4864,0,8
case_03_NbS2_peak_seed9521,NbS2,peak,9521,62,0.358885,0.019422,0.477239,0.289132,-0.264218,0.019422,-0.145864,-0.333971,-0.045181,0.054932,-0.095951,0.037957,8,5,5,6,6,2.777071,1.359204,0.459958,-34.633751,-10.237715,0,8
case_03_NbS2_peak_seed9521,NbS2,peak,9521,63,0.347543,0.010257,0.387019,0.298142,-0.27556,0.010257,-0.236084,-0.324961,-0.053697,0.029012,-0.113149,0.125925,8,3,3,3,3,1.10941,0.118376,0.148247,-43.442734,-12.38809,0,8
case_03_NbS2_peak_seed9521,NbS2,peak,9521,64,0.382597,0.016251,0.442251,0.294612,-0.240506,0.016251,-0.180853,-0.328491,-0.01771,0.045964,-0.073611,0.091044,8,3,3,3,3,1.089209,1.33679,0.096862,-37.276588,-11.2961,0,8
case_03_NbS2_peak_seed9521,NbS2,peak,9521,65,0.371879,0.01877,0.458011,0.320912,-0.251224,0.01877,-0.165092,-0.302191,-0.027007,0.053089,-0.057249,-0.164357,8,5,5,4,5,2.13169,0.152785,0.02862,-26.594593,-9.809092,0,8
case_03_NbS2_peak_seed9521,NbS2,peak,9521,66,0.344,0.019143,0.446414,0.278907,-0.279103,0.019143,-0.176689,-0.344197,-0.052141,0.054144,-0.096523,-0.021948,8,2,2,2,2,0.915494,2e-06,0.064433,-45.360554,-11.354779,0,8
case_03_NbS2_peak_seed9521,NbS2,peak,9521,67,0.384489,0.017381,0.461481,0.292869,-0.238615,0.017381,-0.161622,-0.330234,-0.01107,0.04916,-0.090767,0.332172,8,3,3,4,4,1.218278,0.012508,0.233551,-40.320042,-11.784354,0,8
case_03_NbS2_peak_seed9521,NbS2,peak,9521,68,0.366371,0.016894,0.446516,0.311868,-0.256732,0.016894,-0.176587,-0.311235,-0.027728,0.047783,-0.080277,0.061215,8,4,4,4,4,1.458408,0.183353,0.010701,-37.200729,-10.250093,0,8
case_03_NbS2_peak_seed9521,NbS2,peak,9521,69,0.371802,0.04147,0.594361,0.17479,-0.251302,0.04147,-0.028743,-0.448313,-0.021183,0.117296,-0.072208,0.046704,8,5,5,6,6,2.673946,0.573916,0.989461,-22.958019,-7.929282,0,8
case_03_NbS2_peak_seed9521,NbS2,peak,9521,70,0.364785,0.02676,0.512987,0.286063,-0.258318,0.02676,-0.110117,-0.337041,-0.02679,0.075688,-0.083637,0.10556,8,4,4,4,4,1.48897,0.434908,0.049407,-37.273033,-10.401998,0,8
case_03_NbS2_peak_seed9521,NbS2,peak,9521,71,0.356493,0.014846,0.426373,0.29994,-0.26661,0.014846,-0.196731,-0.323163,-0.033328,0.041992,-0.078043,-0.015646,8,2,2,3,3,0.773535,0.010616,0.597729,-46.52433,-13.952348,0,8
case_03_NbS2_peak_seed9521,NbS2,peak,9521,72,0.354417,0.013607,0.414857,0.29282,-0.268687,0.013607,-0.208246,-0.330283,-0.033634,0.038487,-0.081408,0.01518,8,4,4,4,4,1.716023,0.103761,0.052276,-33.618393,-11.830873,0,8
case_03_NbS2_peak_seed9521,NbS2,peak,9521,73,0.392269,0.024333,0.53898,0.325185,-0.230835,0.024333,-0.084123,-0.297919,0.004007,0.068826,-0.072697,0.304834,8,4,4,4,4,2.127072,0.20118,0.280243,-31.590038,-9.251013,0,8
case_03_NbS2_peak_seed9521,NbS2,peak,9521,74,0.363331,0.02114,0.438396,0.250265,-0.259772,0.02114,-0.184708,-0.372838,-0.023684,0.059794,-0.04869,-0.211855,8,5,5,4,5,1.990474,0.257138,0.481908,-25.045052,-9.504337,0,8
case_03_NbS2_peak_seed9521,NbS2,peak,9521,75,0.413487,0.025069,0.48401,0.27187,-0.209616,0.025069,-0.139093,-0.351233,0.025149,0.070905,-0.021238,0.002335,8,4,5,5,5,1.893417,0.689283,0.195175,-29.984165,-10.880393,0,8
case_03_NbS2_peak_seed9521,NbS2,peak,9521,76,0.362125,0.012311,0.446986,0.32515,-0.260979,0.012311,-0.176118,-0.297954,-0.024903,0.034822,-0.081883,0.108315,8,3,3,3,3,1.392778,0.005001,0.02151,-42.03616,-12.20513,0,8
case_03_NbS2_peak_seed9521,NbS2,peak,9521,77,0.338548,0.015051,0.412064,0.277581,-0.284555,0.015051,-0.211039,-0.345523,-0.046056,0.042571,-0.122089,0.299072,8,3,3,3,3,1.033889,0.503999,0.093847,-43.464088,-11.389894,0,8
case_03_NbS2_peak_seed9521,NbS2,peak,9521,78,0.348905,0.020585,0.419059,0.230217,-0.274198,0.020585,-0.204045,-0.392886,-0.033914,0.058222,-0.065366,-0.146365,8,2,2,2,2,0.698017,0.002344,0.065569,-49.626938,-13.853619,0,8
case_03_NbS2_peak_seed9521,NbS2,peak,9521,79,0.375735,0.024335,0.458967,0.275778,-0.247368,0.024335,-0.164137,-0.347326,-0.00673,0.06883,-0.060847,0.080686,8,4,4,4,4,2.116905,0.00717,0.095421,-21.858738,-8.166151,0,8
case_03_NbS2_peak_seed9521,NbS2,peak,9521,80,0.363869,0.053929,0.54085,0.0,-0.259234,0.053929,-0.082253,-0.623103,-0.017666,0.152534,-0.067221,0.035635,8,4,4,5,5,2.036148,0.928818,0.312226,-31.364531,-7.580823,1,7
case_03_NbS2_peak_seed9521,NbS2,peak,9521,81,0.356105,0.01782,0.440274,0.2578,-0.266998,0.01782,-0.182829,-0.365303,-0.024158,0.050403,-0.062988,-0.071356,8,4,6,5,6,2.203067,0.234534,0.351063,-24.142435,-11.538755,0,8
case_03_NbS2_peak_seed9521,NbS2,peak,9521,82,0.37581,0.014007,0.433684,0.317592,-0.247293,0.014007,-0.18942,-0.305511,-0.004231,0.039617,-0.051187,0.010227,8,5,4,5,5,2.847592,0.085103,0.009541,-31.890221,-10.510489,0,8
case_03_NbS2_peak_seed9521,NbS2,peak,9521,83,0.373766,0.020266,0.439336,0.275366,-0.249338,0.020266,-0.183768,-0.347737,-0.005961,0.057322,-0.066087,0.142195,8,3,3,3,3,1.228822,0.025519,0.154222,-42.645794,-12.388811,0,8
case_03_NbS2_peak_seed9521,NbS2,peak,9521,84,0.373738,0.019076,0.467809,0.317313,-0.249365,0.019076,-0.155295,-0.30579,-0.00569,0.053956,-0.072541,0.209609,8,5,4,5,5,2.169418,0.276863,0.117189,-36.227379,-10.702229,0,8
case_03_NbS2_peak_seed9521,NbS2,peak,9521,85,0.364571,0.018778,0.46197,0.287575,-0.258532,0.018778,-0.161133,-0.335528,-0.014114,0.053113,-0.046411,-0.135525,8,4,4,4,4,1.790362,0.328944,0.281641,-28.862476,-9.783522,0,8
case_03_NbS2_peak_seed9521,NbS2,peak,9521,86,0.310369,0.014055,0.397256,0.268296,-0.312734,0.014055,-0.225848,-0.354807,-0.0649,0.039754,-0.13168,0.209599,8,2,2,2,2,0.773941,0.015919,0.071674,-47.233974,-12.707768,0,8
case_03_NbS2_peak_seed9521,NbS2,peak,9521,87,0.328088,0.01842,0.448706,0.270637,-0.295015,0.01842,-0.174397,-0.352467,-0.044822,0.052101,-0.130351,0.397389,8,2,2,3,3,0.807227,0.002144,0.734608,-47.529339,-11.623902,0,8
case_03_NbS2_peak_seed9521,NbS2,peak,9521,88,0.350623,0.01417,0.412008,0.285046,-0.27248,0.01417,-0.211096,-0.338058,-0.021173,0.040079,-0.069686,0.027394,8,1,1,1,1,0.471484,0.0,0.004314,-54.236881,-13.816144,0,8
case_03_NbS2_peak_seed9521,NbS2,peak,9521,89,0.373737,0.014772,0.449145,0.304133,-0.249366,0.014772,-0.173958,-0.31897,0.001845,0.041781,-0.058865,0.149706,8,4,4,5,5,1.657255,0.748186,0.109075,-35.742489,-11.172459,0,8
case_03_NbS2_peak_seed9521,NbS2,peak,9521,90,0.377821,0.013947,0.425047,0.323567,-0.245282,0.013947,-0.198056,-0.299536,0.005632,0.039449,-0.06801,0.279239,8,6,6,5,6,2.37259,0.546449,0.190341,-26.932358,-10.086881,0,8
case_03_NbS2_peak_seed9521,NbS2,peak,9521,91,0.376583,0.023338,0.473029,0.273124,-0.24652,0.023338,-0.150075,-0.349979,0.004175,0.06601,-0.071388,0.298692,8,4,5,4,5,1.672303,0.668826,0.153586,-33.582512,-12.092405,0,8
case_03_NbS2_peak_seed9521,NbS2,peak,9521,92,0.363914,0.022915,0.467791,0.268397,-0.259189,0.022915,-0.155312,-0.354706,-0.00807,0.064814,-0.051311,-0.024401,8,3,4,4,4,1.392124,0.261003,0.209784,-35.234444,-11.826313,0,8
case_03_NbS2_peak_seed9521,NbS2,peak,9521,93,0.373403,0.030042,0.516686,0.292138,-0.249701,0.030042,-0.106417,-0.330965,0.001348,0.084973,-0.017348,-0.269547,8,4,4,4,4,1.810539,0.072403,0.036378,-36.460697,-11.056845,0,8
case_03_NbS2_peak_seed9521,NbS2,peak,9521,94,0.357496,0.01597,0.446162,0.302365,-0.265608,0.01597,-0.176941,-0.320738,-0.013831,0.045171,-0.013567,-0.459026,8,5,5,4,5,1.672315,0.100472,0.282087,-33.48724,-10.507362,0,8
case_03_NbS2_peak_seed9521,NbS2,peak,9521,95,0.383427,0.021115,0.465971,0.285511,-0.239676,0.021115,-0.157132,-0.337592,0.011495,0.059722,-0.03682,0.027124,8,2,2,2,2,0.774138,0.002758,0.018725,-48.912804,-13.346313,0,8
case_03_NbS2_peak_seed9521,NbS2,peak,9521,96,0.359979,0.022123,0.454567,0.281886,-0.263124,0.022123,-0.168536,-0.341217,-0.011355,0.062574,-0.058453,0.015227,8,5,5,5,6,1.652159,0.362889,0.985287,-30.227915,-11.288915,0,8
case_03_NbS2_peak_seed9521,NbS2,peak,9521,97,0.36616,0.015019,0.420985,0.273277,-0.256943,0.015019,-0.202119,-0.349827,-0.004916,0.042481,-0.035141,-0.153057,8,3,3,3,3,1.014072,0.331035,0.06897,-41.238136,-11.165462,0,8
case_03_NbS2_peak_seed9521,NbS2,peak,9521,98,0.364588,0.016745,0.439655,0.288286,-0.258516,0.016745,-0.183448,-0.334817,-0.006164,0.047363,-0.084084,0.324155,8,3,3,3,3,1.001016,0.004287,0.182301,-43.240959,-12.80798,0,8
case_03_NbS2_peak_seed9521,NbS2,peak,9521,99,0.382899,0.027177,0.495755,0.266441,-0.240204,0.027177,-0.127348,-0.356663,0.01154,0.076869,-0.021773,-0.121775,8,3,3,3,3,1.089766,0.303309,0.07043,-40.599014,-11.14245,0,8
case_03_NbS2_peak_seed9521,NbS2,peak,9521,100,0.337091,0.012425,0.383656,0.292181,-0.286012,0.012425,-0.239447,-0.330922,-0.032554,0.035143,-0.136259,0.582333,8,4,4,4,4,2.459677,0.452921,0.226865,-32.160919,-11.792174,0,8
case_03_NbS2_cosine_seed9522,NbS2,cosine,9522,1,0.619332,0.034132,0.754176,0.465457,-0.134844,0.034132,0.0,-0.288719,-0.0,0.09654,6.085783,-0.003059,8,2,2,2,2,0.784987,0.420069,0.049297,-47.445297,-12.029467,0,8
case_03_NbS2_cosine_seed9522,NbS2,cosine,9522,2,0.470818,0.03137,0.587046,0.313003,-0.283359,0.03137,-0.16713,-0.441173,-0.141088,0.088728,6.00022,0.02908,8,5,6,6,7,2.418213,0.00664,0.580955,-23.508842,-8.678197,0,8
case_03_NbS2_cosine_seed9522,NbS2,cosine,9522,3,0.538177,0.034142,0.697763,0.42049,-0.216,0.034142,-0.056413,-0.333686,-0.070043,0.096567,6.12322,0.042413,8,3,4,3,4,1.70766,0.472802,0.231748,-27.610207,-10.64579,0,8
case_03_NbS2_cosine_seed9522,NbS2,cosine,9522,4,0.548653,0.028603,0.685792,0.418971,-0.205523,0.028603,-0.068385,-0.335206,-0.056588,0.0809,6.173581,0.11527,8,3,3,3,3,1.227346,0.012126,0.063447,-39.663498,-11.642917,0,8
case_03_NbS2_cosine_seed9522,NbS2,cosine,9522,5,0.582116,0.030693,0.738714,0.486692,-0.172061,0.030693,-0.015463,-0.267484,-0.02197,0.086812,6.205501,0.556195,8,2,2,2,2,0.924101,0.008063,0.036776,-42.199673,-11.89656,0,8
case_03_NbS2_cosine_seed9522,NbS2,cosine,9522,6,0.571611,0.030484,0.735688,0.446524,-0.182565,0.030484,-0.018488,-0.307653,-0.03085,0.086222,6.21921,0.673269,8,5,5,5,5,1.88493,0.468064,0.000998,-28.684931,-9.185392,0,8
case_03_NbS2_cosine_seed9522,NbS2,cosine,9522,7,0.568893,0.032332,0.754184,0.47425,-0.185291,0.032332,0.0,-0.279933,-0.031897,0.091447,6.247534,0.694394,8,4,4,3,4,1.34936,0.313016,0.004923,-38.26165,-11.845197,0,8
case_03_NbS2_cosine_seed9522,NbS2,cosine,9522,8,0.61311,0.038608,0.738191,0.403597,-0.141074,0.038608,-0.015993,-0.350587,0.011704,0.109199,6.226247,1.61178,8,3,3,4,4,1.240845,0.366745,0.122746,-42.304111,-11.543354,0,8
case_03_NbS2_cosine_seed9522,NbS2,cosine,9522,9,0.656015,0.02663,0.738508,0.510536,-0.098169,0.02663,-0.015676,-0.243648,0.051878,0.075321,6.4168,0.361108,8,2,2,2,2,1.141776,0.004791,0.00091,-44.089272,-9.97208,0,8
case_03_NbS2_cosine_seed9522,NbS2,cosine,9522,10,0.522119,0.027906,0.613434,0.359032,-0.232064,0.027906,-0.140749,-0.395151,-0.077916,0.078931,6.25307,0.88754,8,5,5,5,5,2.117786,0.420353,0.111132,-30.081852,-10.763481,0,8
case_03_NbS2_cosine_seed9522,NbS2,cosine,9522,11,0.499023,0.074341,0.722894,0.0,-0.255161,0.074341,-0.03129,-0.754184,-0.095962,0.210269,6.286467,0.527493,8,3,3,3,3,1.493499,0.046282,0.005577,-41.911251,-10.957832,1,7
case_03_NbS2_cosine_seed9522,NbS2,cosine,9522,12,0.612565,0.037905,0.764646,0.452799,-0.152081,0.037905,0.0,-0.311847,0.006762,0.107212,6.429225,0.298963,8,6,6,5,6,2.361365,0.133698,0.028485,-27.28178,-9.18898,0,8
case_03_NbS2_cosine_seed9522,NbS2,cosine,9522,13,0.529513,0.03854,0.741192,0.398457,-0.235134,0.03854,-0.023454,-0.366189,-0.072476,0.109009,6.364756,0.302179,8,8,8,8,8,4.003103,0.490898,0.877429,-11.282082,-7.327861,0,8
case_03_NbS2_cosine_seed9522,NbS2,cosine,9522,14,0.622303,0.044393,0.815562,0.433521,-0.193259,0.044393,0.0,-0.382041,-0.029072,0.125564,6.315367,1.393138,8,4,4,4,5,1.369625,0.115664,0.137848,-38.775414,-11.280194,0,8
case_03_NbS2_cosine_seed9522,NbS2,cosine,9522,15,0.595946,0.024163,0.678697,0.453121,-0.219616,0.024163,-0.136865,-0.362441,-0.052657,0.068344,6.330122,1.161315,8,3,3,3,3,1.032903,0.005627,0.016878,-41.534595,-11.943471,0,8
case_03_NbS2_cosine_seed9522,NbS2,cosine,9522,16,0.439892,0.067209,0.614185,0.0,-0.37567,0.067209,-0.201377,-0.815562,-0.198276,0.190095,6.279704,0.37527,8,4,4,4,4,1.897132,0.393506,0.075332,-34.447636,-10.554708,1,7
case_03_NbS2_cosine_seed9522,NbS2,cosine,9522,17,0.503109,0.032021,0.633924,0.31273,-0.312453,0.032021,-0.181638,-0.502832,-0.128306,0.090568,6.387973,0.113309,8,6,8,8,8,2.933635,0.480653,0.172123,-12.617153,-7.770401,0,8
case_03_NbS2_cosine_seed9522,NbS2,cosine,9522,18,0.50392,0.041655,0.69311,0.344274,-0.311642,0.041655,-0.122452,-0.471288,-0.12112,0.117819,6.376382,0.450313,8,6,6,6,6,3.796736,0.204809,0.090267,-26.280563,-10.375757,0,8
case_03_NbS2_cosine_seed9522,NbS2,cosine,9522,19,0.583516,0.031492,0.76115,0.468182,-0.232046,0.031492,-0.054412,-0.34738,-0.039448,0.089072,6.328811,1.900592,8,4,4,4,4,1.569101,0.319312,0.060806,-37.70792,-11.83089,0,8
case_03_NbS2_cosine_seed9522,NbS2,cosine,9522,20,0.559731,0.020095,0.617473,0.467659,-0.255831,0.020095,-0.198089,-0.347903,-0.060071,0.056838,6.362112,1.468738,8,3,3,3,3,1.452201,0.137974,0.027254,-44.090187,-11.302889,0,8
case_03_NbS2_cosine_seed9522,NbS2,cosine,9522,21,0.561417,0.027684,0.644127,0.387298,-0.254145,0.027684,-0.171435,-0.428264,-0.055466,0.078301,6.36326,1.664342,8,2,2,3,3,1.037941,0.052083,0.206371,-46.616814,-12.922718,0,8
case_03_NbS2_cosine_seed9522,NbS2,cosine,9522,22,0.537645,0.036628,0.753794,0.415358,-0.277917,0.036628,-0.061768,-0.400204,-0.075275,0.103599,6.425788,0.910399,8,4,4,3,4,2.053588,0.146012,0.254454,-28.004471,-11.434681,0,8
case_03_NbS2_cosine_seed9522,NbS2,cosine,9522,23,0.557528,0.02342,0.646053,0.445641,-0.258034,0.02342,-0.169509,-0.369921,-0.052624,0.066241,6.409323,1.381544,8,2,2,2,2,0.924443,0.03524,0.066097,-44.924915,-11.826523,0,8
case_03_NbS2_cosine_seed9522,NbS2,cosine,9522,24,0.550403,0.020869,0.64227,0.47262,-0.265159,0.020869,-0.173292,-0.342942,-0.056761,0.059026,6.456683,0.927508,8,4,4,4,4,1.349139,0.509516,0.004069,-38.185238,-11.478462,0,8
case_03_NbS2_cosine_seed9522,NbS2,cosine,9522,25,0.611206,0.036838,0.786261,0.43272,-0.204356,0.036838,-0.029301,-0.382842,0.003841,0.104192,6.62877,-0.087881,8,3,3,3,3,1.478565,0.141199,0.08889,-38.90213,-11.580721,0,8
case_03_NbS2_cosine_seed9522,NbS2,cosine,9522,26,0.476557,0.06714,0.64733,0.0,-0.339005,0.06714,-0.168232,-0.815562,-0.124269,0.189901,6.479008,0.28121,8,6,6,4,6,2.546357,0.212489,0.05213,-21.342897,-8.776542,1,7
case_03_NbS2_cosine_seed9522,NbS2,cosine,9522,27,0.551955,0.041125,0.717609,0.316637,-0.263607,0.041125,-0.097953,-0.498925,-0.046427,0.11632,6.45132,1.449599,8,4,5,5,5,1.686558,0.701259,0.014267,-32.350933,-9.433577,0,8
case_03_NbS2_cosine_seed9522,NbS2,cosine,9522,28,0.592136,0.045757,0.773787,0.376077,-0.223426,0.045757,-0.041775,-0.439485,-0.005934,0.129421,6.51806,1.38564,8,4,4,4,4,1.803034,0.188912,0.01931,-37.56076,-10.472521,0,8
case_03_NbS2_cosine_seed9522,NbS2,cosine,9522,29,0.582067,0.035015,0.717066,0.436188,-0.233494,0.035015,-0.098496,-0.379374,-0.015202,0.099037,6.469481,1.881823,8,4,5,6,6,2.065556,1.025357,0.063722,-29.494608,-9.325515,0,8
case_03_NbS2_cosine_seed9522,NbS2,cosine,9522,30,0.57741,0.045981,0.713492,0.311851,-0.238152,0.045981,-0.10207,-0.503711,-0.018867,0.130053,6.577699,0.866928,8,3,3,3,3,1.521451,0.001861,0.394644,-33.974792,-10.760962,0,8
case_03_NbS2_cosine_seed9522,NbS2,cosine,9522,31,0.58814,0.042632,0.735378,0.394405,-0.227422,0.042632,-0.080184,-0.421157,-0.00773,0.120581,6.602775,0.826977,8,4,4,4,4,1.445193,0.537965,0.235366,-40.031261,-12.009207,0,8
case_03_NbS2_cosine_seed9522,NbS2,cosine,9522,32,0.528901,0.039522,0.716838,0.314656,-0.286661,0.039522,-0.098724,-0.500906,-0.06362,0.111784,6.551487,0.887277,8,5,5,5,5,2.023224,0.544549,0.002078,-28.263969,-9.459644,0,8
case_03_NbS2_cosine_seed9522,NbS2,cosine,9522,33,0.585822,0.034965,0.765005,0.423297,-0.22974,0.034965,-0.050557,-0.392265,-0.006364,0.098896,6.545586,1.657885,8,4,3,4,4,1.745421,0.006153,0.008441,-40.145355,-11.276361,0,8
case_03_NbS2_cosine_seed9522,NbS2,cosine,9522,34,0.639984,0.023063,0.761174,0.572351,-0.175578,0.023063,-0.054388,-0.243211,0.045407,0.065232,6.602748,1.713929,8,3,3,3,3,1.141672,0.071604,0.018674,-44.635574,-12.344467,0,8
case_03_NbS2_cosine_seed9522,NbS2,cosine,9522,35,0.594538,0.028305,0.759646,0.486061,-0.221024,0.028305,-0.055916,-0.329501,-3.6e-05,0.080059,6.658578,0.810706,8,3,3,2,3,1.032808,0.1149,0.014951,-43.197372,-12.027399,0,8
case_03_NbS2_cosine_seed9522,NbS2,cosine,9522,36,0.594122,0.028401,0.747357,0.480642,-0.22144,0.028401,-0.068205,-0.33492,-0.00043,0.080331,6.625394,1.256348,8,4,4,4,4,2.465172,0.113938,0.019192,-40.609436,-11.927444,0,8
case_03_NbS2_cosine_seed9522,NbS2,cosine,9522,37,0.580348,0.038294,0.754104,0.377139,-0.235214,0.038294,-0.061458,-0.438423,-0.013493,0.108313,6.548177,1.986988,8,3,3,3,3,1.121421,0.249394,0.003626,-42.946938,-11.518659,0,8
case_03_NbS2_cosine_seed9522,NbS2,cosine,9522,38,0.57698,0.024909,0.690842,0.436651,-0.238582,0.024909,-0.12472,-0.378911,-0.016018,0.070454,6.611698,1.371832,8,4,4,5,5,1.45814,0.271788,0.072636,-31.570927,-11.206023,0,8
case_03_NbS2_cosine_seed9522,NbS2,cosine,9522,39,0.582352,0.034332,0.756397,0.436886,-0.23321,0.034332,-0.059165,-0.378676,-0.010114,0.097105,6.765197,0.012919,8,5,6,6,6,2.964336,1.83066,0.116176,-23.458649,-8.350097,0,8
case_03_NbS2_cosine_seed9522,NbS2,cosine,9522,40,0.563571,0.038883,0.707833,0.389702,-0.251991,0.038883,-0.107729,-0.42586,-0.027451,0.109978,6.667886,0.915232,8,5,5,5,5,2.158391,0.616757,0.027487,-31.792141,-8.945954,0,8
case_03_NbS2_cosine_seed9522,NbS2,cosine,9522,41,0.59809,0.024888,0.755724,0.516361,-0.217472,0.024888,-0.059838,-0.299201,0.006715,0.070394,6.729697,0.689325,8,3,4,5,5,1.32891,0.707191,0.06316,-36.436897,-10.430427,0,8
case_03_NbS2_cosine_seed9522,NbS2,cosine,9522,42,0.499622,0.033062,0.651435,0.321386,-0.31594,0.033062,-0.164127,-0.494176,-0.087166,0.093514,6.550742,1.603208,8,4,4,5,5,1.681891,0.17397,0.264844,-36.792587,-10.559292,0,8
case_03_NbS2_cosine_seed9522,NbS2,cosine,9522,43,0.545337,0.056609,0.777373,0.309751,-0.270225,0.056609,-0.038189,-0.505811,-0.039378,0.160115,6.671122,0.954263,8,4,5,6,6,1.850911,0.82595,0.101913,-27.536205,-8.40797,0,8
case_03_NbS2_cosine_seed9522,NbS2,cosine,9522,44,0.551532,0.018884,0.631168,0.478528,-0.26403,0.018884,-0.184394,-0.337034,-0.031524,0.053413,6.648869,1.285499,8,5,5,5,6,1.976588,0.130572,0.247478,-27.670774,-9.810516,0,8
case_03_NbS2_cosine_seed9522,NbS2,cosine,9522,45,0.520113,0.075289,0.71146,0.0,-0.295449,0.075289,-0.104102,-0.815562,-0.059795,0.212949,6.645583,1.084237,8,4,4,3,4,1.564173,0.073019,0.319496,-32.037666,-10.366796,1,7
case_03_NbS2_cosine_seed9522,NbS2,cosine,9522,46,0.542558,0.075772,0.730795,0.0,-0.273004,0.075772,-0.084767,-0.815562,-0.035483,0.214317,6.565849,2.204728,8,2,2,2,2,0.784526,0.464669,0.13861,-43.466034,-12.406794,1,7
case_03_NbS2_cosine_seed9522,NbS2,cosine,9522,47,0.565321,0.034555,0.77043,0.424183,-0.250241,0.034555,-0.045132,-0.391379,-0.012084,0.097735,6.70435,1.067295,8,4,4,6,6,1.681916,0.391582,0.369309,-38.789326,-9.578935,0,8
case_03_NbS2_cosine_seed9522,NbS2,cosine,9522,48,0.629708,0.034202,0.82769,0.535235,-0.197982,0.034202,0.0,-0.292455,0.038166,0.096739,6.690443,1.779252,8,2,2,3,3,0.804746,0.002111,0.533543,-48.370716,-12.244678,0,8
case_03_NbS2_cosine_seed9522,NbS2,cosine,9522,49,0.541567,0.036371,0.655842,0.368503,-0.286123,0.036371,-0.171848,-0.459187,-0.047476,0.102873,6.675232,1.11089,8,4,4,4,4,2.333059,0.435255,0.138542,-35.273232,-11.082792,0,8
case_03_NbS2_cosine_seed9522,NbS2,cosine,9522,50,0.601792,0.029957,0.738064,0.471076,-0.225898,0.029957,-0.089626,-0.356614,0.012112,0.084731,6.679708,1.71939,8,2,2,2,2,0.771519,0.01271,0.032124,-45.873985,-13.269987,0,8
case_03_NbS2_cosine_seed9522,NbS2,cosine,9522,51,0.595159,0.036841,0.746048,0.392217,-0.232531,0.036841,-0.081642,-0.435474,0.005205,0.104202,6.595417,2.602864,8,4,4,5,5,1.535477,0.237491,0.249201,-32.02359,-11.065896,0,8
case_03_NbS2_cosine_seed9522,NbS2,cosine,9522,52,0.634551,0.031967,0.76886,0.477778,-0.193139,0.031967,-0.05883,-0.349913,0.042367,0.090415,6.803067,0.927149,8,3,3,3,3,1.231891,0.035448,0.006309,-36.041561,-11.832006,0,8
case_03_NbS2_cosine_seed9522,NbS2,cosine,9522,53,0.570237,0.020137,0.691823,0.48611,-0.257453,0.020137,-0.135867,-0.34158,-0.02085,0.056956,6.826245,0.119398,8,3,4,3,4,1.93434,0.29702,0.015485,-28.985847,-11.653643,0,8
case_03_NbS2_cosine_seed9522,NbS2,cosine,9522,54,0.575745,0.026665,0.651827,0.408549,-0.251945,0.026665,-0.175863,-0.419141,-0.014575,0.075419,6.704477,1.463628,8,3,3,3,3,0.999377,0.002185,0.023524,-46.103653,-11.522444,0,8
case_03_NbS2_cosine_seed9522,NbS2,cosine,9522,55,0.584596,0.01974,0.696874,0.497207,-0.243095,0.01974,-0.130816,-0.330483,-0.005438,0.055833,6.711754,1.555997,8,2,2,2,2,1.101085,0.604424,0.013455,-41.32336,-11.476969,0,8
case_03_NbS2_cosine_seed9522,NbS2,cosine,9522,56,0.612767,0.03673,0.737656,0.4126,-0.214923,0.03673,-0.090034,-0.41509,0.021596,0.103889,6.775959,1.26238,8,3,3,3,3,1.088081,0.433321,0.470077,-41.71286,-11.825489,0,8
case_03_NbS2_cosine_seed9522,NbS2,cosine,9522,57,0.604795,0.032314,0.754206,0.48031,-0.222896,0.032314,-0.073484,-0.34738,0.012943,0.091398,6.742963,1.548164,8,2,2,2,2,0.77148,0.415336,0.059606,-48.261185,-11.53708,0,8
case_03_NbS2_cosine_seed9522,NbS2,cosine,9522,58,0.530545,0.075594,0.727216,0.0,-0.297146,0.075594,-0.100474,-0.82769,-0.058242,0.213811,6.843076,-0.073001,8,3,3,3,3,1.260456,0.00729,0.390084,-40.216145,-9.51979,1,7
case_03_NbS2_cosine_seed9522,NbS2,cosine,9522,59,0.545167,0.014012,0.614485,0.504734,-0.282523,0.014012,-0.213205,-0.322956,-0.041438,0.039632,6.754407,0.998453,8,5,5,4,5,2.470764,0.268763,0.123212,-25.592339,-11.038584,0,8
case_03_NbS2_cosine_seed9522,NbS2,cosine,9522,60,0.5738,0.037792,0.745358,0.384398,-0.25389,0.037792,-0.082332,-0.443292,-0.012165,0.106893,6.707662,1.859712,8,4,4,5,5,1.804582,0.00523,0.640629,-35.332428,-10.543622,0,8
case_03_NbS2_cosine_seed9522,NbS2,cosine,9522,61,0.587192,0.031022,0.723689,0.489655,-0.240498,0.031022,-0.104002,-0.338035,0.001166,0.087744,6.831254,0.815294,8,4,4,4,5,1.369418,0.1142,0.312366,-39.037582,-11.275692,0,8
case_03_NbS2_cosine_seed9522,NbS2,cosine,9522,62,0.544834,0.051075,0.725405,0.311937,-0.282856,0.051075,-0.102285,-0.515753,-0.039133,0.144461,6.773352,1.06915,8,4,5,5,5,2.257541,0.182155,0.08121,-28.042805,-10.11834,0,8
case_03_NbS2_cosine_seed9522,NbS2,cosine,9522,63,0.551442,0.034058,0.725703,0.409452,-0.276248,0.034058,-0.101987,-0.418238,-0.030898,0.096329,6.738233,1.563847,8,3,3,3,3,1.670785,1.043731,0.208235,-39.512573,-10.247993,0,8
case_03_NbS2_cosine_seed9522,NbS2,cosine,9522,64,0.599056,0.039948,0.766783,0.4308,-0.228634,0.039948,-0.060908,-0.39689,0.01588,0.112989,6.822281,1.256955,8,4,4,4,4,1.768231,0.080973,0.179868,-35.950199,-12.36709,0,8
case_03_NbS2_cosine_seed9522,NbS2,cosine,9522,65,0.634111,0.022665,0.736644,0.559558,-0.193579,0.022665,-0.091046,-0.268132,0.048388,0.064107,6.713057,2.782914,8,1,1,1,1,0.467827,0.0,0.057094,-53.691525,-12.109459,0,8
case_03_NbS2_cosine_seed9522,NbS2,cosine,9522,66,0.551817,0.022019,0.695285,0.484396,-0.275873,0.022019,-0.132405,-0.343294,-0.032211,0.06228,6.874394,0.449686,8,5,7,7,7,2.501508,0.672251,0.174828,-18.604593,-8.51789,0,8
case_03_NbS2_cosine_seed9522,NbS2,cosine,9522,67,0.590625,0.037941,0.730328,0.360048,-0.237066,0.037941,-0.097362,-0.467643,0.006267,0.107314,6.949345,0.168291,8,2,2,2,2,0.695708,3.1e-05,0.006487,-48.638168,-12.06622,0,8
case_03_NbS2_cosine_seed9522,NbS2,cosine,9522,68,0.595521,0.048681,0.819537,0.371159,-0.232169,0.048681,-0.008154,-0.456531,0.010606,0.137691,6.838593,1.433776,8,4,4,4,4,1.336161,0.007989,0.17431,-40.804276,-11.156912,0,8
case_03_NbS2_cosine_seed9522,NbS2,cosine,9522,69,0.58139,0.028788,0.691656,0.437851,-0.246301,0.028788,-0.136034,-0.389839,-0.00335,0.081425,6.806556,1.689926,8,4,4,4,4,1.685891,0.434836,0.008957,-32.869064,-9.167457,0,8
case_03_NbS2_cosine_seed9522,NbS2,cosine,9522,70,0.643571,0.031835,0.783379,0.535031,-0.18412,0.031835,-0.044311,-0.29266,0.05589,0.090042,6.882097,1.593948,8,2,2,2,2,1.141398,0.114045,0.016106,-44.672421,-10.871619,0,8
case_03_NbS2_cosine_seed9522,NbS2,cosine,9522,71,0.65018,0.026022,0.733537,0.488738,-0.17751,0.026022,-0.094153,-0.338952,0.059374,0.073601,6.767339,2.84085,8,2,2,2,2,0.695686,0.002249,0.061396,-47.262421,-12.826039,0,8
case_03_NbS2_cosine_seed9522,NbS2,cosine,9522,72,0.613562,0.043587,0.731391,0.377818,-0.214128,0.043587,-0.096299,-0.449872,0.021618,0.123282,6.814009,2.08628,8,3,3,3,3,1.108298,0.277016,0.413667,-40.926937,-11.920203,0,8
case_03_NbS2_cosine_seed9522,NbS2,cosine,9522,73,0.586063,0.016166,0.688883,0.525052,-0.241627,0.016166,-0.138807,-0.302639,-0.005587,0.045725,6.803761,1.957197,8,3,3,4,4,1.445348,0.155187,0.0777,-37.415932,-12.625643,0,8
case_03_NbS2_cosine_seed9522,NbS2,cosine,9522,74,0.595323,0.043551,0.746066,0.341087,-0.232367,0.043551,-0.081625,-0.486604,0.003489,0.123181,6.939439,0.746841,8,3,3,3,3,1.417254,0.952802,0.655811,-37.654121,-11.640779,0,8
case_03_NbS2_cosine_seed9522,NbS2,cosine,9522,75,0.580884,0.048807,0.791901,0.310098,-0.246806,0.048807,-0.035789,-0.517592,-0.010402,0.138046,6.74613,2.583822,8,4,4,4,4,1.534456,0.182311,0.220854,-33.393398,-8.872644,0,8
case_03_NbS2_cosine_seed9522,NbS2,cosine,9522,76,0.612965,0.037327,0.77745,0.42395,-0.214725,0.037327,-0.05024,-0.40374,0.020595,0.105577,6.938636,1.030325,8,4,4,4,4,1.754188,0.160363,0.152723,-33.976933,-11.031515,0,8
case_03_NbS2_cosine_seed9522,NbS2,cosine,9522,77,0.512692,0.030165,0.624125,0.332875,-0.314999,0.030165,-0.203565,-0.494815,-0.075694,0.085319,6.806892,1.439108,8,4,4,3,4,1.577094,0.256434,0.002223,-33.722637,-11.280652,0,8
case_03_NbS2_cosine_seed9522,NbS2,cosine,9522,78,0.547763,0.042236,0.693711,0.312458,-0.279927,0.042236,-0.133979,-0.515232,-0.038592,0.119462,6.810427,1.824901,8,4,4,4,4,1.939631,0.055769,0.082919,-35.096954,-10.250327,0,8
case_03_NbS2_cosine_seed9522,NbS2,cosine,9522,79,0.538525,0.078753,0.739065,0.0,-0.289165,0.078753,-0.088625,-0.82769,-0.045438,0.222748,6.879918,1.143653,8,2,2,2,2,0.923557,0.001426,0.063807,-44.368828,-11.954719,1,7
case_03_NbS2_cosine_seed9522,NbS2,cosine,9522,80,0.628211,0.029236,0.754457,0.48583,-0.199479,0.029236,-0.073233,-0.34186,0.042035,0.082693,6.849508,2.415771,8,3,3,3,3,1.227227,0.000959,0.148596,-38.478165,-10.700974,0,8
case_03_NbS2_cosine_seed9522,NbS2,cosine,9522,81,0.561819,0.019422,0.631944,0.465613,-0.265872,0.019422,-0.195746,-0.362077,-0.023139,0.054933,6.970337,0.592474,8,4,5,5,5,1.66574,0.492507,0.032081,-32.711319,-10.566694,0,8
case_03_NbS2_cosine_seed9522,NbS2,cosine,9522,82,0.576545,0.03036,0.749141,0.478947,-0.251145,0.03036,-0.078549,-0.348743,-0.007992,0.085871,6.771936,2.807937,8,5,5,4,5,2.792583,0.078758,0.375071,-11.443787,-9.681704,0,8
case_03_NbS2_cosine_seed9522,NbS2,cosine,9522,83,0.634708,0.023322,0.785847,0.561461,-0.192982,0.023322,-0.041843,-0.266229,0.047662,0.065963,6.834078,2.831359,8,3,3,3,3,1.141536,0.187633,0.292331,-44.029564,-11.626763,0,8
case_03_NbS2_cosine_seed9522,NbS2,cosine,9522,84,0.575696,0.048915,0.749786,0.310163,-0.251994,0.048915,-0.077904,-0.517527,-0.010782,0.138351,6.803682,2.590763,8,3,3,3,3,1.141976,0.003294,0.013828,-37.116692,-11.92021,0,8
case_03_NbS2_cosine_seed9522,NbS2,cosine,9522,85,0.568867,0.04234,0.751209,0.323533,-0.258823,0.04234,-0.076482,-0.504157,-0.01673,0.119755,6.898096,1.622684,8,2,2,3,3,0.784343,0.2999,0.067731,-46.274971,-11.777092,0,8
case_03_NbS2_cosine_seed9522,NbS2,cosine,9522,86,0.596885,0.035118,0.78083,0.438258,-0.230805,0.035118,-0.04686,-0.389432,0.010723,0.09933,6.902828,1.885856,8,2,2,2,2,0.923501,0.000125,0.191442,-40.710266,-11.520854,0,8
case_03_NbS2_cosine_seed9522,NbS2,cosine,9522,87,0.558442,0.041378,0.739032,0.310815,-0.269248,0.041378,-0.088659,-0.516875,-0.026334,0.117035,6.871114,1.872424,8,4,5,5,5,1.977957,0.471259,0.355792,-31.473492,-9.86641,0,8
case_03_NbS2_cosine_seed9522,NbS2,cosine,9522,88,0.60875,0.051848,0.798628,0.379695,-0.21894,0.051848,-0.029062,-0.447995,0.022775,0.146649,6.761681,3.470783,8,2,2,2,2,0.923505,4.3e-05,0.029893,-46.838661,-12.126057,0,8
case_03_NbS2_cosine_seed9522,NbS2,cosine,9522,89,0.604845,0.026641,0.725062,0.454841,-0.222845,0.026641,-0.102628,-0.372849,0.017927,0.075353,7.005712,1.041903,8,3,3,2,3,1.032552,0.071965,0.018736,-44.305893,-13.455227,0,8
case_03_NbS2_cosine_seed9522,NbS2,cosine,9522,90,0.592426,0.009389,0.646336,0.550746,-0.235264,0.009389,-0.181354,-0.276944,0.005233,0.026557,6.76076,3.395509,8,1,1,2,2,0.467684,0.0,0.389828,-53.438236,-13.117817,0,8
case_03_NbS2_cosine_seed9522,NbS2,cosine,9522,91,0.555635,0.025768,0.68828,0.435516,-0.272055,0.025768,-0.13941,-0.392174,-0.029981,0.072884,6.751583,3.127869,8,2,2,2,2,0.771424,0.002861,0.201001,-42.76931,-12.614232,0,8
case_03_NbS2_cosine_seed9522,NbS2,cosine,9522,92,0.463635,0.033668,0.592509,0.313942,-0.364055,0.033668,-0.235181,-0.513748,-0.115882,0.095228,6.808539,1.706429,8,4,5,5,5,1.884346,1.14232,0.000893,-30.336849,-9.512096,0,8
case_03_NbS2_cosine_seed9522,NbS2,cosine,9522,93,0.535668,0.037249,0.726876,0.416667,-0.292022,0.037249,-0.100815,-0.411023,-0.041656,0.105357,6.989533,0.655433,8,5,5,4,5,2.243763,0.224868,0.054774,-30.066263,-10.366584,0,8
case_03_NbS2_cosine_seed9522,NbS2,cosine,9522,94,0.564588,0.02671,0.727767,0.462406,-0.263102,0.02671,-0.099924,-0.365284,-0.0121,0.075546,6.926012,1.598477,8,3,3,3,3,1.088053,0.501396,0.202931,-41.28566,-11.617197,0,8
case_03_NbS2_cosine_seed9522,NbS2,cosine,9522,95,0.5311,0.040845,0.726685,0.309392,-0.29659,0.040845,-0.101005,-0.518298,-0.043308,0.115527,7.022177,0.330368,8,7,7,6,7,2.858662,0.661766,0.545621,-20.285872,-8.788916,0,8
case_03_NbS2_cosine_seed9522,NbS2,cosine,9522,96,0.583449,0.0269,0.735899,0.449412,-0.244241,0.0269,-0.091791,-0.378278,0.008589,0.076085,6.925904,1.886983,8,3,3,3,3,1.445108,0.00603,0.04184,-40.46405,-11.295246,0,8
case_03_NbS2_cosine_seed9522,NbS2,cosine,9522,97,0.550454,0.027334,0.655814,0.410006,-0.277236,0.027334,-0.171876,-0.417684,-0.023186,0.077313,6.964911,1.222595,8,6,6,6,6,2.391406,0.229213,0.103404,-23.259979,-8.449878,0,8
case_03_NbS2_cosine_seed9522,NbS2,cosine,9522,98,0.628055,0.0246,0.726772,0.523001,-0.199635,0.0246,-0.100919,-0.304689,0.051694,0.069578,6.903698,2.678895,8,4,4,4,4,1.56914,0.361994,0.082748,-38.823994,-11.211638,0,8
case_03_NbS2_cosine_seed9522,NbS2,cosine,9522,99,0.43034,0.060718,0.604782,0.0,-0.39735,0.060718,-0.222908,-0.82769,-0.138719,0.171736,6.841979,1.41543,8,4,4,3,4,1.665822,0.416024,0.043725,-30.707327,-10.024038,1,7
case_03_NbS2_cosine_seed9522,NbS2,cosine,9522,100,0.546267,0.025707,0.64785,0.450282,-0.281423,0.025707,-0.17984,-0.377408,-0.021653,0.072711,7.076481,0.25381,8,4,4,4,4,1.924485,0.616846,0.046932,-26.495207,-9.173598,0,8
case_03_NbS2_peak_seed9522,NbS2,peak,9522,1,0.34297,0.019225,0.424987,0.260223,-0.082016,0.019225,0.0,-0.164764,0.0,0.054377,6.513014,-0.0011,8,2,2,2,2,0.784982,0.420315,0.049578,-47.460213,-12.024031,0,8
case_03_NbS2_peak_seed9522,NbS2,peak,9522,2,0.413165,0.02859,0.574868,0.276054,-0.161704,0.02859,0.0,-0.298814,-0.075703,0.080864,6.494622,-0.034703,8,5,6,6,7,2.418154,0.006642,0.580965,-23.507092,-8.692213,0,8
case_03_NbS2_peak_seed9522,NbS2,peak,9522,3,0.39088,0.02469,0.473724,0.284608,-0.183988,0.02469,-0.101144,-0.290261,-0.093088,0.069834,6.521001,0.076408,8,3,4,3,4,1.707648,0.473964,0.228084,-27.868183,-10.6328,0,8
case_03_NbS2_peak_seed9522,NbS2,peak,9522,4,0.340398,0.014241,0.390953,0.266904,-0.234471,0.014241,-0.183916,-0.307965,-0.136392,0.04028,6.524302,-0.003613,8,3,3,3,3,1.227385,0.012278,0.05451,-39.486378,-11.655979,0,8
case_03_NbS2_peak_seed9522,NbS2,peak,9522,5,0.348917,0.016214,0.436114,0.296809,-0.225952,0.016214,-0.138754,-0.278059,-0.121479,0.04586,6.550795,0.183468,8,2,2,2,2,0.924158,0.00804,0.032506,-42.898254,-11.973893,0,8
case_03_NbS2_peak_seed9522,NbS2,peak,9522,6,0.360832,0.021692,0.475622,0.289222,-0.214036,0.021692,-0.099246,-0.285646,-0.104085,0.061354,6.578261,0.339264,8,5,5,5,5,1.884979,0.467541,0.001411,-28.563507,-9.113768,0,8
case_03_NbS2_peak_seed9522,NbS2,peak,9522,7,0.354465,0.017377,0.462936,0.273701,-0.220403,0.017377,-0.111932,-0.301167,-0.10493,0.049151,6.587142,0.523563,8,4,4,3,4,1.349427,0.315177,0.002167,-39.185734,-11.835197,0,8
case_03_NbS2_peak_seed9522,NbS2,peak,9522,8,0.357602,0.020703,0.441334,0.260055,-0.217266,0.020703,-0.133535,-0.314813,-0.096703,0.058558,6.673521,-0.0267,8,3,3,3,3,1.240823,0.367988,0.098927,-41.600048,-11.550121,0,8
case_03_NbS2_peak_seed9522,NbS2,peak,9522,9,0.363007,0.016056,0.424099,0.267195,-0.211861,0.016056,-0.150769,-0.307673,-0.086733,0.045412,6.674086,0.308098,8,2,2,2,2,1.141769,0.004718,0.00166,-44.369778,-9.98843,0,8
case_03_NbS2_peak_seed9522,NbS2,peak,9522,10,0.372826,0.035017,0.571708,0.249618,-0.202042,0.035017,-0.00316,-0.325251,-0.073069,0.099042,6.715873,0.236388,8,5,5,5,5,2.117764,0.4241,0.121445,-30.27079,-10.814552,0,8
case_03_NbS2_peak_seed9522,NbS2,peak,9522,11,0.338553,0.048067,0.462945,0.0,-0.236315,0.048067,-0.111923,-0.574868,-0.101974,0.135953,6.654689,0.803986,8,3,3,3,3,1.493672,0.045937,0.002235,-42.057178,-10.960038,1,7
case_03_NbS2_peak_seed9522,NbS2,peak,9522,12,0.387009,0.019053,0.462584,0.315948,-0.187859,0.019053,-0.112285,-0.258921,-0.050843,0.053891,6.726261,0.754524,8,6,6,4,6,2.361387,0.116313,0.033172,-28.053556,-9.160491,0,8
case_03_NbS2_peak_seed9522,NbS2,peak,9522,13,0.434059,0.013233,0.517212,0.391914,-0.140809,0.013233,-0.057657,-0.182954,-0.003603,0.037429,6.797863,0.676839,8,8,8,8,8,4.002828,0.490658,0.884952,-11.174558,-7.309539,0,8
case_03_NbS2_peak_seed9522,NbS2,peak,9522,14,0.391575,0.01597,0.481106,0.332371,-0.183293,0.01597,-0.093762,-0.242497,-0.043783,0.04517,6.797883,0.439021,8,4,4,4,5,1.369726,0.115352,0.115812,-39.420334,-11.434274,0,8
case_03_NbS2_peak_seed9522,NbS2,peak,9522,15,0.377134,0.018344,0.44454,0.287087,-0.197734,0.018344,-0.130328,-0.287781,-0.055312,0.051883,6.788987,0.576278,8,3,3,3,3,1.032957,0.005523,0.010726,-42.297775,-11.997487,0,8
case_03_NbS2_peak_seed9522,NbS2,peak,9522,16,0.365871,0.035908,0.571616,0.250867,-0.208998,0.035908,-0.003252,-0.324002,-0.063247,0.101564,6.754958,1.017134,8,4,4,4,4,1.896965,0.385022,0.11865,-36.043613,-10.656236,0,8
case_03_NbS2_peak_seed9522,NbS2,peak,9522,17,0.406298,0.014096,0.450384,0.352674,-0.16857,0.014096,-0.124485,-0.222195,-0.021679,0.03987,6.888557,0.246157,8,6,8,8,8,2.933342,0.474181,0.176588,-13.131212,-7.788806,0,8
case_03_NbS2_peak_seed9522,NbS2,peak,9522,18,0.361115,0.03204,0.517856,0.227895,-0.213753,0.03204,-0.057012,-0.346973,-0.063518,0.090622,6.854113,0.322215,8,6,6,6,6,3.796371,0.217813,0.094077,-26.190168,-10.310957,0,8
case_03_NbS2_peak_seed9522,NbS2,peak,9522,19,0.369292,0.010829,0.429114,0.334081,-0.205576,0.010829,-0.145755,-0.240788,-0.052575,0.030628,6.779019,1.321355,8,4,4,4,4,1.569147,0.320201,0.130591,-38.238056,-11.917002,0,8
case_03_NbS2_peak_seed9522,NbS2,peak,9522,20,0.351963,0.024048,0.526758,0.301546,-0.222905,0.024048,-0.04811,-0.273322,-0.066408,0.068018,6.777233,1.337163,8,3,3,3,3,1.452253,0.137865,0.025285,-43.347057,-11.446154,0,8
case_03_NbS2_peak_seed9522,NbS2,peak,9522,21,0.326528,0.02014,0.447929,0.246393,-0.248341,0.02014,-0.126939,-0.328475,-0.087252,0.056965,6.793333,1.108236,8,2,2,3,3,1.038056,0.051942,0.281879,-46.701401,-12.956459,0,8
case_03_NbS2_peak_seed9522,NbS2,peak,9522,22,0.385418,0.030387,0.568211,0.270453,-0.18945,0.030387,-0.006658,-0.304415,-0.026943,0.085947,6.936456,0.388481,8,4,4,3,4,2.053696,0.145922,0.230929,-28.303761,-11.498817,0,8
case_03_NbS2_peak_seed9522,NbS2,peak,9522,23,0.363925,0.017196,0.473366,0.315073,-0.210944,0.017196,-0.101502,-0.259795,-0.046015,0.048637,6.843174,1.22727,8,2,2,2,2,0.924444,0.037588,0.043221,-44.228027,-11.987511,0,8
case_03_NbS2_peak_seed9522,NbS2,peak,9522,24,0.360611,0.026175,0.504884,0.257496,-0.214257,0.026175,-0.069984,-0.317373,-0.046862,0.074034,6.865758,1.089493,8,4,4,4,4,1.349288,0.515727,0.026663,-37.760483,-11.577879,0,8
case_03_NbS2_peak_seed9522,NbS2,peak,9522,25,0.357582,0.018077,0.423959,0.254233,-0.217287,0.018077,-0.150909,-0.320635,-0.047397,0.051131,6.739359,2.406739,8,3,4,4,4,1.478612,0.70174,0.077687,-38.887207,-11.585209,0,8
case_03_NbS2_peak_seed9522,NbS2,peak,9522,26,0.326793,0.046135,0.45944,0.0,-0.248075,0.046135,-0.115428,-0.574868,-0.074276,0.130489,6.90479,0.594211,8,6,6,4,6,2.546338,0.207923,0.08075,-21.389227,-8.759495,1,7
case_03_NbS2_peak_seed9522,NbS2,peak,9522,27,0.392697,0.020437,0.469165,0.307202,-0.182171,0.020437,-0.105704,-0.267667,-0.007954,0.057806,6.945772,0.905436,8,4,5,5,5,1.686728,0.711875,0.014148,-32.642628,-9.508371,0,8
case_03_NbS2_peak_seed9522,NbS2,peak,9522,28,0.404592,0.030882,0.593264,0.291423,-0.188672,0.030882,0.0,-0.301841,-0.013732,0.087348,6.91086,1.304608,8,4,4,4,4,1.803019,0.192174,0.086424,-37.902451,-10.61847,0,8
case_03_NbS2_peak_seed9522,NbS2,peak,9522,29,0.359609,0.021477,0.4611,0.275162,-0.233655,0.021477,-0.132164,-0.318103,-0.055779,0.060745,6.906359,0.993439,8,4,5,5,5,2.065639,1.100047,0.117335,-29.49371,-9.34339,0,8
case_03_NbS2_peak_seed9522,NbS2,peak,9522,30,0.359909,0.02565,0.4748,0.246494,-0.233356,0.02565,-0.118464,-0.346771,-0.052706,0.072549,6.839242,1.773968,8,3,3,3,3,1.521184,0.004289,0.220292,-34.198483,-10.827097,0,8
case_03_NbS2_peak_seed9522,NbS2,peak,9522,31,0.35393,0.018362,0.428816,0.278684,-0.239334,0.018362,-0.164448,-0.31458,-0.055749,0.051935,6.915308,1.034959,8,4,4,4,4,1.445093,0.537793,0.080288,-40.519829,-12.090374,0,8
case_03_NbS2_peak_seed9522,NbS2,peak,9522,32,0.381791,0.023132,0.470186,0.286398,-0.211473,0.023132,-0.123078,-0.306866,-0.026494,0.065428,7.043366,0.134081,8,5,5,5,5,2.02339,0.55146,0.004383,-28.094048,-9.465038,0,8
case_03_NbS2_peak_seed9522,NbS2,peak,9522,33,0.366199,0.013191,0.426971,0.30202,-0.227065,0.013191,-0.166293,-0.291244,-0.039982,0.037311,6.901615,1.532097,8,4,3,4,4,1.745538,0.006039,0.003166,-39.193733,-11.30644,0,8
case_03_NbS2_peak_seed9522,NbS2,peak,9522,34,0.376748,0.018137,0.461778,0.31162,-0.216517,0.018137,-0.131487,-0.281644,-0.027962,0.0513,6.970809,1.017699,8,3,3,3,3,1.141782,0.071721,0.007376,-44.648251,-12.420978,0,8
case_03_NbS2_peak_seed9522,NbS2,peak,9522,35,0.348031,0.021474,0.440236,0.254243,-0.245233,0.021474,-0.153029,-0.339021,-0.053844,0.060737,6.91146,1.416133,8,3,3,2,3,1.032992,0.114576,0.012383,-42.808041,-12.042641,0,8
case_03_NbS2_peak_seed9522,NbS2,peak,9522,36,0.362149,0.025799,0.46932,0.257949,-0.231115,0.025799,-0.123945,-0.335315,-0.03774,0.072971,6.986151,0.828163,8,4,4,4,4,2.464758,0.0394,0.029993,-39.685688,-12.036209,0,8
case_03_NbS2_peak_seed9522,NbS2,peak,9522,37,0.344854,0.017508,0.432716,0.289431,-0.24841,0.017508,-0.160548,-0.303833,-0.052283,0.049521,6.977425,0.773807,8,3,3,3,3,1.121533,0.241299,0.001704,-43.839588,-11.624563,0,8
case_03_NbS2_peak_seed9522,NbS2,peak,9522,38,0.372605,0.025806,0.50884,0.301205,-0.220659,0.025806,-0.084424,-0.292059,-0.023306,0.072991,7.040304,0.452705,8,4,4,4,4,1.458206,0.262715,0.026144,-31.579334,-11.267527,0,8
case_03_NbS2_peak_seed9522,NbS2,peak,9522,39,0.363159,0.016372,0.440517,0.285094,-0.230106,0.016372,-0.152748,-0.30817,-0.031115,0.046306,7.051836,0.292234,8,5,6,6,6,2.963691,1.990109,0.099755,-25.235329,-8.416607,0,8
case_03_NbS2_peak_seed9522,NbS2,peak,9522,40,0.400854,0.032962,0.564342,0.294565,-0.19241,0.032962,-0.028923,-0.298699,0.006252,0.093231,6.960411,1.602605,8,5,5,5,5,2.158315,0.620714,0.03775,-31.345745,-8.995897,0,8
case_03_NbS2_peak_seed9522,NbS2,peak,9522,41,0.378415,0.026096,0.503977,0.277392,-0.214849,0.026096,-0.089287,-0.315873,-0.015378,0.07381,6.989152,1.219619,8,3,4,4,4,1.329059,0.697006,0.11476,-36.697384,-10.438519,0,8
case_03_NbS2_peak_seed9522,NbS2,peak,9522,42,0.390854,0.031322,0.52479,0.269416,-0.202411,0.031322,-0.068474,-0.323848,-0.002792,0.088592,7.035879,1.010105,8,4,4,5,5,1.681954,0.165175,0.108796,-38.080681,-10.70228,0,8
case_03_NbS2_peak_seed9522,NbS2,peak,9522,43,0.364572,0.019923,0.446419,0.286032,-0.228692,0.019923,-0.146845,-0.307232,-0.02762,0.05635,6.931871,1.830655,8,4,5,6,6,1.850695,0.626676,0.274349,-27.675642,-8.399104,0,8
case_03_NbS2_peak_seed9522,NbS2,peak,9522,44,0.356549,0.018516,0.439306,0.26248,-0.236715,0.018516,-0.153958,-0.330784,-0.033861,0.052372,7.039222,0.788905,8,5,5,4,5,1.976253,0.131961,0.090833,-27.048132,-9.832878,0,8
case_03_NbS2_peak_seed9522,NbS2,peak,9522,45,0.338506,0.048247,0.479018,0.0,-0.254759,0.048247,-0.114246,-0.593264,-0.049309,0.136462,7.008962,1.004227,8,4,4,3,4,1.564163,0.072207,0.375578,-32.327354,-10.460005,1,7
case_03_NbS2_peak_seed9522,NbS2,peak,9522,46,0.305776,0.021282,0.402741,0.230515,-0.287489,0.021282,-0.190523,-0.362749,-0.077937,0.060193,7.032563,0.533491,8,2,2,2,2,0.784783,0.459961,0.259146,-43.07724,-12.517521,0,8
case_03_NbS2_peak_seed9522,NbS2,peak,9522,47,0.352421,0.013537,0.392739,0.291332,-0.240843,0.013537,-0.200525,-0.301933,-0.029727,0.03829,6.927792,2.115635,8,4,4,5,5,1.681945,0.399708,0.185906,-38.460964,-9.643576,0,8
case_03_NbS2_peak_seed9522,NbS2,peak,9522,48,0.337191,0.021012,0.449229,0.254541,-0.256073,0.021012,-0.144035,-0.338723,-0.04271,0.05943,7.024823,1.044538,8,2,2,2,2,0.805044,0.002109,0.007314,-48.568146,-12.213911,0,8
case_03_NbS2_peak_seed9522,NbS2,peak,9522,49,0.374845,0.021991,0.493243,0.284594,-0.21842,0.021991,-0.100021,-0.30867,-0.004803,0.062201,7.04229,1.280226,8,4,4,4,4,2.332485,0.401837,0.049195,-35.863152,-11.148949,0,8
case_03_NbS2_peak_seed9522,NbS2,peak,9522,50,0.371492,0.027886,0.466413,0.244988,-0.221772,0.027886,-0.126851,-0.348276,-0.007748,0.078874,7.097405,0.786917,8,2,2,2,2,0.771675,0.01369,0.091592,-46.762772,-13.324944,0,8
case_03_NbS2_peak_seed9522,NbS2,peak,9522,51,0.378248,0.019512,0.444412,0.276987,-0.215016,0.019512,-0.148852,-0.316277,-0.000943,0.05519,7.120524,0.686778,8,4,4,5,5,1.535356,0.237368,0.310924,-31.41198,-11.10996,0,8
case_03_NbS2_peak_seed9522,NbS2,peak,9522,52,0.360985,0.016265,0.447837,0.274787,-0.232279,0.016265,-0.145427,-0.318477,-0.017295,0.046006,7.053334,1.264356,8,3,3,3,3,1.232069,0.03649,0.003018,-36.124157,-11.994531,0,8
case_03_NbS2_peak_seed9522,NbS2,peak,9522,53,0.387994,0.016268,0.46387,0.321108,-0.20527,0.016268,-0.129394,-0.272156,0.009228,0.046012,7.131182,0.824866,8,3,4,3,4,1.934399,0.29588,0.019014,-29.086475,-11.745215,0,8
case_03_NbS2_peak_seed9522,NbS2,peak,9522,54,0.3582,0.017244,0.441474,0.308659,-0.235065,0.017244,-0.15179,-0.284605,-0.019538,0.048774,7.050304,1.408179,8,4,4,3,4,1.336312,0.121451,0.27191,-41.621311,-11.411259,0,8
case_03_NbS2_peak_seed9522,NbS2,peak,9522,55,0.364362,0.02018,0.467346,0.289396,-0.228902,0.02018,-0.125918,-0.303868,-0.012707,0.057079,7.081599,1.176645,8,2,2,2,2,1.101233,0.622458,0.01836,-43.443344,-11.51526,0,8
case_03_NbS2_peak_seed9522,NbS2,peak,9522,56,0.355805,0.023922,0.474664,0.217882,-0.237459,0.023922,-0.1186,-0.375382,-0.020201,0.06766,7.171055,0.259591,8,3,3,3,3,1.088115,0.442834,0.495137,-41.481205,-12.013447,0,8
case_03_NbS2_peak_seed9522,NbS2,peak,9522,57,0.361363,0.017135,0.458129,0.28472,-0.231901,0.017135,-0.135135,-0.308544,-0.01391,0.048466,6.892159,3.145119,8,2,2,2,2,0.771709,0.004901,0.103603,-49.650261,-11.647827,0,8
case_03_NbS2_peak_seed9522,NbS2,peak,9522,58,0.303569,0.04359,0.440266,0.0,-0.289695,0.04359,-0.152998,-0.593264,-0.068119,0.123291,7.017221,1.370721,8,3,3,4,4,1.260762,0.007222,0.615758,-40.599766,-9.566543,1,7
case_03_NbS2_peak_seed9522,NbS2,peak,9522,59,0.402856,0.028314,0.492106,0.249714,-0.190408,0.028314,-0.101158,-0.343551,0.02961,0.080084,7.156054,0.992226,8,5,5,4,5,2.470559,0.647201,0.214893,-25.701557,-11.108212,0,8
case_03_NbS2_peak_seed9522,NbS2,peak,9522,60,0.383241,0.029182,0.536594,0.273178,-0.210023,0.029182,-0.05667,-0.320086,0.009494,0.08254,7.131696,1.089806,8,4,4,4,4,1.804421,0.00322,0.098997,-35.884796,-10.56101,0,8
case_03_NbS2_peak_seed9522,NbS2,peak,9522,61,0.35967,0.019734,0.42405,0.270854,-0.233594,0.019734,-0.169214,-0.32241,-0.013372,0.055815,7.093402,1.32268,8,4,4,4,5,1.369696,0.112935,0.113664,-40.606735,-11.31584,0,8
case_03_NbS2_peak_seed9522,NbS2,peak,9522,62,0.399233,0.03056,0.582277,0.318434,-0.194031,0.03056,-0.010987,-0.27483,0.024881,0.086437,7.231556,0.401685,8,4,5,6,6,2.257372,0.140306,0.033433,-28.224611,-10.189464,0,8
case_03_NbS2_peak_seed9522,NbS2,peak,9522,63,0.333142,0.018921,0.440705,0.275348,-0.260122,0.018921,-0.152559,-0.317917,-0.03915,0.053516,7.096891,1.162267,8,3,3,3,3,1.670861,1.049359,0.206381,-39.622047,-10.275235,0,8
case_03_NbS2_peak_seed9522,NbS2,peak,9522,64,0.377327,0.022277,0.514663,0.310738,-0.215937,0.022277,-0.078601,-0.282526,0.004784,0.063008,7.108552,1.538984,8,4,4,4,4,1.767797,0.082155,0.166575,-35.626808,-12.408004,0,8
case_03_NbS2_peak_seed9522,NbS2,peak,9522,65,0.334421,0.014747,0.395643,0.280573,-0.258843,0.014747,-0.197621,-0.312691,-0.036216,0.041711,6.976252,2.47262,8,1,1,1,1,0.468466,0.0,0.01117,-53.929039,-12.218773,0,8
case_03_NbS2_peak_seed9522,NbS2,peak,9522,66,0.387056,0.0273,0.513243,0.270672,-0.206208,0.0273,-0.080021,-0.322592,0.015598,0.077217,7.212765,0.641936,8,5,7,7,7,2.50048,0.656243,0.171943,-19.204046,-8.536201,0,8
case_03_NbS2_peak_seed9522,NbS2,peak,9522,67,0.322249,0.002348,0.33627,0.313126,-0.271015,0.002348,-0.256994,-0.280138,-0.046748,0.00664,7.005089,2.10638,8,2,2,2,2,0.69631,2.5e-05,0.020524,-48.58588,-12.221791,0,8
case_03_NbS2_peak_seed9522,NbS2,peak,9522,68,0.362553,0.025151,0.499773,0.27317,-0.230711,0.025151,-0.093491,-0.320094,-0.006123,0.071137,7.056119,1.909366,8,4,4,4,4,1.336217,0.008381,0.143677,-40.265541,-11.254907,0,8
case_03_NbS2_peak_seed9522,NbS2,peak,9522,69,0.366607,0.019305,0.448735,0.271852,-0.226657,0.019305,-0.144529,-0.321412,-0.001965,0.054604,7.137242,1.066571,8,4,4,4,4,1.685963,0.428882,0.011395,-32.344109,-9.197348,0,8
case_03_NbS2_peak_seed9522,NbS2,peak,9522,70,0.388035,0.024059,0.520958,0.283382,-0.20523,0.024059,-0.072306,-0.309882,0.018489,0.06805,7.136648,1.259353,8,2,2,2,2,1.141774,0.057175,0.031797,-45.191032,-10.968988,0,8
case_03_NbS2_peak_seed9522,NbS2,peak,9522,71,0.343486,0.018216,0.433879,0.270778,-0.249778,0.018216,-0.159385,-0.322486,-0.024756,0.051523,7.132879,0.921538,8,2,2,2,2,0.696347,0.00226,0.009993,-46.613319,-12.845127,0,8
case_03_NbS2_peak_seed9522,NbS2,peak,9522,72,0.358016,0.009965,0.409208,0.3278,-0.235248,0.009965,-0.184056,-0.265465,-0.009715,0.028186,7.177558,0.741378,8,3,3,4,4,1.108427,0.571101,0.591063,-41.225349,-11.974802,0,8
case_03_NbS2_peak_seed9522,NbS2,peak,9522,73,0.351779,0.01483,0.428699,0.281972,-0.241486,0.01483,-0.164565,-0.311292,-0.015155,0.041945,7.152177,1.054919,8,3,4,5,5,1.445313,0.151824,0.36556,-38.677216,-12.733091,0,8
case_03_NbS2_peak_seed9522,NbS2,peak,9522,74,0.357522,0.026613,0.528025,0.279811,-0.235742,0.026613,-0.065239,-0.313453,-0.00894,0.075273,7.264812,0.099344,8,3,3,3,3,1.417234,0.278141,0.160227,-40.174187,-11.712798,0,8
case_03_NbS2_peak_seed9522,NbS2,peak,9522,75,0.366644,0.021004,0.446333,0.284148,-0.22662,0.021004,-0.146931,-0.309116,0.000172,0.059407,7.283712,0.086377,8,4,4,4,4,1.534248,0.169984,0.178905,-33.967628,-8.895575,0,8
case_03_NbS2_peak_seed9522,NbS2,peak,9522,76,0.363399,0.021098,0.499938,0.304248,-0.229866,0.021098,-0.093327,-0.289016,-0.00292,0.059676,7.268227,0.305278,8,4,4,4,4,1.753977,0.159003,0.109296,-33.732742,-10.986235,0,8
case_03_NbS2_peak_seed9522,NbS2,peak,9522,77,0.385335,0.022583,0.498205,0.299079,-0.207929,0.022583,-0.095059,-0.294185,0.018066,0.063875,7.289175,0.360111,8,4,4,3,4,1.577242,0.243046,0.001639,-33.414928,-11.336195,0,8
case_03_NbS2_peak_seed9522,NbS2,peak,9522,78,0.381164,0.024888,0.497537,0.295382,-0.2121,0.024888,-0.095727,-0.297883,0.0132,0.070393,7.330628,-0.02553,8,4,4,4,4,1.939748,0.058747,0.070974,-34.994133,-10.25772,0,8
case_03_NbS2_peak_seed9522,NbS2,peak,9522,79,0.30468,0.042213,0.394482,0.0,-0.288585,0.042213,-0.198782,-0.593264,-0.06012,0.119397,7.143322,1.140219,8,2,2,2,2,0.924185,0.000126,0.027061,-43.090893,-12.140516,1,7
case_03_NbS2_peak_seed9522,NbS2,peak,9522,80,0.362211,0.018855,0.458296,0.267611,-0.231053,0.018855,-0.134968,-0.325653,-0.002459,0.053329,7.170299,1.502253,8,3,3,3,3,1.227405,0.002122,0.025136,-38.7687,-10.770874,0,8
case_03_NbS2_peak_seed9522,NbS2,peak,9522,81,0.357441,0.022661,0.500845,0.303202,-0.235823,0.022661,-0.09242,-0.290062,-0.006867,0.064096,7.209485,1.092469,8,4,5,5,5,1.665682,0.500651,0.014603,-32.348591,-10.604117,0,8
case_03_NbS2_peak_seed9522,NbS2,peak,9522,82,0.373754,0.021499,0.502833,0.298082,-0.21951,0.021499,-0.090431,-0.295182,0.008973,0.060808,7.33773,0.030772,8,5,5,4,5,2.791416,0.087411,0.312186,-10.746898,-9.735703,0,8
case_03_NbS2_peak_seed9522,NbS2,peak,9522,83,0.349634,0.019719,0.421661,0.244884,-0.24363,0.019719,-0.171604,-0.34838,-0.01439,0.055774,7.299039,0.258956,8,3,3,3,3,1.141989,0.164267,0.246891,-44.647564,-11.68681,0,8
case_03_NbS2_peak_seed9522,NbS2,peak,9522,84,0.380129,0.024029,0.475572,0.281404,-0.213135,0.024029,-0.117692,-0.31186,0.0153,0.067964,7.167178,1.963214,8,3,3,3,3,1.142461,0.00324,0.106916,-36.747799,-11.961155,0,8
case_03_NbS2_peak_seed9522,NbS2,peak,9522,85,0.364325,0.018399,0.430901,0.299832,-0.22894,0.018399,-0.162363,-0.293433,-0.000479,0.052041,7.154674,1.976575,8,2,2,3,3,0.784988,0.311859,0.017596,-46.941872,-11.826533,0,8
case_03_NbS2_peak_seed9522,NbS2,peak,9522,86,0.343235,0.015438,0.40243,0.277227,-0.250029,0.015438,-0.190834,-0.316037,-0.02049,0.043666,7.172546,1.631984,8,2,2,2,2,0.924203,0.003032,0.013155,-39.997112,-11.596262,0,8
case_03_NbS2_peak_seed9522,NbS2,peak,9522,87,0.378714,0.017119,0.443502,0.322719,-0.21455,0.017119,-0.149762,-0.270545,0.014239,0.048419,7.267715,1.140488,8,4,5,5,5,1.977026,0.370427,0.37436,-31.383911,-9.890532,0,8
case_03_NbS2_peak_seed9522,NbS2,peak,9522,88,0.336177,0.014224,0.409178,0.264744,-0.257087,0.014224,-0.184086,-0.32852,-0.026883,0.040231,7.299973,0.478314,8,2,2,2,2,0.924206,4.3e-05,0.023321,-46.241585,-12.24571,0,8
case_03_NbS2_peak_seed9522,NbS2,peak,9522,89,0.383308,0.021203,0.470102,0.266758,-0.209956,0.021203,-0.123162,-0.326506,0.019236,0.059971,7.282148,1.183143,8,3,3,2,3,1.033176,0.079481,0.040446,-44.565079,-13.583326,0,8
case_03_NbS2_peak_seed9522,NbS2,peak,9522,90,0.29284,0.013083,0.344138,0.238191,-0.300424,0.013083,-0.249126,-0.355073,-0.067671,0.037006,7.003575,3.175751,8,1,1,2,2,0.468677,0.0,0.402812,-52.723007,-13.297946,0,8
case_03_NbS2_peak_seed9522,NbS2,peak,9522,91,0.353118,0.021869,0.444933,0.233215,-0.240147,0.021869,-0.148332,-0.360049,-0.007023,0.061856,7.160854,2.262337,8,2,2,2,2,0.77187,0.008752,0.032504,-43.156391,-12.777275,0,8
case_03_NbS2_peak_seed9522,NbS2,peak,9522,92,0.351171,0.053031,0.487422,0.0,-0.242093,0.053031,-0.105842,-0.593264,-0.008521,0.149995,7.36459,0.266564,8,4,5,5,5,1.884065,1.172985,0.000855,-30.75581,-9.492409,1,7
case_03_NbS2_peak_seed9522,NbS2,peak,9522,93,0.356051,0.014377,0.395846,0.28219,-0.237213,0.014377,-0.197418,-0.311074,-0.00346,0.040664,7.226909,1.74878,8,5,5,4,5,2.24333,0.225282,0.065339,-30.449993,-10.445909,0,8
case_03_NbS2_peak_seed9522,NbS2,peak,9522,94,0.375428,0.026711,0.545046,0.289733,-0.217836,0.026711,-0.048218,-0.303531,0.015122,0.075551,7.26967,1.543027,8,3,3,3,3,1.088196,0.519594,0.307043,-40.431213,-11.764109,0,8
case_03_NbS2_peak_seed9522,NbS2,peak,9522,95,0.380093,0.017459,0.453025,0.299021,-0.213171,0.017459,-0.140239,-0.294243,0.018798,0.049382,7.363546,0.714521,8,7,7,6,7,2.857302,0.673913,0.45685,-20.339554,-8.779939,0,8
case_03_NbS2_peak_seed9522,NbS2,peak,9522,96,0.367443,0.024574,0.493164,0.271744,-0.225821,0.024574,-0.100101,-0.32152,0.00584,0.069506,7.295539,1.340646,8,3,3,3,3,1.445068,0.007652,0.128278,-40.191277,-11.346309,0,8
case_03_NbS2_peak_seed9522,NbS2,peak,9522,97,0.353199,0.025726,0.469663,0.21172,-0.240065,0.025726,-0.123601,-0.381544,-0.007984,0.072765,7.293808,1.324657,8,6,6,6,6,2.390427,0.220494,0.151954,-23.692057,-8.510931,0,8
case_03_NbS2_peak_seed9522,NbS2,peak,9522,98,0.384914,0.021289,0.479721,0.323045,-0.20835,0.021289,-0.113543,-0.270219,0.022544,0.060215,7.213065,2.471393,8,4,4,4,4,1.569142,0.347018,0.084995,-39.54203,-11.323026,0,8
case_03_NbS2_peak_seed9522,NbS2,peak,9522,99,0.340148,0.052566,0.502639,0.0,-0.253116,0.052566,-0.090625,-0.593264,-0.02111,0.148679,7.274308,1.491828,8,5,5,4,5,1.652654,0.205334,0.089485,-30.818413,-10.590876,1,7
case_03_NbS2_peak_seed9522,NbS2,peak,9522,100,0.392017,0.028882,0.532661,0.314657,-0.201247,0.028882,-0.060603,-0.278607,0.029221,0.08169,7.418048,0.556454,8,4,4,4,4,1.924147,0.6232,0.04699,-26.360851,-9.220806,0,8
case_03_NbS2_cosine_seed9523,NbS2,cosine,9523,1,0.593727,0.0293,0.759052,0.479416,-0.165325,0.0293,0.0,-0.279637,0.0,0.082873,6.592513,0.005626,8,4,3,3,3,1.834066,0.341071,0.018236,-39.710629,-10.315886,0,8
case_03_NbS2_cosine_seed9523,NbS2,cosine,9523,2,0.548839,0.023407,0.64134,0.413293,-0.210213,0.023407,-0.117712,-0.345759,-0.042643,0.066204,6.620507,0.033933,8,6,6,6,6,2.347106,0.539253,0.013348,-25.533112,-9.569127,0,8
case_03_NbS2_cosine_seed9523,NbS2,cosine,9523,3,0.59721,0.030919,0.746566,0.421766,-0.161842,0.030919,-0.012486,-0.337287,0.005441,0.087451,6.701172,0.31358,8,4,4,5,5,1.315886,0.22593,0.402963,-34.310745,-11.503529,0,8
case_03_NbS2_cosine_seed9523,NbS2,cosine,9523,4,0.436186,0.065386,0.676165,0.0,-0.322866,0.065386,-0.082888,-0.759052,-0.147803,0.18494,6.619503,0.127613,8,3,4,4,4,1.720683,0.996773,0.429799,-30.046841,-9.285082,1,7
case_03_NbS2_cosine_seed9523,NbS2,cosine,9523,5,0.568213,0.033525,0.714258,0.366274,-0.190839,0.033525,-0.044794,-0.392778,-0.014988,0.094824,6.803088,0.021311,8,3,3,4,4,1.260878,0.072692,0.047976,-37.120609,-11.277346,0,8
case_03_NbS2_cosine_seed9523,NbS2,cosine,9523,6,0.494873,0.073679,0.713515,0.0,-0.264179,0.073679,-0.045537,-0.759052,-0.083912,0.208397,6.7639,0.157778,8,5,6,6,6,2.66956,0.77016,0.004728,-22.509918,-8.016607,1,7
case_03_NbS2_cosine_seed9523,NbS2,cosine,9523,7,0.596945,0.01882,0.66426,0.508704,-0.162107,0.01882,-0.094793,-0.250348,0.017252,0.053231,6.845568,0.719036,8,2,2,2,2,1.004383,0.030676,0.009485,-45.7369,-12.39826,0,8
case_03_NbS2_cosine_seed9523,NbS2,cosine,9523,8,0.595146,0.028378,0.721341,0.480533,-0.163906,0.028378,-0.037711,-0.278519,0.014681,0.080264,6.883335,0.627862,8,1,1,1,1,0.468632,0.0,0.054329,-51.867355,-13.413023,0,8
case_03_NbS2_cosine_seed9523,NbS2,cosine,9523,9,0.545938,0.032956,0.708321,0.42337,-0.213115,0.032956,-0.050732,-0.335682,-0.032801,0.093213,6.932373,-0.072012,8,5,5,5,5,2.575503,0.83716,0.03966,-25.470076,-10.065549,0,8
case_03_NbS2_cosine_seed9523,NbS2,cosine,9523,10,0.565951,0.024807,0.73767,0.498609,-0.193102,0.024807,-0.021383,-0.260443,-0.012149,0.070165,6.843563,1.303608,8,3,3,3,3,1.260867,0.072522,0.01952,-36.902889,-11.719301,0,8
case_03_NbS2_cosine_seed9523,NbS2,cosine,9523,11,0.545968,0.024972,0.650514,0.421615,-0.213085,0.024972,-0.108538,-0.337437,-0.030525,0.070631,6.84429,1.349792,8,4,4,4,4,1.535387,0.034817,0.298404,-35.786961,-11.530503,0,8
case_03_NbS2_cosine_seed9523,NbS2,cosine,9523,12,0.596144,0.04256,0.72151,0.377558,-0.162908,0.04256,-0.037542,-0.381494,0.018669,0.120378,6.967875,0.809964,8,3,3,3,3,1.227792,0.003584,0.344094,-41.777679,-12.096085,0,8
case_03_NbS2_cosine_seed9523,NbS2,cosine,9523,13,0.553549,0.017072,0.618449,0.473541,-0.205503,0.017072,-0.140603,-0.285511,-0.02273,0.048287,6.980117,0.468555,8,4,4,4,4,1.455532,0.077827,0.090332,-38.828571,-10.902088,0,8
case_03_NbS2_cosine_seed9523,NbS2,cosine,9523,14,0.608799,0.021707,0.710599,0.50544,-0.150253,0.021707,-0.048453,-0.253613,0.030894,0.061397,7.011787,0.878711,8,4,4,4,5,1.678337,0.318747,0.381846,-34.748756,-10.461452,0,8
case_03_NbS2_cosine_seed9523,NbS2,cosine,9523,15,0.550358,0.028316,0.648632,0.370481,-0.208695,0.028316,-0.11042,-0.388572,-0.02617,0.080089,6.917549,1.449057,8,4,4,4,4,1.838052,0.113757,0.044324,-38.016235,-11.020432,0,8
case_03_NbS2_cosine_seed9523,NbS2,cosine,9523,16,0.54586,0.032172,0.662947,0.365348,-0.213192,0.032172,-0.096106,-0.393704,-0.029134,0.090997,6.992032,0.838228,8,3,3,3,3,1.240349,0.548412,0.097571,-39.158199,-10.834791,0,8
case_03_NbS2_cosine_seed9523,NbS2,cosine,9523,17,0.628866,0.027081,0.771194,0.514481,-0.142328,0.027081,0.0,-0.256713,0.039644,0.076597,6.986058,1.72508,8,2,2,3,3,0.784879,0.631779,0.171338,-47.014317,-12.808059,0,8
case_03_NbS2_cosine_seed9523,NbS2,cosine,9523,18,0.582504,0.039099,0.797529,0.440952,-0.215024,0.039099,0.0,-0.356576,-0.0314,0.110588,6.940659,1.608388,8,3,3,3,3,1.240341,0.31625,0.007147,-39.01516,-11.201259,0,8
case_03_NbS2_cosine_seed9523,NbS2,cosine,9523,19,0.581877,0.024331,0.678203,0.43571,-0.215652,0.024331,-0.119325,-0.361818,-0.030426,0.068819,7.033639,0.812242,8,4,4,3,4,1.489037,0.111605,0.037186,-39.401691,-12.122845,0,8
case_03_NbS2_cosine_seed9523,NbS2,cosine,9523,20,0.597983,0.025442,0.71511,0.463144,-0.199546,0.025442,-0.082418,-0.334385,-0.013604,0.071961,6.898215,2.466055,8,4,4,4,5,1.568885,0.098777,0.285925,-31.068531,-10.353303,0,8
case_03_NbS2_cosine_seed9523,NbS2,cosine,9523,21,0.477962,0.080671,0.720723,0.0,-0.319567,0.080671,-0.076806,-0.797529,-0.126944,0.228173,6.923899,1.16262,8,3,3,3,3,1.25127,0.002091,0.00589,-42.695782,-10.847132,1,7
case_03_NbS2_cosine_seed9523,NbS2,cosine,9523,22,0.565025,0.035073,0.760229,0.37961,-0.232504,0.035073,-0.037299,-0.417918,-0.037887,0.099202,7.019871,1.263203,8,4,4,3,4,2.809432,0.442177,0.004874,-30.830679,-10.083295,0,8
case_03_NbS2_cosine_seed9523,NbS2,cosine,9523,23,0.516003,0.041037,0.748144,0.368847,-0.281525,0.041037,-0.049385,-0.428682,-0.082563,0.11607,7.013449,0.975112,8,6,6,5,6,2.222195,1.21543,0.137189,-31.480637,-9.029782,0,8
case_03_NbS2_cosine_seed9523,NbS2,cosine,9523,24,0.561407,0.034777,0.716189,0.368941,-0.236121,0.034777,-0.081339,-0.428588,-0.035301,0.098365,7.012447,1.602051,8,3,3,3,3,1.341142,0.273443,0.010068,-36.849094,-11.664085,0,8
case_03_NbS2_cosine_seed9523,NbS2,cosine,9523,25,0.585226,0.021648,0.643398,0.450481,-0.212303,0.021648,-0.154131,-0.347048,-0.010909,0.061229,7.114149,0.938465,8,3,4,4,4,1.404526,1.223576,0.11436,-36.394547,-11.242798,0,8
case_03_NbS2_cosine_seed9523,NbS2,cosine,9523,26,0.548678,0.042965,0.697364,0.383304,-0.248851,0.042965,-0.100165,-0.414224,-0.045084,0.121522,7.002702,1.79825,8,4,4,4,4,1.468532,0.215169,0.094412,-35.89748,-10.989762,0,8
case_03_NbS2_cosine_seed9523,NbS2,cosine,9523,27,0.555639,0.020869,0.6458,0.460518,-0.24189,0.020869,-0.151729,-0.33701,-0.036216,0.059026,7.075242,1.22626,8,4,5,4,5,1.665535,0.76212,0.006132,-32.127712,-9.287045,0,8
case_03_NbS2_cosine_seed9523,NbS2,cosine,9523,28,0.516409,0.076539,0.744909,0.0,-0.281119,0.076539,-0.052619,-0.797529,-0.071674,0.216484,6.818201,3.538367,8,1,1,2,2,0.468545,0.0,0.18067,-49.66375,-12.232185,1,7
case_03_NbS2_cosine_seed9523,NbS2,cosine,9523,29,0.560608,0.038343,0.730712,0.312758,-0.23692,0.038343,-0.066816,-0.48477,-0.026101,0.108449,7.005812,2.133725,8,3,3,3,3,1.453726,0.984162,0.056836,-44.806671,-12.602503,0,8
case_03_NbS2_cosine_seed9523,NbS2,cosine,9523,30,0.61467,0.026547,0.72452,0.48926,-0.182859,0.026547,-0.073009,-0.308268,0.026562,0.075086,7.077691,1.949414,8,3,3,2,3,1.260856,0.077967,0.019203,-40.587917,-11.84936,0,8
case_03_NbS2_cosine_seed9523,NbS2,cosine,9523,31,0.583178,0.024194,0.723293,0.465134,-0.214351,0.024194,-0.074236,-0.332395,-0.004683,0.068431,7.059602,1.826952,8,4,4,4,4,1.424815,0.636552,0.02121,-37.390518,-10.348603,0,8
case_03_NbS2_cosine_seed9523,NbS2,cosine,9523,32,0.649402,0.029689,0.793363,0.525578,-0.148126,0.029689,-0.004165,-0.271951,0.058464,0.083973,7.146735,1.567688,8,2,2,2,2,0.784858,0.435293,0.064712,-45.70583,-12.198742,0,8
case_03_NbS2_cosine_seed9523,NbS2,cosine,9523,33,0.581353,0.019951,0.659613,0.467525,-0.216175,0.019951,-0.137915,-0.330004,-0.009105,0.056431,7.141973,1.018936,8,3,4,3,4,1.260846,0.47698,0.00221,-39.066906,-11.789721,0,8
case_03_NbS2_cosine_seed9523,NbS2,cosine,9523,34,0.570306,0.023112,0.670939,0.438809,-0.227222,0.023112,-0.126589,-0.35872,-0.019145,0.06537,7.213908,0.247926,8,4,4,3,4,1.825205,0.074911,0.009319,-29.678825,-10.370919,0,8
case_03_NbS2_cosine_seed9523,NbS2,cosine,9523,35,0.55578,0.032062,0.740999,0.459517,-0.241748,0.032062,-0.056529,-0.338012,-0.031987,0.090684,7.114185,1.186748,8,4,4,5,5,1.576965,0.192589,0.213108,-34.134892,-9.81653,0,8
case_03_NbS2_cosine_seed9523,NbS2,cosine,9523,36,0.526375,0.046634,0.672394,0.30357,-0.271154,0.046634,-0.125134,-0.493959,-0.058323,0.1319,7.053713,1.653688,8,4,4,3,4,1.479183,0.110929,0.008379,-36.447975,-10.131468,0,8
case_03_NbS2_cosine_seed9523,NbS2,cosine,9523,37,0.515912,0.037013,0.639315,0.351326,-0.281617,0.037013,-0.158214,-0.446203,-0.065347,0.10469,7.128349,0.914324,8,5,5,5,5,2.953382,0.0814,0.386698,-17.271017,-8.12031,0,8
case_03_NbS2_cosine_seed9523,NbS2,cosine,9523,38,0.634521,0.026147,0.749995,0.494743,-0.163008,0.026147,-0.047534,-0.302785,0.050599,0.073955,7.183196,1.620406,8,4,4,4,4,1.624021,0.671742,0.516777,-36.196308,-9.054407,0,8
case_03_NbS2_cosine_seed9523,NbS2,cosine,9523,39,0.49577,0.068668,0.650345,0.0,-0.301759,0.068668,-0.147184,-0.797529,-0.083744,0.194222,7.057243,1.667656,8,4,4,3,4,2.240074,0.906377,0.032477,-36.627903,-10.716328,1,7
case_03_NbS2_cosine_seed9523,NbS2,cosine,9523,40,0.595383,0.011173,0.641993,0.548985,-0.202146,0.011173,-0.155536,-0.248544,0.015075,0.031602,7.246478,0.815267,8,2,2,2,2,1.141672,0.004168,0.006569,-43.768627,-11.719767,0,8
case_03_NbS2_cosine_seed9523,NbS2,cosine,9523,41,0.606527,0.032547,0.750321,0.4136,-0.191002,0.032547,-0.047207,-0.383928,0.024908,0.092056,7.220254,1.245573,8,2,2,2,2,0.805056,0.00208,0.061305,-46.174221,-11.832998,0,8
case_03_NbS2_cosine_seed9523,NbS2,cosine,9523,42,0.554669,0.030353,0.712023,0.454421,-0.24286,0.030353,-0.085506,-0.343107,-0.025602,0.085851,7.246321,0.57016,8,5,5,5,5,3.589348,0.166507,0.003707,-20.69241,-7.839226,0,8
case_03_NbS2_cosine_seed9523,NbS2,cosine,9523,43,0.581431,0.036263,0.722625,0.411009,-0.216097,0.036263,-0.074903,-0.38652,0.001102,0.102568,7.200306,1.374608,8,4,4,4,4,1.349206,0.541352,0.629773,-35.486294,-10.561412,0,8
case_03_NbS2_cosine_seed9523,NbS2,cosine,9523,44,0.55035,0.043002,0.772921,0.310927,-0.247178,0.043002,-0.024608,-0.486602,-0.02848,0.121628,7.192609,1.240798,8,5,6,6,7,2.420182,0.880345,0.171643,-23.706572,-8.795018,0,8
case_03_NbS2_cosine_seed9523,NbS2,cosine,9523,45,0.56591,0.016331,0.612853,0.470104,-0.231618,0.016331,-0.184676,-0.327424,-0.012274,0.046192,7.140646,1.988729,8,2,2,3,3,0.696189,0.423399,0.19542,-46.934975,-12.298552,0,8
case_03_NbS2_cosine_seed9523,NbS2,cosine,9523,46,0.56891,0.051219,0.79261,0.312639,-0.228618,0.051219,-0.004919,-0.484889,-0.00881,0.144868,7.155991,1.942145,8,4,3,4,4,1.68146,0.004569,0.017863,-39.800373,-11.531174,0,8
case_03_NbS2_cosine_seed9523,NbS2,cosine,9523,47,0.537478,0.034468,0.711371,0.40159,-0.26005,0.034468,-0.086158,-0.395939,-0.03823,0.097489,7.043921,2.810067,8,2,2,2,2,1.11383,0.081461,0.021078,-43.767509,-10.808132,0,8
case_03_NbS2_cosine_seed9523,NbS2,cosine,9523,48,0.612408,0.020943,0.738553,0.547655,-0.185121,0.020943,-0.058976,-0.249874,0.034865,0.059235,7.110643,2.939488,8,3,3,3,4,1.033019,0.110907,0.390316,-41.132313,-11.487584,0,8
case_03_NbS2_cosine_seed9523,NbS2,cosine,9523,49,0.64466,0.024193,0.723681,0.501121,-0.152868,0.024193,-0.073848,-0.296408,0.063761,0.068428,7.241101,1.961823,8,4,5,5,5,1.795137,0.559429,0.530442,-31.958935,-10.552755,0,8
case_03_NbS2_cosine_seed9523,NbS2,cosine,9523,50,0.576093,0.02685,0.705588,0.410148,-0.221436,0.02685,-0.09194,-0.387381,-0.004566,0.075943,7.145072,2.292563,8,4,4,5,5,1.458273,0.410947,0.368285,-37.367455,-11.324791,0,8
case_03_NbS2_cosine_seed9523,NbS2,cosine,9523,51,0.642521,0.025481,0.777326,0.55975,-0.155008,0.025481,-0.020203,-0.237779,0.058769,0.072072,7.265806,1.747264,8,3,3,3,3,1.088189,0.2755,0.146353,-44.8097,-11.155706,0,8
case_03_NbS2_cosine_seed9523,NbS2,cosine,9523,52,0.553023,0.031212,0.683151,0.42233,-0.244505,0.031212,-0.114378,-0.375199,-0.029192,0.088282,7.23748,1.178114,8,4,4,4,5,2.609388,1.131816,0.361381,-27.680641,-10.923928,0,8
case_03_NbS2_cosine_seed9523,NbS2,cosine,9523,53,0.491157,0.0752,0.758736,0.0,-0.306371,0.0752,-0.038792,-0.797529,-0.086506,0.212697,7.180014,1.199828,8,4,4,3,4,1.349406,0.364882,0.034218,-39.388409,-10.536827,1,7
case_03_NbS2_cosine_seed9523,NbS2,cosine,9523,54,0.528473,0.03491,0.696002,0.363897,-0.269056,0.03491,-0.101526,-0.433632,-0.04673,0.09874,7.343762,0.007242,8,4,4,4,4,1.872829,0.113278,0.075936,-29.141609,-9.992134,0,8
case_03_NbS2_cosine_seed9523,NbS2,cosine,9523,55,0.561352,0.0219,0.650151,0.459759,-0.236176,0.0219,-0.147378,-0.33777,-0.013158,0.061944,7.070728,3.105846,8,5,5,4,5,1.686068,0.258704,0.001419,-33.794373,-10.170752,0,8
case_03_NbS2_cosine_seed9523,NbS2,cosine,9523,56,0.448366,0.0705,0.637787,0.0,-0.349162,0.0705,-0.159742,-0.797529,-0.119837,0.199405,7.083203,1.947436,8,5,5,4,5,1.904444,0.985357,0.058708,-31.384487,-9.452083,1,7
case_03_NbS2_cosine_seed9523,NbS2,cosine,9523,57,0.604815,0.041149,0.771561,0.335534,-0.192713,0.041149,-0.025968,-0.461995,0.034781,0.116388,7.152205,2.806659,8,3,3,4,4,2.013842,0.644136,0.309125,-39.690815,-11.229406,0,8
case_03_NbS2_cosine_seed9523,NbS2,cosine,9523,58,0.669358,0.036828,0.780751,0.424744,-0.128171,0.036828,-0.016778,-0.372785,0.094357,0.104166,7.378392,1.170048,8,3,3,3,3,1.012542,0.370462,0.056825,-42.124199,-12.211249,0,8
case_03_NbS2_cosine_seed9523,NbS2,cosine,9523,59,0.572337,0.032203,0.777467,0.487936,-0.225191,0.032203,-0.020062,-0.309593,-0.00253,0.091085,7.189071,2.123601,8,5,6,4,6,1.989743,0.616769,0.15391,-28.898762,-10.82209,0,8
case_03_NbS2_cosine_seed9523,NbS2,cosine,9523,60,0.532741,0.041098,0.611563,0.236111,-0.264788,0.041098,-0.185966,-0.561418,-0.04002,0.116242,7.365262,0.005284,8,5,5,5,5,2.770738,0.360607,0.033187,-25.212784,-9.075428,0,8
case_03_NbS2_cosine_seed9523,NbS2,cosine,9523,61,0.61744,0.039938,0.766939,0.440177,-0.180088,0.039938,-0.030589,-0.357352,0.042446,0.112963,7.19764,2.580369,8,3,3,3,3,1.463548,0.343121,0.091283,-39.997849,-11.035065,0,8
case_03_NbS2_cosine_seed9523,NbS2,cosine,9523,62,0.537536,0.076338,0.740655,0.0,-0.259993,0.076338,-0.056873,-0.797529,-0.035586,0.215918,7.216521,1.633151,8,3,3,3,3,1.088199,0.297226,0.059329,-40.482571,-11.214305,1,7
case_03_NbS2_cosine_seed9523,NbS2,cosine,9523,63,0.645578,0.021955,0.766135,0.572546,-0.15195,0.021955,-0.031394,-0.224983,0.068834,0.062097,7.351291,1.409731,8,5,5,4,5,2.242151,0.151285,0.003721,-26.643505,-9.593075,0,8
case_03_NbS2_cosine_seed9523,NbS2,cosine,9523,64,0.529387,0.075913,0.723231,0.0,-0.268141,0.075913,-0.074297,-0.797529,-0.04499,0.214716,7.077678,3.097319,8,1,1,2,2,0.468328,0.0,0.428636,-50.098961,-12.425525,1,7
case_03_NbS2_cosine_seed9523,NbS2,cosine,9523,65,0.646326,0.037907,0.764715,0.431488,-0.151203,0.037907,-0.032814,-0.36604,0.068352,0.107218,7.377366,1.23004,8,3,3,3,3,1.310971,0.005488,0.123095,-41.277901,-12.177032,0,8
case_03_NbS2_cosine_seed9523,NbS2,cosine,9523,66,0.489298,0.038567,0.606633,0.306454,-0.308231,0.038567,-0.190895,-0.491075,-0.084243,0.109084,7.332516,0.18991,8,4,4,4,4,2.010156,0.07117,0.060117,-35.268051,-11.551455,0,8
case_03_NbS2_cosine_seed9523,NbS2,cosine,9523,67,0.564289,0.031113,0.757445,0.45899,-0.23324,0.031113,-0.040083,-0.338539,-0.008789,0.088002,7.324702,1.07605,8,5,5,4,5,1.673121,0.119874,0.12365,-33.091324,-10.968532,0,8
case_03_NbS2_cosine_seed9523,NbS2,cosine,9523,68,0.560783,0.04546,0.757329,0.315013,-0.236745,0.04546,-0.040199,-0.482516,-0.01168,0.128581,7.319066,1.136679,8,4,4,4,4,1.673932,0.01918,0.265954,-34.131729,-10.664952,0,8
case_03_NbS2_cosine_seed9523,NbS2,cosine,9523,69,0.562253,0.029332,0.718342,0.42257,-0.235276,0.029332,-0.079186,-0.374958,-0.0097,0.082964,7.255209,1.870725,8,3,3,3,3,1.260573,0.00528,0.073258,-40.22604,-10.943672,0,8
case_03_NbS2_cosine_seed9523,NbS2,cosine,9523,70,0.535273,0.040167,0.679054,0.325043,-0.262256,0.040167,-0.118474,-0.472486,-0.034846,0.113609,7.298874,1.196806,8,5,5,5,5,2.251334,0.223223,0.007245,-32.429268,-10.070445,0,8
case_03_NbS2_cosine_seed9523,NbS2,cosine,9523,71,0.587251,0.018933,0.660266,0.486788,-0.210278,0.018933,-0.137262,-0.310741,0.016276,0.05355,7.277759,1.995052,8,3,3,3,3,1.445571,0.22316,0.238922,-35.776722,-12.660475,0,8
case_03_NbS2_cosine_seed9523,NbS2,cosine,9523,72,0.597722,0.035761,0.739177,0.451251,-0.199806,0.035761,-0.058352,-0.346278,0.02541,0.101148,7.34388,1.471597,8,3,3,4,4,0.999525,0.006864,0.513984,-41.374634,-12.366611,0,8
case_03_NbS2_cosine_seed9523,NbS2,cosine,9523,73,0.573304,0.027973,0.697116,0.413931,-0.224225,0.027973,-0.100413,-0.383597,0.000942,0.079121,7.0998,3.76528,8,4,4,4,4,1.577712,0.292232,0.514878,-36.738209,-11.444958,0,8
case_03_NbS2_cosine_seed9523,NbS2,cosine,9523,74,0.64078,0.033701,0.748664,0.44712,-0.156749,0.033701,-0.048865,-0.350409,0.064997,0.095322,7.383213,1.567742,8,2,2,2,2,0.771722,0.001558,0.121092,-44.271545,-13.686177,0,8
case_03_NbS2_cosine_seed9523,NbS2,cosine,9523,75,0.52834,0.035867,0.656677,0.361369,-0.269188,0.035867,-0.140852,-0.43616,-0.045071,0.101448,7.112789,3.201433,8,3,3,3,3,2.1533,0.208333,0.086699,-42.817181,-11.617468,0,8
case_03_NbS2_cosine_seed9523,NbS2,cosine,9523,76,0.577573,0.048759,0.794148,0.397891,-0.219956,0.048759,-0.00338,-0.399637,0.003954,0.137912,7.085498,4.019196,8,3,3,5,5,1.379899,0.000552,0.604069,-32.744587,-10.887213,0,8
case_03_NbS2_cosine_seed9523,NbS2,cosine,9523,77,0.558747,0.046382,0.767931,0.364495,-0.238782,0.046382,-0.029598,-0.433034,-0.014128,0.131189,7.336524,1.371021,8,5,5,5,5,2.200013,0.099282,0.132533,-31.347797,-11.339138,0,8
case_03_NbS2_cosine_seed9523,NbS2,cosine,9523,78,0.536317,0.031774,0.674096,0.42523,-0.261212,0.031774,-0.123432,-0.372298,-0.034731,0.08987,7.267865,1.920766,8,4,5,4,5,1.78506,0.511542,0.234752,-30.361118,-9.899605,0,8
case_03_NbS2_cosine_seed9523,NbS2,cosine,9523,79,0.595765,0.033888,0.720832,0.446129,-0.201764,0.033888,-0.076696,-0.3514,0.023481,0.095851,7.27003,2.519591,8,3,3,4,4,0.99951,0.004346,0.094788,-45.011505,-11.040421,0,8
case_03_NbS2_cosine_seed9523,NbS2,cosine,9523,80,0.579866,0.023633,0.662865,0.437887,-0.217663,0.023633,-0.134664,-0.359641,0.007203,0.066844,7.343177,1.655292,8,3,3,2,3,1.032968,0.116101,0.218216,-42.849518,-12.081568,0,8
case_03_NbS2_cosine_seed9523,NbS2,cosine,9523,81,0.571941,0.027906,0.661253,0.427322,-0.225588,0.027906,-0.136275,-0.370206,-0.000685,0.07893,7.305804,2.007409,8,4,4,4,4,1.930958,0.302497,0.190461,-32.762306,-11.512912,0,8
case_03_NbS2_cosine_seed9523,NbS2,cosine,9523,82,0.573627,0.029677,0.729364,0.419827,-0.223901,0.029677,-0.068164,-0.377701,0.000951,0.08394,7.355758,1.546148,8,4,4,4,4,1.769894,0.383629,0.251376,-35.633747,-12.126142,0,8
case_03_NbS2_cosine_seed9523,NbS2,cosine,9523,83,0.58286,0.023132,0.698784,0.456955,-0.214668,0.023132,-0.098745,-0.340573,0.009675,0.065427,7.206716,3.142883,8,4,4,3,4,1.349451,1.06395,0.013036,-37.920815,-10.919765,0,8
case_03_NbS2_cosine_seed9523,NbS2,cosine,9523,84,0.582419,0.020417,0.647464,0.472477,-0.21511,0.020417,-0.150064,-0.325052,0.008772,0.057749,7.383391,1.401477,8,4,4,4,4,1.56426,0.553532,0.106933,-31.728289,-10.753313,0,8
case_03_NbS2_cosine_seed9523,NbS2,cosine,9523,85,0.574687,0.034809,0.758951,0.437546,-0.222841,0.034809,-0.038577,-0.359983,0.000988,0.098455,7.296626,2.180916,8,4,4,5,5,1.919194,0.029001,0.110553,-34.550472,-10.924355,0,8
case_03_NbS2_cosine_seed9523,NbS2,cosine,9523,86,0.54654,0.024309,0.625095,0.45544,-0.250989,0.024309,-0.172434,-0.342088,-0.025801,0.068757,7.323965,1.674974,8,5,5,5,5,2.286192,0.138366,0.058598,-29.612553,-10.796772,0,8
case_03_NbS2_cosine_seed9523,NbS2,cosine,9523,87,0.507312,0.072749,0.701036,0.0,-0.290217,0.072749,-0.096492,-0.797529,-0.061778,0.205765,7.066169,3.878231,8,3,3,3,3,1.459617,0.199475,0.009579,-34.505943,-10.586119,1,7
case_03_NbS2_cosine_seed9523,NbS2,cosine,9523,88,0.538437,0.038147,0.785641,0.399914,-0.259092,0.038147,-0.011888,-0.397614,-0.029121,0.107896,7.283724,2.079884,8,4,4,3,4,1.564267,0.079218,0.251048,-33.624184,-10.665546,0,8
case_03_NbS2_cosine_seed9523,NbS2,cosine,9523,89,0.564874,0.037919,0.748078,0.428268,-0.232654,0.037919,-0.04945,-0.36926,-0.002549,0.107251,7.39703,1.218337,8,4,4,4,4,1.948468,0.378228,0.276079,-29.357685,-9.986938,0,8
case_03_NbS2_cosine_seed9523,NbS2,cosine,9523,90,0.521296,0.05563,0.806494,0.313357,-0.285198,0.05563,0.0,-0.493137,-0.052338,0.157347,7.205979,2.648629,8,5,5,4,5,1.935222,0.114856,0.032302,-31.66062,-10.974421,0,8
case_03_NbS2_cosine_seed9523,NbS2,cosine,9523,91,0.512477,0.069478,0.641409,0.0,-0.294017,0.069478,-0.165086,-0.806494,-0.058099,0.196513,7.299286,1.647505,8,5,5,4,5,1.905454,0.146943,0.025571,-30.254824,-9.251697,1,7
case_03_NbS2_cosine_seed9523,NbS2,cosine,9523,92,0.573285,0.025531,0.63705,0.443165,-0.233209,0.025531,-0.169445,-0.363329,0.002574,0.072212,7.185872,3.419832,8,4,4,4,4,1.957145,0.046952,0.039732,-30.726315,-10.554226,0,8
case_03_NbS2_cosine_seed9523,NbS2,cosine,9523,93,0.543796,0.041739,0.67573,0.334729,-0.262698,0.041739,-0.130764,-0.471765,-0.02557,0.118057,6.955484,5.427309,8,2,2,2,2,0.771698,0.002372,0.192557,-49.475098,-12.788443,0,8
case_03_NbS2_cosine_seed9523,NbS2,cosine,9523,94,0.609621,0.032828,0.747966,0.410142,-0.196873,0.032828,-0.058528,-0.396352,0.038243,0.092851,7.327377,2.319221,8,2,2,2,2,0.771697,0.00332,0.232717,-45.710419,-12.330063,0,8
case_03_NbS2_cosine_seed9523,NbS2,cosine,9523,95,0.58712,0.019199,0.650629,0.490283,-0.219375,0.019199,-0.155865,-0.316211,0.014954,0.054304,7.441556,0.939249,8,2,3,4,4,1.101191,0.518258,0.084531,-38.522831,-12.172675,0,8
case_03_NbS2_cosine_seed9523,NbS2,cosine,9523,96,0.57904,0.044809,0.756681,0.408974,-0.227455,0.044809,-0.049813,-0.39752,0.00653,0.126739,7.428446,1.007984,8,2,2,2,2,0.923864,0.005913,0.008715,-41.152439,-11.765895,0,8
case_03_NbS2_cosine_seed9523,NbS2,cosine,9523,97,0.556929,0.032369,0.684624,0.428982,-0.249566,0.032369,-0.12187,-0.377512,-0.014802,0.091554,7.311454,1.958168,8,3,3,4,4,1.453956,0.441858,0.588216,-40.233395,-10.901478,0,8
case_03_NbS2_cosine_seed9523,NbS2,cosine,9523,98,0.638518,0.033872,0.793508,0.525055,-0.167976,0.033872,-0.012986,-0.281439,0.063448,0.095804,7.401987,1.847667,8,2,2,2,2,0.771708,0.003801,0.113849,-49.081009,-11.970792,0,8
case_03_NbS2_cosine_seed9523,NbS2,cosine,9523,99,0.585938,0.029127,0.735052,0.44147,-0.220556,0.029127,-0.071442,-0.365024,0.010325,0.082384,7.102895,4.332874,8,3,3,3,3,1.260965,0.028727,0.032561,-41.16798,-11.429636,0,8
case_03_NbS2_cosine_seed9523,NbS2,cosine,9523,100,0.602201,0.020138,0.738327,0.546294,-0.204294,0.020138,-0.068167,-0.260201,0.025258,0.05696,7.407498,1.424027,8,3,3,3,3,1.14185,0.113077,0.036664,-43.15094,-12.216961,0,8
case_03_NbS2_peak_seed9523,NbS2,peak,9523,1,0.377036,0.023456,0.516926,0.2934,-0.13989,0.023456,0.0,-0.223526,0.0,0.066343,0.228094,0.005431,8,4,3,3,3,1.834066,0.341008,0.018182,-39.712677,-10.308636,0,8
case_03_NbS2_peak_seed9523,NbS2,peak,9523,2,0.357024,0.012682,0.393618,0.291255,-0.159902,0.012682,-0.123308,-0.225671,-0.019011,0.035869,0.307427,0.032106,8,6,6,6,6,2.347081,0.53949,0.014014,-25.480312,-9.57494,0,8
case_03_NbS2_peak_seed9523,NbS2,peak,9523,3,0.344488,0.01333,0.402171,0.292457,-0.172438,0.01333,-0.114755,-0.224469,-0.02997,0.037703,0.405154,-0.055487,8,4,4,5,5,1.315895,0.22453,0.419328,-34.319092,-11.529387,0,8
case_03_NbS2_peak_seed9523,NbS2,peak,9523,4,0.324417,0.04971,0.47491,0.0,-0.192509,0.04971,-0.042016,-0.516926,-0.04754,0.140602,0.462349,0.194575,8,3,4,4,4,1.720608,0.990076,0.425663,-30.506847,-9.321068,1,7
case_03_NbS2_peak_seed9523,NbS2,peak,9523,5,0.34444,0.017538,0.405698,0.280019,-0.172486,0.017538,-0.111228,-0.236907,-0.026141,0.049606,0.586148,0.078108,8,3,3,4,4,1.260929,0.072707,0.034446,-36.480488,-11.315355,0,8
case_03_NbS2_peak_seed9523,NbS2,peak,9523,6,0.31172,0.044644,0.408364,0.0,-0.205206,0.044644,-0.108562,-0.516926,-0.055917,0.126271,0.647513,0.022495,8,5,6,6,6,2.669298,0.779901,0.002728,-23.333731,-8.059916,1,7
case_03_NbS2_peak_seed9523,NbS2,peak,9523,7,0.347326,0.017001,0.41991,0.277814,-0.1696,0.017001,-0.097016,-0.239112,-0.019296,0.048086,0.746917,0.184314,8,2,2,2,2,1.004504,0.030611,0.00795,-45.837097,-12.450916,0,8
case_03_NbS2_peak_seed9523,NbS2,peak,9523,8,0.324991,0.017048,0.384324,0.266481,-0.191935,0.017048,-0.132602,-0.250445,-0.039549,0.048219,0.816847,0.041988,8,1,1,1,1,0.468963,0.0,0.034349,-52.239166,-13.461189,0,8
case_03_NbS2_peak_seed9523,NbS2,peak,9523,9,0.411187,0.037416,0.599714,0.285264,-0.188528,0.037416,0.0,-0.31445,-0.034335,0.105829,0.876413,0.197205,8,5,5,5,5,2.575229,0.940037,0.034342,-25.709684,-10.109407,0,8
case_03_NbS2_peak_seed9523,NbS2,peak,9523,10,0.378658,0.018353,0.463818,0.309323,-0.221057,0.018353,-0.135896,-0.290392,-0.063521,0.051911,0.939084,-0.095069,8,3,3,2,3,1.261016,0.072502,0.014186,-38.229149,-11.767159,0,8
case_03_NbS2_peak_seed9523,NbS2,peak,9523,11,0.355269,0.024869,0.488889,0.254639,-0.244445,0.024869,-0.110825,-0.345075,-0.082564,0.070341,0.951985,0.114749,8,4,4,4,4,1.535209,0.034231,0.282331,-35.751446,-11.593765,0,8
case_03_NbS2_peak_seed9523,NbS2,peak,9523,12,0.348472,0.014958,0.409704,0.282362,-0.251242,0.014958,-0.190011,-0.317353,-0.084893,0.042309,1.012796,-0.021561,8,3,3,3,3,1.227737,0.005808,0.373182,-42.107964,-12.086746,0,8
case_03_NbS2_peak_seed9523,NbS2,peak,9523,13,0.36058,0.017201,0.454076,0.299076,-0.239134,0.017201,-0.145638,-0.300638,-0.069145,0.048653,1.050047,0.159027,8,4,4,4,4,1.455341,0.050247,0.133921,-39.31134,-10.941099,0,8
case_03_NbS2_peak_seed9523,NbS2,peak,9523,14,0.362643,0.009408,0.410623,0.317224,-0.237071,0.009408,-0.189092,-0.282491,-0.063728,0.026609,1.082765,0.236591,8,4,4,4,5,1.678421,0.309491,0.37106,-36.0788,-10.488954,0,8
case_03_NbS2_peak_seed9523,NbS2,peak,9523,15,0.346962,0.017745,0.398587,0.279493,-0.252752,0.017745,-0.201127,-0.320221,-0.075439,0.050191,1.116496,0.064639,8,4,4,4,4,1.838171,0.11386,0.031442,-35.99424,-11.065952,0,8
case_03_NbS2_peak_seed9523,NbS2,peak,9523,16,0.371412,0.017947,0.432461,0.276233,-0.228303,0.017947,-0.167254,-0.323481,-0.04844,0.050761,1.147008,0.291697,8,3,3,3,3,1.240425,0.51078,0.045698,-39.375046,-10.890538,0,8
case_03_NbS2_peak_seed9523,NbS2,peak,9523,17,0.31808,0.014759,0.380633,0.26442,-0.281635,0.014759,-0.219082,-0.335295,-0.096683,0.041744,1.118083,0.304953,8,2,2,2,2,0.785264,0.630864,0.095669,-46.789021,-12.809659,0,8
case_03_NbS2_peak_seed9523,NbS2,peak,9523,18,0.35902,0.023142,0.504371,0.271963,-0.240694,0.023142,-0.095344,-0.327751,-0.052956,0.065455,1.237391,-0.272504,8,3,3,3,3,1.240423,0.300408,0.004368,-38.969208,-11.265394,0,8
case_03_NbS2_peak_seed9523,NbS2,peak,9523,19,0.369057,0.013404,0.41755,0.314128,-0.230658,0.013404,-0.182165,-0.285587,-0.040773,0.037911,1.235396,0.018389,8,5,5,4,5,1.791982,0.113065,0.128272,-32.525574,-11.304917,0,8
case_03_NbS2_peak_seed9523,NbS2,peak,9523,20,0.365609,0.021004,0.483766,0.298818,-0.234106,0.021004,-0.115948,-0.300897,-0.04201,0.059409,1.238815,0.083478,8,4,4,4,5,1.568881,0.098272,0.306375,-31.824059,-10.392693,0,8
case_03_NbS2_peak_seed9523,NbS2,peak,9523,21,0.31458,0.048199,0.458168,0.0,-0.285135,0.048199,-0.141547,-0.599714,-0.088387,0.136327,1.206426,0.058256,8,3,3,3,3,1.251659,0.002116,0.015865,-42.723331,-10.880669,1,7
case_03_NbS2_peak_seed9523,NbS2,peak,9523,22,0.38975,0.035799,0.545398,0.26649,-0.209964,0.035799,-0.054317,-0.333224,-0.012556,0.101256,1.247306,0.489357,8,4,4,3,4,2.809052,0.477189,0.003233,-31.446018,-10.108609,0,8
case_03_NbS2_peak_seed9523,NbS2,peak,9523,23,0.349831,0.022876,0.478582,0.276663,-0.249883,0.022876,-0.121132,-0.323051,-0.049851,0.064704,1.207295,0.617425,8,6,6,5,6,2.221693,0.690339,0.062189,-30.996553,-8.976015,0,8
case_03_NbS2_peak_seed9523,NbS2,peak,9523,24,0.343568,0.016428,0.44041,0.294136,-0.256147,0.016428,-0.159304,-0.305579,-0.053309,0.046466,1.256878,0.160722,8,3,3,3,3,1.341344,0.272634,0.005822,-37.337833,-11.628797,0,8
case_03_NbS2_peak_seed9523,NbS2,peak,9523,25,0.384915,0.018875,0.457773,0.304308,-0.2148,0.018875,-0.141941,-0.295407,-0.011364,0.053385,1.263407,0.585744,8,3,4,4,4,1.404249,1.183694,0.144807,-36.893433,-11.362803,0,8
case_03_NbS2_peak_seed9523,NbS2,peak,9523,26,0.361821,0.013671,0.43824,0.315042,-0.237893,0.013671,-0.161475,-0.284672,-0.032734,0.038666,1.248813,0.586243,8,4,4,4,4,1.468326,0.484474,0.254912,-37.444569,-11.034247,0,8
case_03_NbS2_peak_seed9523,NbS2,peak,9523,27,0.363874,0.023119,0.472171,0.284232,-0.23584,0.023119,-0.127543,-0.315482,-0.029148,0.065392,1.267726,0.525567,8,4,5,4,5,1.665314,0.710554,0.006327,-32.38517,-9.247211,0,8
case_03_NbS2_peak_seed9523,NbS2,peak,9523,28,0.329936,0.017025,0.406173,0.274725,-0.269779,0.017025,-0.193541,-0.324989,-0.059932,0.048155,1.238001,0.588529,8,1,1,2,2,0.469393,0.0,0.199686,-49.63295,-12.262764,0,8
case_03_NbS2_peak_seed9523,NbS2,peak,9523,29,0.334046,0.02073,0.445163,0.235408,-0.265669,0.02073,-0.154551,-0.364307,-0.053031,0.058632,1.297114,0.137887,8,3,3,3,3,1.45405,0.031276,0.01623,-43.507828,-12.58065,0,8
case_03_NbS2_peak_seed9523,NbS2,peak,9523,30,0.353342,0.019422,0.480881,0.288232,-0.246372,0.019422,-0.118834,-0.311483,-0.032047,0.054932,1.294507,0.450629,8,3,3,2,3,1.261107,0.077809,0.044414,-40.619034,-11.825541,0,8
case_03_NbS2_peak_seed9523,NbS2,peak,9523,31,0.370607,0.027782,0.529168,0.276706,-0.229107,0.027782,-0.070546,-0.323008,-0.014043,0.078579,1.310051,0.555994,8,4,4,4,4,1.424732,0.505701,0.079276,-37.131611,-10.358374,0,8
case_03_NbS2_peak_seed9523,NbS2,peak,9523,32,0.314898,0.01288,0.373156,0.250819,-0.284817,0.01288,-0.226558,-0.348896,-0.066265,0.036429,1.316691,0.035658,8,2,2,2,2,0.785388,0.463836,0.113786,-45.96701,-12.158499,0,8
case_03_NbS2_peak_seed9523,NbS2,peak,9523,33,0.344782,0.01171,0.405062,0.301164,-0.254932,0.01171,-0.194652,-0.29855,-0.034562,0.03312,1.323071,0.373558,8,3,4,3,4,1.261112,0.479811,0.000724,-39.309814,-11.781953,0,8
case_03_NbS2_peak_seed9523,NbS2,peak,9523,34,0.391056,0.020661,0.500971,0.312785,-0.208658,0.020661,-0.098743,-0.28693,0.011127,0.058439,1.372812,0.419904,8,4,4,3,4,1.825029,0.075498,0.002258,-29.941835,-10.358189,0,8
case_03_NbS2_peak_seed9523,NbS2,peak,9523,35,0.380476,0.014226,0.466773,0.339328,-0.219238,0.014226,-0.132942,-0.260387,0.00052,0.040237,1.302512,1.0791,8,4,4,5,5,1.576812,0.257958,0.235943,-34.664055,-9.833326,0,8
case_03_NbS2_peak_seed9523,NbS2,peak,9523,36,0.335658,0.02597,0.45999,0.275466,-0.264057,0.02597,-0.139724,-0.324249,-0.042084,0.073455,1.370927,0.050825,8,4,4,3,4,1.479394,0.110833,0.005879,-36.913761,-10.158159,0,8
case_03_NbS2_peak_seed9523,NbS2,peak,9523,37,0.385699,0.037031,0.519025,0.206106,-0.214015,0.037031,-0.080689,-0.393609,0.00756,0.10474,1.38731,0.468569,8,5,5,5,5,2.952297,0.097028,0.387557,-17.408394,-8.159519,0,8
case_03_NbS2_peak_seed9523,NbS2,peak,9523,38,0.37401,0.022385,0.526645,0.319359,-0.225705,0.022385,-0.073069,-0.280355,-0.003923,0.063313,1.369997,0.597416,8,4,4,4,4,1.623611,0.359024,0.994662,-37.014713,-9.186579,0,8
case_03_NbS2_peak_seed9523,NbS2,peak,9523,39,0.305081,0.044708,0.450334,0.0,-0.294633,0.044708,-0.149381,-0.599714,-0.069209,0.126454,1.32107,0.51075,8,4,4,3,4,2.239851,0.969536,0.013306,-36.574398,-10.704538,1,7
case_03_NbS2_peak_seed9523,NbS2,peak,9523,40,0.350778,0.016413,0.408787,0.265944,-0.248936,0.016413,-0.190928,-0.33377,-0.022337,0.046422,1.464494,-0.393662,8,2,2,2,2,1.142408,0.004233,0.002265,-43.877975,-11.593414,0,8
case_03_NbS2_peak_seed9523,NbS2,peak,9523,41,0.34263,0.007619,0.371122,0.307031,-0.257084,0.007619,-0.228592,-0.292683,-0.02896,0.021549,1.382174,0.439126,8,2,2,2,2,0.806054,0.002108,0.04438,-46.687592,-11.912539,0,8
case_03_NbS2_peak_seed9523,NbS2,peak,9523,42,0.40538,0.024565,0.56406,0.313966,-0.194334,0.024565,-0.035655,-0.285749,0.0321,0.06948,1.491939,0.025143,8,5,5,5,5,3.58851,0.165838,0.003028,-20.268211,-7.979166,0,8
case_03_NbS2_peak_seed9523,NbS2,peak,9523,43,0.372751,0.020756,0.426435,0.270346,-0.226963,0.020756,-0.17328,-0.329368,-0.000502,0.058708,1.43484,0.341436,8,4,4,4,4,1.349263,0.332683,0.074024,-34.757362,-10.584265,0,8
case_03_NbS2_peak_seed9523,NbS2,peak,9523,44,0.402966,0.02545,0.497271,0.285805,-0.196748,0.02545,-0.102444,-0.31391,0.028227,0.071984,1.420351,0.836663,8,5,6,5,6,2.418744,0.798608,0.053459,-24.198574,-8.802137,0,8
case_03_NbS2_peak_seed9523,NbS2,peak,9523,45,0.324991,0.013485,0.396326,0.276947,-0.274724,0.013485,-0.203388,-0.322767,-0.047261,0.038142,1.460469,-0.237678,8,2,2,3,3,0.697252,0.373348,0.187617,-46.048721,-12.335847,0,8
case_03_NbS2_peak_seed9523,NbS2,peak,9523,46,0.352004,0.01564,0.445149,0.294772,-0.247711,0.01564,-0.154565,-0.304942,-0.019236,0.044236,1.403439,0.681761,8,4,3,4,4,1.681557,0.004087,0.008099,-39.436935,-11.51575,0,8
case_03_NbS2_peak_seed9523,NbS2,peak,9523,47,0.354575,0.025102,0.491482,0.271616,-0.24514,0.025102,-0.108232,-0.328099,-0.015831,0.071,1.432156,0.494675,8,2,2,2,2,1.114706,0.081814,0.01919,-43.45591,-10.80622,0,8
case_03_NbS2_peak_seed9523,NbS2,peak,9523,48,0.349552,0.018068,0.437641,0.265936,-0.250162,0.018068,-0.162073,-0.333778,-0.019811,0.051104,1.457621,0.261333,8,3,3,2,3,1.033759,0.110806,0.001627,-40.577629,-11.525148,0,8
case_03_NbS2_peak_seed9523,NbS2,peak,9523,49,0.386873,0.014971,0.442493,0.318524,-0.212841,0.014971,-0.157221,-0.28119,0.016634,0.042344,1.490332,0.358665,8,4,5,5,5,1.794734,0.552053,0.45074,-31.881411,-10.585583,0,8
case_03_NbS2_peak_seed9523,NbS2,peak,9523,50,0.355587,0.021235,0.429892,0.252055,-0.244127,0.021235,-0.169822,-0.347659,-0.013919,0.060063,1.364379,1.355906,8,4,4,5,5,1.458263,0.43608,0.43626,-37.974411,-11.391944,0,8
case_03_NbS2_peak_seed9523,NbS2,peak,9523,51,0.382487,0.026622,0.514274,0.309064,-0.217228,0.026622,-0.08544,-0.290651,0.012331,0.075297,1.359606,1.740022,8,3,3,3,3,1.088383,0.287619,0.067964,-44.862167,-11.105532,0,8
case_03_NbS2_peak_seed9523,NbS2,peak,9523,52,0.338138,0.015157,0.418813,0.268833,-0.261577,0.015157,-0.180902,-0.330881,-0.030417,0.042869,1.511569,-0.154984,8,4,4,4,5,2.608659,1.119744,0.330814,-27.882732,-10.982423,0,8
case_03_NbS2_peak_seed9523,NbS2,peak,9523,53,0.326872,0.049479,0.46564,0.0,-0.272842,0.049479,-0.134074,-0.599714,-0.039598,0.139947,1.40306,0.882583,8,4,4,3,4,1.349398,0.412049,0.024138,-39.755501,-10.580662,1,7
case_03_NbS2_peak_seed9523,NbS2,peak,9523,54,0.376028,0.025364,0.478651,0.281999,-0.223687,0.025364,-0.121063,-0.317715,0.009079,0.07174,1.556608,-0.116863,8,4,4,4,4,1.872467,0.31171,0.304649,-31.299984,-10.020631,0,8
case_03_NbS2_peak_seed9523,NbS2,peak,9523,55,0.376935,0.030307,0.533601,0.282333,-0.222779,0.030307,-0.066113,-0.317382,0.009488,0.085721,1.447402,1.032063,8,5,5,4,5,1.685624,0.278985,0.00241,-34.133995,-10.220802,0,8
case_03_NbS2_peak_seed9523,NbS2,peak,9523,56,0.398485,0.020214,0.470102,0.292603,-0.20123,0.020214,-0.129612,-0.307111,0.029485,0.057174,1.564945,0.088836,8,5,5,4,5,1.903805,0.990541,0.022108,-30.947561,-9.481756,0,8
case_03_NbS2_peak_seed9523,NbS2,peak,9523,57,0.344812,0.012118,0.399651,0.300072,-0.254902,0.012118,-0.200064,-0.299643,-0.022978,0.034276,1.410475,1.163119,8,3,3,3,3,2.013857,0.649511,0.04243,-39.243744,-11.25733,0,8
case_03_NbS2_peak_seed9523,NbS2,peak,9523,58,0.395466,0.01632,0.478859,0.32585,-0.204248,0.01632,-0.120856,-0.273864,0.026292,0.046159,1.56297,0.154515,8,3,3,3,3,1.012976,0.368325,0.028607,-41.910957,-12.201383,0,8
case_03_NbS2_peak_seed9523,NbS2,peak,9523,59,0.408254,0.019579,0.494707,0.317419,-0.191461,0.019579,-0.105008,-0.282296,0.037126,0.055377,1.550206,0.426505,8,5,6,4,6,1.988594,0.551564,0.455158,-27.481789,-10.944313,0,8
case_03_NbS2_peak_seed9523,NbS2,peak,9523,60,0.377443,0.03833,0.566975,0.264341,-0.222271,0.03833,-0.032739,-0.335373,0.006,0.108413,1.547569,0.172202,8,5,5,5,5,2.769322,0.427585,0.112384,-24.562309,-9.049831,0,8
case_03_NbS2_peak_seed9523,NbS2,peak,9523,61,0.377351,0.022829,0.516881,0.313075,-0.222363,0.022829,-0.082833,-0.286639,0.005612,0.06457,1.576665,-0.079434,8,3,3,3,3,1.463765,0.349875,0.094206,-40.674797,-11.045501,0,8
case_03_NbS2_peak_seed9523,NbS2,peak,9523,62,0.370635,0.02223,0.486617,0.280748,-0.22908,0.02223,-0.113098,-0.318967,-0.001049,0.062877,1.50416,0.62287,8,3,3,3,3,1.088421,0.344179,0.106277,-40.514973,-11.243046,0,8
case_03_NbS2_peak_seed9523,NbS2,peak,9523,63,0.397277,0.025683,0.542318,0.316072,-0.202438,0.025683,-0.057396,-0.283642,0.024313,0.072642,1.507079,0.851222,8,5,5,4,5,2.241467,0.150857,0.005545,-26.852371,-9.615924,0,8
case_03_NbS2_peak_seed9523,NbS2,peak,9523,64,0.314773,0.044299,0.420136,0.0,-0.284941,0.044299,-0.179578,-0.599714,-0.055281,0.125297,1.52939,-0.098698,8,1,1,1,1,0.470217,0.0,0.005688,-51.005169,-12.425425,1,7
case_03_NbS2_peak_seed9523,NbS2,peak,9523,65,0.341141,0.021909,0.424444,0.229505,-0.258573,0.021909,-0.17527,-0.370209,-0.027467,0.061967,1.521103,0.271434,8,3,3,3,3,1.311483,0.005515,0.044592,-41.805183,-12.193913,0,8
case_03_NbS2_peak_seed9523,NbS2,peak,9523,66,0.353806,0.024183,0.445121,0.263331,-0.245908,0.024183,-0.154594,-0.336384,-0.014062,0.068401,1.540141,0.239245,8,4,4,4,4,2.010198,0.071478,0.071516,-35.698105,-11.495496,0,8
case_03_NbS2_peak_seed9523,NbS2,peak,9523,67,0.38686,0.022187,0.50392,0.271945,-0.212855,0.022187,-0.095795,-0.32777,0.018042,0.062753,1.566424,0.333412,8,5,5,4,5,1.672892,0.126494,0.02579,-32.886467,-10.941267,0,8
case_03_NbS2_peak_seed9523,NbS2,peak,9523,68,0.371213,0.022738,0.49696,0.295533,-0.228502,0.022738,-0.102754,-0.304182,0.002275,0.064312,1.499846,0.875888,8,4,4,4,4,1.673599,0.031863,0.100242,-34.150864,-10.695963,0,8
case_03_NbS2_peak_seed9523,NbS2,peak,9523,69,0.353307,0.017583,0.447911,0.29846,-0.246408,0.017583,-0.151803,-0.301254,-0.014849,0.049733,1.492757,0.819182,8,3,3,3,3,1.261139,0.004958,0.006362,-40.84848,-10.846222,0,8
case_03_NbS2_peak_seed9523,NbS2,peak,9523,70,0.401979,0.025505,0.525932,0.298708,-0.197735,0.025505,-0.073782,-0.301006,0.032132,0.072139,1.533699,0.912689,8,5,5,5,5,2.250231,0.230417,0.00339,-32.342739,-10.123075,0,8
case_03_NbS2_peak_seed9523,NbS2,peak,9523,71,0.391731,0.017871,0.458773,0.311384,-0.207984,0.017871,-0.140941,-0.288331,0.020789,0.050547,1.619082,-0.037567,8,3,3,3,3,1.445763,0.22266,0.16911,-35.743229,-12.691241,0,8
case_03_NbS2_peak_seed9523,NbS2,peak,9523,72,0.336937,0.017748,0.423197,0.272086,-0.262778,0.017748,-0.176517,-0.327629,-0.032305,0.0502,1.587439,-0.212103,8,3,3,4,4,1.000446,0.005981,0.48167,-41.521,-12.454789,0,8
case_03_NbS2_peak_seed9523,NbS2,peak,9523,73,0.373207,0.020173,0.480868,0.296227,-0.226508,0.020173,-0.118847,-0.303487,0.003767,0.057057,1.535954,0.699699,8,4,4,4,4,1.576997,0.305127,0.540069,-37.566387,-11.513869,0,8
case_03_NbS2_peak_seed9523,NbS2,peak,9523,74,0.369591,0.02595,0.514493,0.287909,-0.230123,0.02595,-0.085221,-0.311805,0.000144,0.073397,1.581332,0.250774,8,2,2,2,2,0.773145,0.00125,0.179683,-44.105736,-13.731827,0,8
case_03_NbS2_peak_seed9523,NbS2,peak,9523,75,0.389377,0.021612,0.487286,0.285011,-0.210338,0.021612,-0.112428,-0.314703,0.018933,0.061128,1.568632,0.593536,8,3,3,3,3,2.153321,0.211415,0.082799,-41.656754,-11.661268,0,8
case_03_NbS2_peak_seed9523,NbS2,peak,9523,76,0.354141,0.018321,0.418939,0.269283,-0.245573,0.018321,-0.180776,-0.330431,-0.015487,0.051821,1.495912,1.022707,8,3,3,5,5,1.380019,0.000551,0.628173,-32.379959,-10.942359,0,8
case_03_NbS2_peak_seed9523,NbS2,peak,9523,77,0.403733,0.027767,0.595165,0.327805,-0.195982,0.027767,-0.004549,-0.27191,0.032399,0.078537,1.589426,0.594174,8,5,5,5,5,2.199369,0.122033,0.076964,-30.803736,-11.330369,0,8
case_03_NbS2_peak_seed9523,NbS2,peak,9523,78,0.396759,0.022689,0.499192,0.301333,-0.202955,0.022689,-0.100523,-0.298381,0.024154,0.064175,1.407058,2.364283,8,4,5,4,5,1.78319,0.514268,0.217708,-30.705624,-9.822647,0,8
case_03_NbS2_peak_seed9523,NbS2,peak,9523,79,0.348432,0.016402,0.425148,0.264188,-0.251283,0.016402,-0.174567,-0.335527,-0.022964,0.046393,1.571497,0.261347,8,3,3,3,3,1.000533,0.003883,0.104266,-44.852989,-10.976057,0,8
case_03_NbS2_peak_seed9523,NbS2,peak,9523,80,0.337952,0.019946,0.414088,0.273398,-0.261763,0.019946,-0.185626,-0.326317,-0.031772,0.056415,1.567196,0.243831,8,3,3,2,3,1.034141,0.115557,0.086273,-41.035191,-12.121981,0,8
case_03_NbS2_peak_seed9523,NbS2,peak,9523,81,0.375416,0.024432,0.518985,0.29392,-0.224299,0.024432,-0.080729,-0.305794,0.005407,0.069105,1.51249,1.189428,8,4,5,5,5,1.929475,0.886113,0.662881,-32.788265,-11.456263,0,8
case_03_NbS2_peak_seed9523,NbS2,peak,9523,82,0.370928,0.018757,0.452466,0.278506,-0.228787,0.018757,-0.147249,-0.321208,0.000873,0.053052,1.667796,-0.387401,8,4,4,4,4,1.769977,0.366918,0.191363,-36.069,-12.093779,0,8
case_03_NbS2_peak_seed9523,NbS2,peak,9523,83,0.352371,0.020066,0.42892,0.27572,-0.247343,0.020066,-0.170794,-0.323994,-0.016799,0.056755,1.566714,0.465157,8,4,4,3,4,1.349331,0.879273,0.022903,-38.020493,-10.967492,0,8
case_03_NbS2_peak_seed9523,NbS2,peak,9523,84,0.370688,0.014165,0.442449,0.309044,-0.229027,0.014165,-0.157265,-0.29067,0.001441,0.040064,1.556331,0.780828,8,4,4,4,4,1.564132,0.550622,0.087359,-32.147526,-10.781143,0,8
case_03_NbS2_peak_seed9523,NbS2,peak,9523,85,0.376627,0.01684,0.467167,0.312563,-0.223087,0.01684,-0.132548,-0.287152,0.007012,0.047632,1.570149,0.721861,8,4,4,5,5,1.918388,0.026314,0.099038,-35.205509,-10.818123,0,8
case_03_NbS2_peak_seed9523,NbS2,peak,9523,86,0.411958,0.026471,0.516062,0.303437,-0.187757,0.026471,-0.083653,-0.296277,0.040225,0.074871,1.632671,0.446661,8,5,5,5,5,2.284587,0.092804,0.072371,-28.746449,-10.805426,0,8
case_03_NbS2_peak_seed9523,NbS2,peak,9523,87,0.312421,0.0452,0.468166,0.0,-0.287293,0.0452,-0.131548,-0.599714,-0.056346,0.127845,1.5792,0.044058,8,3,3,3,3,1.460317,0.195419,0.048695,-34.759666,-10.655644,1,7
case_03_NbS2_peak_seed9523,NbS2,peak,9523,88,0.360079,0.016104,0.446983,0.30428,-0.239636,0.016104,-0.152732,-0.295435,-0.008254,0.04555,1.593862,0.403433,8,4,4,3,4,1.564148,0.07911,0.259218,-34.049973,-10.670928,0,8
case_03_NbS2_peak_seed9523,NbS2,peak,9523,89,0.41093,0.029066,0.531617,0.282309,-0.188784,0.029066,-0.068098,-0.317405,0.040468,0.082211,1.644724,0.394892,8,4,5,5,5,1.947766,0.400715,0.145783,-30.151804,-10.02562,0,8
case_03_NbS2_peak_seed9523,NbS2,peak,9523,90,0.36587,0.028485,0.510619,0.262517,-0.233844,0.028485,-0.089095,-0.337198,-0.004363,0.080568,1.576756,0.661981,8,5,5,4,5,1.934432,0.114112,0.031696,-31.689631,-10.985542,0,8
case_03_NbS2_peak_seed9523,NbS2,peak,9523,91,0.341797,0.017352,0.453884,0.28481,-0.257917,0.017352,-0.14583,-0.314904,-0.027014,0.049078,1.646626,-0.233918,8,5,5,4,5,1.905277,0.146005,0.024026,-29.822613,-9.274849,0,8
case_03_NbS2_peak_seed9523,NbS2,peak,9523,92,0.394863,0.030213,0.528987,0.30118,-0.204851,0.030213,-0.070727,-0.298534,0.02475,0.085454,1.631476,0.445257,8,4,4,4,4,1.95676,0.042305,0.040338,-32.106064,-10.479687,0,8
case_03_NbS2_peak_seed9523,NbS2,peak,9523,93,0.308127,0.028196,0.513477,0.25214,-0.291587,0.028196,-0.086237,-0.347575,-0.058887,0.079751,1.522222,0.738887,8,2,2,2,2,0.77344,0.001881,0.065586,-49.133537,-12.8001,0,8
case_03_NbS2_peak_seed9523,NbS2,peak,9523,94,0.338427,0.028235,0.512383,0.26331,-0.261287,0.028235,-0.087332,-0.336404,-0.027158,0.07986,1.633502,-0.032367,8,2,2,2,2,0.773448,0.009239,0.391806,-47.103523,-12.281444,0,8
case_03_NbS2_peak_seed9523,NbS2,peak,9523,95,0.353146,0.022721,0.467548,0.27205,-0.246569,0.022721,-0.132167,-0.327665,-0.011817,0.064264,1.534979,1.123186,8,2,3,3,3,1.100844,0.565613,0.074227,-39.788937,-12.133128,0,8
case_03_NbS2_peak_seed9523,NbS2,peak,9523,96,0.339059,0.01133,0.383526,0.281509,-0.260656,0.01133,-0.216188,-0.318206,-0.024609,0.032045,1.568352,0.685311,8,2,2,2,2,0.925367,0.005304,0.008705,-41.960487,-11.79748,0,8
case_03_NbS2_peak_seed9523,NbS2,peak,9523,97,0.373072,0.028462,0.523104,0.296802,-0.226642,0.028462,-0.07661,-0.302913,0.008934,0.080503,1.599863,0.727634,8,3,3,3,3,1.454222,0.403958,0.34714,-41.151058,-10.921819,0,8
case_03_NbS2_peak_seed9523,NbS2,peak,9523,98,0.335536,0.01307,0.420119,0.297169,-0.264179,0.01307,-0.179595,-0.302545,-0.027172,0.036969,1.601127,0.389807,8,2,2,2,2,0.773518,0.003394,0.125831,-49.059639,-11.887415,0,8
case_03_NbS2_peak_seed9523,NbS2,peak,9523,99,0.360733,0.021353,0.446985,0.277176,-0.238982,0.021353,-0.152729,-0.322539,-0.001877,0.060395,1.639365,0.269622,8,3,3,3,3,1.261521,0.028784,0.037256,-41.342815,-11.333364,0,8
case_03_NbS2_peak_seed9523,NbS2,peak,9523,100,0.390307,0.014616,0.473593,0.310199,-0.209407,0.014616,-0.126121,-0.289515,0.026313,0.041341,1.660432,0.358298,8,3,3,3,3,1.143009,0.112967,0.032788,-43.272598,-12.126717,0,8
case_07_Li2TeC2_cosine_seed9531,Li2TeC2,cosine,9531,1,0.163859,0.04684,0.388485,0.0,-0.224626,0.04684,0.0,-0.388485,0.0,0.132484,-0.383874,-0.003984,8,8,8,8,8,5.325441,2.691016,4.474177,-8.429943,-0.784132,2,6
case_07_Li2TeC2_cosine_seed9531,Li2TeC2,cosine,9531,2,0.220803,0.046281,0.383568,0.0,-0.167682,0.046281,-0.004917,-0.388485,0.054097,0.130901,-0.18002,0.035095,8,8,8,8,8,5.321461,1.756497,5.295955,-8.398294,-2.228994,1,7
case_07_Li2TeC2_cosine_seed9531,Li2TeC2,cosine,9531,3,0.12063,0.035753,0.290655,0.0,-0.267855,0.035753,-0.09783,-0.388485,-0.043772,0.101124,-0.153671,0.090657,8,8,7,8,8,5.330915,1.273954,3.988416,-2.473648,-0.81369,2,6
case_07_Li2TeC2_cosine_seed9531,Li2TeC2,cosine,9531,4,0.245643,0.052648,0.461377,0.057304,-0.215734,0.052648,0.0,-0.404073,0.007931,0.148911,-0.002087,0.15641,8,8,8,8,8,5.318891,2.724848,5.686582,-8.877973,-2.59662,0,8
case_07_Li2TeC2_cosine_seed9531,Li2TeC2,cosine,9531,5,0.149786,0.046858,0.347772,0.0,-0.311592,0.046858,-0.113606,-0.461377,-0.08353,0.132535,-0.014075,0.113416,8,8,8,8,8,5.30311,3.258509,2.973885,-0.58198,-0.804192,2,6
case_07_Li2TeC2_cosine_seed9531,Li2TeC2,cosine,9531,6,0.214446,0.050725,0.388855,0.0,-0.246931,0.050725,-0.072522,-0.461377,-0.017926,0.143472,0.080538,0.224171,8,8,8,8,8,5.317516,2.223277,4.171733,-8.446224,-2.892909,2,6
case_07_Li2TeC2_cosine_seed9531,Li2TeC2,cosine,9531,7,0.246627,0.039569,0.401281,0.069419,-0.214751,0.039569,-0.060097,-0.391959,0.013542,0.111919,0.116999,0.254823,8,8,8,8,8,5.329628,3.768202,3.722634,-8.528057,-2.682691,0,8
case_07_Li2TeC2_cosine_seed9531,Li2TeC2,cosine,9531,8,0.238402,0.043181,0.376457,0.0,-0.222975,0.043181,-0.08492,-0.461377,0.005051,0.122135,0.120477,0.152458,8,8,8,8,8,5.30798,2.862669,5.389647,-3.490769,-2.284836,1,8
case_07_Li2TeC2_cosine_seed9531,Li2TeC2,cosine,9531,9,0.209471,0.056403,0.391497,0.0,-0.251906,0.056403,-0.06988,-0.461377,-0.022686,0.159532,0.150037,-0.363256,8,8,8,7,8,5.318873,1.87822,1.849059,-1.187803,-1.75908,1,7
case_07_Li2TeC2_cosine_seed9531,Li2TeC2,cosine,9531,10,0.31104,0.021634,0.394097,0.195401,-0.150338,0.021634,-0.06728,-0.265976,0.074939,0.06119,0.123195,0.964977,8,8,8,8,8,5.32863,1.562214,5.402398,-13.503897,-4.725629,0,8
case_07_Li2TeC2_cosine_seed9531,Li2TeC2,cosine,9531,11,0.220726,0.0337,0.379427,0.082669,-0.240651,0.0337,-0.08195,-0.378708,-0.014606,0.095317,0.14445,0.011912,8,8,8,8,8,5.341436,1.551515,3.930381,-9.413545,-1.289232,0,8
case_07_Li2TeC2_cosine_seed9531,Li2TeC2,cosine,9531,12,0.247465,0.039743,0.467112,0.098065,-0.219647,0.039743,0.0,-0.369047,0.006078,0.112411,0.222784,-0.362796,8,8,8,6,8,5.321592,1.631027,2.566163,-6.511133,-3.390855,0,8
case_07_Li2TeC2_cosine_seed9531,Li2TeC2,cosine,9531,13,0.201208,0.032894,0.355576,0.070088,-0.265904,0.032894,-0.111536,-0.397024,-0.03817,0.093039,0.162706,-0.007187,8,8,8,8,8,5.310569,2.545993,3.92771,-15.095695,-1.992439,0,8
case_07_Li2TeC2_cosine_seed9531,Li2TeC2,cosine,9531,14,0.213634,0.032232,0.374348,0.069143,-0.253478,0.032232,-0.092764,-0.397969,-0.024457,0.091165,0.161802,0.295203,8,8,8,7,8,5.33198,1.695402,3.477774,-5.886538,-3.367782,0,8
case_07_Li2TeC2_cosine_seed9531,Li2TeC2,cosine,9531,15,0.215227,0.023728,0.311767,0.123085,-0.251885,0.023728,-0.155345,-0.344028,-0.02172,0.067112,0.18722,0.176909,8,7,8,7,8,5.332292,3.331042,2.667835,-3.287224,-2.54205,0,8
case_07_Li2TeC2_cosine_seed9531,Li2TeC2,cosine,9531,16,0.197259,0.047945,0.406433,0.0,-0.269853,0.047945,-0.060679,-0.467112,-0.037705,0.135609,0.158853,0.347948,8,8,8,8,8,5.305897,1.838672,2.103697,16.078808,-1.816692,1,7
case_07_Li2TeC2_cosine_seed9531,Li2TeC2,cosine,9531,17,0.25719,0.027747,0.362318,0.101758,-0.209922,0.027747,-0.104794,-0.365354,0.021115,0.07848,0.220395,0.380424,8,8,7,8,8,5.326295,1.509204,3.121542,-7.223822,-4.216926,0,8
case_07_Li2TeC2_cosine_seed9531,Li2TeC2,cosine,9531,18,0.229208,0.021422,0.331584,0.119678,-0.237904,0.021422,-0.135528,-0.347434,-0.006524,0.060589,0.238941,0.015067,8,8,8,8,8,5.327527,1.879918,2.070333,-2.769782,-2.427774,0,8
case_07_Li2TeC2_cosine_seed9531,Li2TeC2,cosine,9531,19,0.213071,0.060469,0.567996,0.046757,-0.354925,0.060469,0.0,-0.521239,-0.117367,0.171033,0.031464,1.091438,8,8,8,7,8,5.331927,2.136875,2.935745,4.738792,-2.125459,0,8
case_07_Li2TeC2_cosine_seed9531,Li2TeC2,cosine,9531,20,0.219527,0.025858,0.318641,0.056623,-0.348468,0.025858,-0.249355,-0.511372,-0.105365,0.073136,0.176876,-0.1287,8,8,8,7,8,5.316053,1.500878,2.587085,3.81632,-2.99778,0,8
case_07_Li2TeC2_cosine_seed9531,Li2TeC2,cosine,9531,21,0.172791,0.043748,0.34604,0.0,-0.395205,0.043748,-0.221956,-0.567996,-0.144496,0.123739,-0.290928,4.24679,8,8,8,6,8,5.322562,1.699425,3.456073,-6.144837,-1.516524,1,7
case_07_Li2TeC2_cosine_seed9531,Li2TeC2,cosine,9531,22,0.15639,0.047626,0.374683,0.0,-0.411606,0.047626,-0.193313,-0.567996,-0.152852,0.134707,0.070608,0.669768,8,8,8,8,8,5.329521,2.330755,4.765082,-2.863977,-3.015771,2,6
case_07_Li2TeC2_cosine_seed9531,Li2TeC2,cosine,9531,23,0.261807,0.026632,0.364549,0.108748,-0.306189,0.026632,-0.203447,-0.459248,-0.045064,0.075326,0.23901,0.123658,8,8,8,8,8,5.287544,1.144636,6.143737,0.920381,-3.545127,0,8
case_07_Li2TeC2_cosine_seed9531,Li2TeC2,cosine,9531,24,0.154773,0.037856,0.30873,0.0,-0.413223,0.037856,-0.259266,-0.567996,-0.144493,0.107072,0.099,0.55772,8,8,8,7,8,5.32384,1.473036,1.988082,-6.913636,0.022019,2,6
case_07_Li2TeC2_cosine_seed9531,Li2TeC2,cosine,9531,25,0.273106,0.032406,0.383322,0.112082,-0.29489,0.032406,-0.184673,-0.455913,-0.024852,0.091658,-0.021081,3.073143,8,8,8,8,8,5.305226,3.3589,4.248823,-2.949533,-4.399153,0,8
case_07_Li2TeC2_cosine_seed9531,Li2TeC2,cosine,9531,26,0.259386,0.0431,0.469895,0.050609,-0.30861,0.0431,-0.098101,-0.517386,-0.036643,0.121906,0.248536,0.18381,8,8,7,8,8,5.319599,1.57219,3.305255,-5.91275,-4.062879,0,8
case_07_Li2TeC2_cosine_seed9531,Li2TeC2,cosine,9531,27,0.234429,0.046231,0.501143,0.022297,-0.333567,0.046231,-0.066852,-0.545698,-0.05852,0.130761,0.188135,0.625414,8,8,8,8,8,5.325197,2.346895,4.066169,4.874212,-2.229239,0,8
case_07_Li2TeC2_cosine_seed9531,Li2TeC2,cosine,9531,28,0.20016,0.046118,0.362432,0.0,-0.367835,0.046118,-0.205563,-0.567996,-0.088149,0.130441,0.239403,-0.105516,8,8,8,7,8,5.318263,3.121063,3.824126,1.842342,-0.845459,1,7
case_07_Li2TeC2_cosine_seed9531,Li2TeC2,cosine,9531,29,0.202973,0.038276,0.376814,0.031803,-0.365023,0.038276,-0.191182,-0.536192,-0.08107,0.10826,-0.069302,3.105744,8,8,8,8,8,5.326064,2.173155,4.698534,3.332078,-2.682249,0,8
case_07_Li2TeC2_cosine_seed9531,Li2TeC2,cosine,9531,30,0.166521,0.047314,0.385079,0.0,-0.401474,0.047314,-0.182916,-0.567996,-0.111645,0.133825,0.160595,0.554838,8,8,8,8,8,5.312048,1.538319,3.808487,8.146336,-0.929881,2,6
case_07_Li2TeC2_cosine_seed9531,Li2TeC2,cosine,9531,31,0.216717,0.02745,0.318446,0.085265,-0.351279,0.02745,-0.24955,-0.482731,-0.058377,0.077641,0.24366,0.330921,8,8,8,8,8,5.305467,2.046056,4.74903,2.765486,-1.217178,0,8
case_07_Li2TeC2_cosine_seed9531,Li2TeC2,cosine,9531,32,0.175678,0.050874,0.454822,0.0,-0.392317,0.050874,-0.113174,-0.567996,-0.094445,0.143895,0.211231,0.365814,8,8,8,6,8,5.329664,2.488169,2.987617,-3.649274,-2.205413,1,7
case_07_Li2TeC2_cosine_seed9531,Li2TeC2,cosine,9531,33,0.158187,0.033098,0.307525,0.0384,-0.409809,0.033098,-0.260471,-0.529596,-0.10634,0.093616,0.242835,-0.001892,8,8,8,8,8,5.316438,1.774206,3.158753,3.995933,-2.261994,0,8
case_07_Li2TeC2_cosine_seed9531,Li2TeC2,cosine,9531,34,0.228225,0.036855,0.337971,0.0,-0.339771,0.036855,-0.230024,-0.567996,-0.034487,0.104242,0.279866,0.397775,8,8,8,8,8,5.320618,2.256666,2.98316,-7.32355,-3.594013,1,7
case_07_Li2TeC2_cosine_seed9531,Li2TeC2,cosine,9531,35,0.194865,0.054201,0.407256,0.0,-0.373131,0.054201,-0.160739,-0.567996,-0.064455,0.153304,0.252819,0.453489,8,8,7,6,8,5.313133,1.220068,1.317856,3.295603,-2.306702,2,7
case_07_Li2TeC2_cosine_seed9531,Li2TeC2,cosine,9531,36,0.256949,0.061508,0.600836,0.0,-0.343887,0.061508,0.0,-0.600836,-0.03345,0.17397,0.323991,0.082735,8,7,8,8,8,5.328602,2.50803,3.457837,18.928761,-2.131691,1,7
case_07_Li2TeC2_cosine_seed9531,Li2TeC2,cosine,9531,37,0.272125,0.038619,0.4045,0.021608,-0.328711,0.038619,-0.196336,-0.579228,-0.01736,0.10923,0.301589,0.499144,8,8,8,8,8,5.690734,2.100227,5.180976,-5.586502,-3.808222,0,8
case_07_Li2TeC2_cosine_seed9531,Li2TeC2,cosine,9531,38,0.245687,0.050445,0.491635,0.029485,-0.355148,0.050445,-0.109201,-0.571351,-0.041608,0.142681,0.263353,0.694431,8,8,7,8,8,5.32276,2.37098,4.626,-1.716568,-1.787315,0,8
case_07_Li2TeC2_cosine_seed9531,Li2TeC2,cosine,9531,39,0.20987,0.052029,0.434538,0.025099,-0.390966,0.052029,-0.166298,-0.575736,-0.073554,0.147161,-0.002499,3.101896,8,8,8,8,8,5.309459,3.465056,2.978154,-6.595074,-2.508815,0,8
case_07_Li2TeC2_cosine_seed9531,Li2TeC2,cosine,9531,40,0.318816,0.0416,0.551253,0.133062,-0.28202,0.0416,-0.049583,-0.467773,0.033622,0.117662,0.340493,0.708077,8,7,8,6,8,5.331282,1.385413,2.51305,1.490391,-4.280805,0,8
case_07_Li2TeC2_cosine_seed9531,Li2TeC2,cosine,9531,41,0.226728,0.050302,0.48029,0.0,-0.374108,0.050302,-0.120546,-0.600836,-0.055543,0.142275,0.324542,0.021072,8,8,8,8,8,5.306237,1.786528,3.254687,5.371435,-1.506998,1,8
case_07_Li2TeC2_cosine_seed9531,Li2TeC2,cosine,9531,42,0.216657,0.036273,0.413803,0.092764,-0.384179,0.036273,-0.187033,-0.508071,-0.062333,0.102596,0.302495,0.249592,8,8,8,8,8,5.306196,1.030602,3.431191,24.703245,-2.622026,0,8
case_07_Li2TeC2_cosine_seed9531,Li2TeC2,cosine,9531,43,0.096009,0.031494,0.268373,0.0,-0.504827,0.031494,-0.332463,-0.600836,-0.173832,0.089078,0.070651,1.442191,8,8,8,7,8,5.331146,2.321787,2.189141,13.647509,0.514561,2,6
case_07_Li2TeC2_cosine_seed9531,Li2TeC2,cosine,9531,44,0.10437,0.033139,0.292022,0.0,-0.496466,0.033139,-0.308814,-0.600836,-0.157197,0.093731,0.209718,0.290532,8,8,7,8,8,5.310998,2.911335,6.192166,-3.330201,0.688382,1,7
case_07_Li2TeC2_cosine_seed9531,Li2TeC2,cosine,9531,45,0.182663,0.019624,0.257721,0.090096,-0.418173,0.019624,-0.343114,-0.51074,-0.074959,0.055505,0.271728,0.501644,8,8,8,8,8,5.318684,2.107206,3.656372,7.408734,-2.38004,0,8
case_07_Li2TeC2_cosine_seed9531,Li2TeC2,cosine,9531,46,0.180802,0.048856,0.381071,0.027146,-0.420034,0.048856,-0.219764,-0.57369,-0.072979,0.138185,0.300309,0.280546,8,8,8,8,8,5.324923,2.119387,3.700803,2.349325,-1.332371,0,8
case_07_Li2TeC2_cosine_seed9531,Li2TeC2,cosine,9531,47,0.226488,0.033698,0.363231,0.052501,-0.374347,0.033698,-0.237605,-0.548334,-0.025928,0.095312,0.286822,0.937796,8,8,7,8,8,5.30711,0.809464,4.566253,-0.362676,-1.384469,0,8
case_07_Li2TeC2_cosine_seed9531,Li2TeC2,cosine,9531,48,0.240026,0.057694,0.491191,0.0,-0.36081,0.057694,-0.109644,-0.600836,-0.011771,0.163183,0.390285,0.07031,8,8,8,8,8,5.328724,3.238087,4.50845,2.231081,-0.94382,2,6
case_07_Li2TeC2_cosine_seed9531,Li2TeC2,cosine,9531,49,0.212201,0.055174,0.44805,0.0,-0.388635,0.055174,-0.152786,-0.600836,-0.037616,0.156054,0.377547,-0.009193,8,8,8,8,8,5.307478,2.631343,3.866539,-7.014459,-1.213327,1,8
case_07_Li2TeC2_cosine_seed9531,Li2TeC2,cosine,9531,50,0.305238,0.027424,0.409806,0.171861,-0.295598,0.027424,-0.191029,-0.428975,0.05265,0.077568,0.437617,0.332893,8,8,8,8,8,5.314363,2.889335,4.138788,7.634694,-3.92842,0,8
case_07_Li2TeC2_cosine_seed9531,Li2TeC2,cosine,9531,51,0.152711,0.04714,0.347097,0.0,-0.448125,0.04714,-0.253738,-0.600836,-0.094883,0.133332,0.328788,-0.01331,8,7,8,7,8,5.302514,2.568946,3.30171,5.666648,-0.976402,3,6
case_07_Li2TeC2_cosine_seed9531,Li2TeC2,cosine,9531,52,0.337614,0.048813,0.615591,0.177459,-0.277978,0.048813,0.0,-0.438132,0.071501,0.138065,0.43202,0.656614,8,8,8,8,8,5.315306,4.525077,3.642843,5.48789,-4.105319,0,8
case_07_Li2TeC2_cosine_seed9531,Li2TeC2,cosine,9531,53,0.283667,0.046258,0.444816,0.072922,-0.331925,0.046258,-0.170775,-0.542669,0.016676,0.130837,0.348725,0.977957,8,7,8,8,8,5.324939,2.249357,5.795654,-7.318372,-2.590981,0,8
case_07_Li2TeC2_cosine_seed9531,Li2TeC2,cosine,9531,54,0.267825,0.045002,0.576351,0.135781,-0.347767,0.045002,-0.039241,-0.479811,0.000792,0.127284,0.343774,0.894008,8,8,8,8,8,5.334396,2.082955,4.635014,2.066634,-2.755164,0,8
case_07_Li2TeC2_cosine_seed9531,Li2TeC2,cosine,9531,55,0.195304,0.038296,0.347836,0.0,-0.420287,0.038296,-0.267755,-0.615591,-0.068142,0.108317,0.328032,0.37694,8,7,8,7,8,5.327816,1.419856,3.033422,-6.266346,-2.973452,1,7
case_07_Li2TeC2_cosine_seed9531,Li2TeC2,cosine,9531,56,0.255469,0.032017,0.368376,0.106494,-0.360122,0.032017,-0.247215,-0.509097,-0.007578,0.090558,0.418229,0.105933,8,8,8,7,8,5.322658,2.434921,2.504207,-0.153481,-4.335969,0,8
case_07_Li2TeC2_cosine_seed9531,Li2TeC2,cosine,9531,57,0.288437,0.052166,0.481976,0.025256,-0.327154,0.052166,-0.133615,-0.590335,0.02412,0.147548,0.379991,0.851099,8,7,8,8,8,5.335752,2.947225,4.577311,-5.855891,-2.936541,0,8
case_07_Li2TeC2_cosine_seed9531,Li2TeC2,cosine,9531,58,0.311179,0.04762,0.59817,0.162466,-0.304412,0.04762,-0.017422,-0.453125,0.04452,0.134689,0.488153,0.025964,8,8,8,8,8,5.317988,2.718999,3.744706,-9.842745,-3.790597,0,8
case_07_Li2TeC2_cosine_seed9531,Li2TeC2,cosine,9531,59,0.193714,0.046564,0.460921,0.012201,-0.421877,0.046564,-0.15467,-0.60339,-0.069298,0.131704,0.353693,0.251731,8,8,8,6,8,5.324461,3.011496,2.658514,-1.146583,-1.714807,0,8
case_07_Li2TeC2_cosine_seed9531,Li2TeC2,cosine,9531,60,0.228475,0.038037,0.353945,0.039086,-0.387116,0.038037,-0.261646,-0.576505,-0.03281,0.107584,0.205783,2.164006,8,7,6,8,8,5.310648,1.290258,5.468686,-0.253786,-3.617781,0,8
case_07_Li2TeC2_cosine_seed9531,Li2TeC2,cosine,9531,61,0.16624,0.048918,0.463513,0.0,-0.449351,0.048918,-0.152078,-0.615591,-0.090293,0.138362,0.389379,-0.212689,8,8,8,7,8,5.312284,2.73315,2.66918,-3.65463,-1.183485,1,7
case_07_Li2TeC2_cosine_seed9531,Li2TeC2,cosine,9531,62,0.177035,0.04543,0.375371,0.0,-0.438556,0.04543,-0.24022,-0.615591,-0.075523,0.128495,0.342406,0.382601,8,8,8,7,8,5.314228,2.388754,2.794468,4.599585,-1.222564,1,7
case_07_Li2TeC2_cosine_seed9531,Li2TeC2,cosine,9531,63,0.25172,0.045717,0.434391,0.063283,-0.363871,0.045717,-0.1812,-0.552309,-0.000796,0.129308,0.414296,0.403987,8,8,8,7,8,5.305154,2.458653,3.584352,4.911831,-3.166783,0,8
case_07_Li2TeC2_cosine_seed9531,Li2TeC2,cosine,9531,64,0.163449,0.046711,0.392719,0.0,-0.452142,0.046711,-0.222872,-0.615591,-0.084614,0.132119,0.320005,0.496411,8,8,8,8,8,5.320606,2.262194,4.182202,-9.198288,-0.715136,2,6
case_07_Li2TeC2_cosine_seed9531,Li2TeC2,cosine,9531,65,0.227228,0.04658,0.385376,0.0,-0.388363,0.04658,-0.230215,-0.615591,-0.019793,0.131748,0.362499,0.776505,8,8,7,8,8,5.305639,1.954097,4.010215,-10.412669,-2.275542,1,7
case_07_Li2TeC2_cosine_seed9531,Li2TeC2,cosine,9531,66,0.160145,0.044241,0.390232,0.0,-0.455446,0.044241,-0.225359,-0.615591,-0.082533,0.125132,0.32761,0.519903,8,8,8,8,8,5.336616,1.960121,2.412703,0.162015,-2.144973,1,7
case_07_Li2TeC2_cosine_seed9531,Li2TeC2,cosine,9531,67,0.248882,0.033066,0.361985,0.023904,-0.366709,0.033066,-0.253607,-0.591687,0.005894,0.093524,0.359665,1.189422,8,8,7,7,8,5.324925,2.702401,5.168369,-4.798231,-0.255832,0,8
case_07_Li2TeC2_cosine_seed9531,Li2TeC2,cosine,9531,68,0.242758,0.048083,0.493664,0.066732,-0.372834,0.048083,-0.121927,-0.548859,-0.000219,0.135999,0.433857,0.395182,8,7,8,8,8,5.32185,2.634007,2.326187,23.572327,-2.409312,0,8
case_07_Li2TeC2_cosine_seed9531,Li2TeC2,cosine,9531,69,0.246866,0.032673,0.360231,0.06094,-0.368725,0.032673,-0.25536,-0.554652,0.003696,0.092414,0.401998,0.759956,8,8,7,8,8,5.304765,1.481534,3.842254,-8.439686,-2.532605,0,8
case_07_Li2TeC2_cosine_seed9531,Li2TeC2,cosine,9531,70,0.19864,0.028052,0.282293,0.0,-0.416951,0.028052,-0.333298,-0.615591,-0.042304,0.079344,0.41209,0.19894,8,8,7,8,8,5.322155,1.199855,2.852982,-1.287985,-0.873788,1,7
case_07_Li2TeC2_cosine_seed9531,Li2TeC2,cosine,9531,71,0.216309,0.035554,0.379386,0.071366,-0.399282,0.035554,-0.236205,-0.544225,-0.023403,0.100561,0.433095,0.215899,8,8,8,8,8,5.31539,2.826335,3.728873,8.412949,-2.656275,0,8
case_07_Li2TeC2_cosine_seed9531,Li2TeC2,cosine,9531,72,0.140725,0.026084,0.251182,0.047167,-0.474866,0.026084,-0.364409,-0.568425,-0.094038,0.073777,0.36838,0.206696,8,8,6,7,7,5.338983,0.958463,3.33263,-10.993225,-0.964406,0,8
case_07_Li2TeC2_cosine_seed9531,Li2TeC2,cosine,9531,73,0.131713,0.032607,0.263846,0.0,-0.483878,0.032607,-0.351745,-0.615591,-0.097898,0.092228,0.393734,-0.066688,8,8,8,8,8,5.323948,1.25596,3.754287,13.288029,-1.024433,1,7
case_07_Li2TeC2_cosine_seed9531,Li2TeC2,cosine,9531,74,0.376541,0.044379,0.565161,0.178998,-0.23905,0.044379,-0.05043,-0.436593,0.139584,0.125523,0.624102,0.027774,8,8,8,8,8,5.308912,3.554977,5.617995,2.165318,-4.267778,0,8
case_07_Li2TeC2_cosine_seed9531,Li2TeC2,cosine,9531,75,0.236076,0.044771,0.417026,0.0,-0.379515,0.044771,-0.198565,-0.615591,-0.000837,0.126631,0.389248,0.997194,8,8,8,8,8,5.322483,3.533223,5.272044,-8.610853,-1.898134,1,7
case_07_Li2TeC2_cosine_seed9531,Li2TeC2,cosine,9531,76,0.216449,0.038721,0.346872,0.041161,-0.399143,0.038721,-0.268719,-0.57443,-0.019441,0.109518,0.444421,0.316076,8,8,8,7,8,5.316445,2.652835,3.567624,-4.549935,-2.496533,0,8
case_07_Li2TeC2_cosine_seed9531,Li2TeC2,cosine,9531,77,0.262519,0.033587,0.355662,0.037616,-0.353072,0.033587,-0.259929,-0.577975,0.025298,0.094999,0.436318,0.880567,8,8,8,8,8,5.303833,2.945002,3.716148,0.02594,-3.057546,0,8
case_07_Li2TeC2_cosine_seed9531,Li2TeC2,cosine,9531,78,0.114195,0.035303,0.284087,0.0,-0.501396,0.035303,-0.331504,-0.615591,-0.116875,0.099853,0.382991,0.033007,8,8,8,8,8,5.335685,1.81194,3.98897,13.673341,-0.42777,1,7
case_07_Li2TeC2_cosine_seed9531,Li2TeC2,cosine,9531,79,0.278375,0.052787,0.49348,0.087292,-0.337216,0.052787,-0.122112,-0.5283,0.04494,0.149304,0.368839,1.798959,8,8,8,8,8,5.319623,2.291545,6.209931,-11.812405,-1.897302,0,8
case_07_Li2TeC2_cosine_seed9531,Li2TeC2,cosine,9531,80,0.236757,0.024986,0.35554,0.106963,-0.378834,0.024986,-0.260052,-0.508628,0.003155,0.070671,0.493496,0.149462,8,8,7,8,8,5.317101,1.772079,3.869304,-3.593888,-3.403297,0,8
case_07_Li2TeC2_cosine_seed9531,Li2TeC2,cosine,9531,81,0.23833,0.038457,0.450086,0.088435,-0.377261,0.038457,-0.165505,-0.527156,0.004492,0.108772,0.444997,0.660883,8,7,7,8,8,5.333877,1.552517,4.48187,-9.834198,-3.597919,0,8
case_07_Li2TeC2_cosine_seed9531,Li2TeC2,cosine,9531,82,0.172352,0.021824,0.268935,0.074272,-0.443239,0.021824,-0.346656,-0.541319,-0.058411,0.061729,0.404958,0.464017,8,8,8,8,8,5.326175,1.657207,2.393729,5.245929,-1.746391,0,8
case_07_Li2TeC2_cosine_seed9531,Li2TeC2,cosine,9531,83,0.184527,0.038094,0.394833,0.025255,-0.431064,0.038094,-0.220759,-0.590336,-0.043924,0.107746,0.383575,0.854142,8,7,8,8,8,5.319516,3.457788,5.902576,26.959021,-0.474944,0,8
case_07_Li2TeC2_cosine_seed9531,Li2TeC2,cosine,9531,84,0.249856,0.051074,0.479951,0.0,-0.365736,0.051074,-0.13564,-0.615591,0.020334,0.144458,0.439511,0.976094,8,8,7,8,8,5.318162,3.547241,3.378317,-5.88795,-2.541635,1,7
case_07_Li2TeC2_cosine_seed9531,Li2TeC2,cosine,9531,85,0.237447,0.046232,0.386485,0.059486,-0.378145,0.046232,-0.229107,-0.556105,0.007528,0.130763,0.508932,0.191624,8,8,8,7,8,5.312767,1.252326,3.52037,6.515415,-3.202154,0,8
case_07_Li2TeC2_cosine_seed9531,Li2TeC2,cosine,9531,86,0.206129,0.039557,0.381344,0.038446,-0.409462,0.039557,-0.234248,-0.577145,-0.0226,0.111883,0.488178,0.138881,8,8,8,8,8,5.322081,2.810625,3.759769,9.097045,-2.657528,0,8
case_07_Li2TeC2_cosine_seed9531,Li2TeC2,cosine,9531,87,0.226722,0.038339,0.359683,0.0,-0.38887,0.038339,-0.255908,-0.615591,-0.001907,0.108438,0.500402,0.238484,8,8,8,8,8,5.323895,2.871444,3.040701,-0.889177,-3.772009,1,7
case_07_Li2TeC2_cosine_seed9531,Li2TeC2,cosine,9531,88,0.218692,0.032415,0.362158,0.079979,-0.3969,0.032415,-0.253433,-0.535612,-0.00944,0.091683,0.440989,0.756539,8,8,7,8,8,5.326976,2.067974,3.942408,-2.366443,-1.887499,0,8
case_07_Li2TeC2_cosine_seed9531,Li2TeC2,cosine,9531,89,0.241794,0.024213,0.312716,0.080148,-0.373798,0.024213,-0.302876,-0.535443,0.012979,0.068484,0.390006,1.498651,8,8,8,8,8,5.322472,1.413302,2.927108,-4.555405,-2.960314,0,8
case_07_Li2TeC2_cosine_seed9531,Li2TeC2,cosine,9531,90,0.314885,0.05473,0.570104,0.054265,-0.300706,0.05473,-0.045487,-0.561326,0.081767,0.1548,0.534482,0.73227,8,8,8,8,8,5.607819,3.649097,4.811704,-11.907475,-2.673524,0,8
case_07_Li2TeC2_cosine_seed9531,Li2TeC2,cosine,9531,91,0.213374,0.031257,0.313916,0.035301,-0.402217,0.031257,-0.301675,-0.58029,-0.018757,0.088409,0.443874,0.646078,8,8,8,8,8,5.314729,2.26019,2.703139,-2.37303,-2.960787,0,8
case_07_Li2TeC2_cosine_seed9531,Li2TeC2,cosine,9531,92,0.167498,0.051621,0.43838,0.0,-0.448093,0.051621,-0.177211,-0.615591,-0.061401,0.146007,0.405135,0.648669,8,8,8,7,8,5.302188,2.29067,3.937459,1.497769,-1.436407,1,7
case_07_Li2TeC2_cosine_seed9531,Li2TeC2,cosine,9531,93,0.081453,0.029034,0.233463,0.0,-0.534138,0.029034,-0.382128,-0.615591,-0.140074,0.08212,0.408258,-0.117202,8,8,8,7,8,5.328403,2.005497,3.396078,-6.927855,0.939411,2,6
case_07_Li2TeC2_cosine_seed9531,Li2TeC2,cosine,9531,94,0.157708,0.040312,0.298777,0.0,-0.457883,0.040312,-0.316814,-0.615591,-0.060628,0.114018,0.453022,0.270324,8,8,8,8,8,5.314355,2.057529,4.93732,-12.390106,-3.945064,1,7
case_07_Li2TeC2_cosine_seed9531,Li2TeC2,cosine,9531,95,0.16902,0.033045,0.31705,0.0,-0.446572,0.033045,-0.298541,-0.615591,-0.046851,0.093465,0.477166,0.212099,8,8,8,7,8,5.323922,1.704824,3.42438,-3.451126,-2.561065,1,7
case_07_Li2TeC2_cosine_seed9531,Li2TeC2,cosine,9531,96,0.164562,0.052244,0.425065,0.0,-0.451029,0.052244,-0.190526,-0.615591,-0.048743,0.147767,0.467863,0.309559,8,8,8,6,8,5.327489,2.699706,2.842778,-2.641144,-0.777853,1,7
case_07_Li2TeC2_cosine_seed9531,Li2TeC2,cosine,9531,97,0.215779,0.031497,0.279744,0.0,-0.399812,0.031497,-0.335847,-0.615591,0.00235,0.089086,0.445727,1.052988,8,8,7,8,8,5.317822,1.806936,4.770495,-8.377509,-2.572294,1,7
case_07_Li2TeC2_cosine_seed9531,Li2TeC2,cosine,9531,98,0.138818,0.06087,0.52466,0.0,-0.476773,0.06087,-0.090931,-0.615591,-0.07088,0.172165,0.343694,1.368472,8,8,8,8,8,5.331268,1.618722,3.665099,-6.968266,-0.044196,3,5
case_07_Li2TeC2_cosine_seed9531,Li2TeC2,cosine,9531,99,0.235321,0.027769,0.338927,0.114906,-0.38027,0.027769,-0.276664,-0.500686,0.024342,0.078541,0.494983,0.83327,8,7,8,8,8,5.315734,2.213924,3.931431,-12.529428,-2.849302,0,8
case_07_Li2TeC2_cosine_seed9531,Li2TeC2,cosine,9531,100,0.143717,0.037644,0.366767,0.0,-0.471874,0.037644,-0.248824,-0.615591,-0.063899,0.106473,0.421529,0.697237,8,7,7,7,8,5.304396,1.613777,4.599511,-8.895367,-0.976569,1,7
case_07_Li2TeC2_peak_seed9531,Li2TeC2,peak,9531,1,0.229523,0.058068,0.451202,0.0,-0.221679,0.058068,0.0,-0.451202,0.0,0.16424,0.495624,-4e-06,8,8,8,8,8,5.325431,2.690579,4.47532,-8.440731,-0.782113,2,6
case_07_Li2TeC2_peak_seed9531,Li2TeC2,peak,9531,2,0.278311,0.060886,0.50905,0.0,-0.230739,0.060886,0.0,-0.50905,-0.008607,0.172211,0.559626,0.003746,8,8,8,8,8,5.321433,1.756721,5.371876,-8.692207,-1.800521,2,7
case_07_Li2TeC2_peak_seed9531,Li2TeC2,peak,9531,3,0.181646,0.055046,0.408773,0.0,-0.327404,0.055046,-0.100277,-0.50905,-0.100008,0.155695,0.513715,0.06135,8,8,7,8,8,5.330889,1.274595,3.996309,-2.534741,-0.775194,3,6
case_07_Li2TeC2_peak_seed9531,Li2TeC2,peak,9531,4,0.331604,0.042514,0.528099,0.15848,-0.196495,0.042514,0.0,-0.369619,0.029356,0.120247,0.670616,0.120968,8,8,8,8,8,5.318892,3.257103,5.361215,-9.885372,-2.140429,0,8
case_07_Li2TeC2_peak_seed9531,Li2TeC2,peak,9531,5,0.275486,0.064591,0.566792,0.0,-0.291306,0.064591,0.0,-0.566792,-0.062182,0.18269,0.613469,0.034879,8,8,8,8,8,5.303088,3.258667,2.942383,-0.102282,-1.696044,2,7
case_07_Li2TeC2_peak_seed9531,Li2TeC2,peak,9531,6,0.308067,0.055935,0.596308,0.0,-0.288241,0.055935,0.0,-0.596308,-0.056162,0.158209,0.577122,0.669239,8,8,8,8,8,5.317531,2.405257,4.653478,-8.818573,-2.789711,1,7
case_07_Li2TeC2_peak_seed9531,Li2TeC2,peak,9531,7,0.361126,0.033994,0.475246,0.158481,-0.235182,0.033994,-0.121063,-0.437827,-0.002948,0.096151,0.709978,0.036107,8,8,8,8,8,5.329606,3.257895,4.089816,-8.901479,-2.781704,0,8
case_07_Li2TeC2_peak_seed9531,Li2TeC2,peak,9531,8,0.271555,0.058314,0.436752,0.0,-0.324754,0.058314,-0.159556,-0.596308,-0.087893,0.164936,0.62989,0.127296,8,8,8,8,8,5.307997,2.828165,5.486322,-4.590657,-2.36614,2,8
case_07_Li2TeC2_peak_seed9531,Li2TeC2,peak,9531,9,0.282212,0.079753,0.517627,0.0,-0.314097,0.079753,-0.078681,-0.596308,-0.073374,0.225575,0.728613,-0.598138,8,8,8,7,8,5.31886,1.86832,2.012334,-1.44441,-1.676265,3,7
case_07_Li2TeC2_peak_seed9531,Li2TeC2,peak,9531,10,0.40303,0.017932,0.462491,0.288283,-0.193279,0.017932,-0.133818,-0.308025,0.045072,0.050719,0.790009,0.054796,8,8,8,8,8,5.32866,1.378294,5.481136,-12.514197,-4.673685,0,8
case_07_Li2TeC2_peak_seed9531,Li2TeC2,peak,9531,11,0.349376,0.063386,0.567609,0.0,-0.246932,0.063386,-0.028699,-0.596308,-0.008153,0.179282,0.745801,0.045075,8,8,8,8,8,5.341459,1.576398,4.219092,-10.435599,-1.224866,1,8
case_07_Li2TeC2_peak_seed9531,Li2TeC2,peak,9531,12,0.405772,0.029678,0.538997,0.282213,-0.190536,0.029678,-0.057311,-0.314095,0.045831,0.083942,0.818623,-0.061439,8,8,8,7,8,5.32163,1.910107,3.45866,-8.138034,-2.925967,0,8
case_07_Li2TeC2_peak_seed9531,Li2TeC2,peak,9531,13,0.342955,0.049883,0.582426,0.169696,-0.253353,0.049883,-0.013882,-0.426612,-0.016137,0.141091,0.738722,0.19428,8,8,8,8,8,5.310569,2.840885,4.335456,-13.888652,-1.151722,0,8
case_07_Li2TeC2_peak_seed9531,Li2TeC2,peak,9531,14,0.287284,0.025201,0.386568,0.144366,-0.309024,0.025201,-0.209741,-0.451943,-0.068218,0.071279,0.714789,-0.010594,8,8,8,7,8,5.331985,1.679361,3.371156,-4.920748,-3.146822,0,8
case_07_Li2TeC2_peak_seed9531,Li2TeC2,peak,9531,15,0.398415,0.033615,0.594546,0.266504,-0.197893,0.033615,-0.001762,-0.329804,0.040768,0.095078,0.829687,0.005803,8,7,8,7,8,5.332255,3.127059,1.915421,-2.497622,-2.046385,0,8
case_07_Li2TeC2_peak_seed9531,Li2TeC2,peak,9531,16,0.284912,0.093908,0.649924,0.0,-0.365013,0.093908,0.0,-0.649924,-0.120034,0.265613,0.685606,-0.096256,8,8,8,8,8,5.305919,2.095767,2.586006,15.71951,-1.490617,3,6
case_07_Li2TeC2_peak_seed9531,Li2TeC2,peak,9531,17,0.351924,0.021695,0.446409,0.235203,-0.298,0.021695,-0.203516,-0.414721,-0.050371,0.061363,0.784892,-0.324049,8,8,7,8,8,5.326269,1.495468,3.27912,-7.600748,-4.508958,0,8
case_07_Li2TeC2_peak_seed9531,Li2TeC2,peak,9531,18,0.413204,0.05261,0.654084,0.241176,-0.240881,0.05261,0.0,-0.412908,0.006412,0.148804,0.817881,-0.0176,8,8,8,8,8,5.327479,2.002911,2.07614,-2.016496,-2.692779,0,8
case_07_Li2TeC2_peak_seed9531,Li2TeC2,peak,9531,19,0.318539,0.048893,0.524148,0.0,-0.335546,0.048893,-0.129937,-0.654084,-0.083841,0.13829,0.685648,0.475585,8,8,8,7,8,5.331992,2.132596,3.124076,4.272458,-1.83408,1,8
case_07_Li2TeC2_peak_seed9531,Li2TeC2,peak,9531,20,0.368696,0.047528,0.585955,0.146721,-0.285389,0.047528,-0.06813,-0.507363,-0.032,0.134429,0.761302,0.302578,8,8,7,6,7,5.316031,1.634855,3.336279,7.361129,-3.30552,0,8
case_07_Li2TeC2_peak_seed9531,Li2TeC2,peak,9531,21,0.254062,0.050002,0.519665,0.0,-0.400023,0.050002,-0.13442,-0.654084,-0.139302,0.141426,0.439142,2.512578,8,8,8,6,8,5.322547,1.684399,4.226266,-4.166345,-1.869342,1,8
case_07_Li2TeC2_peak_seed9531,Li2TeC2,peak,9531,22,0.271696,0.064538,0.456317,0.0,-0.382389,0.064538,-0.197767,-0.654084,-0.115584,0.182541,0.693677,0.25372,8,8,8,8,8,5.329523,2.968345,4.525646,-1.813845,-3.132761,2,7
case_07_Li2TeC2_peak_seed9531,Li2TeC2,peak,9531,23,0.422983,0.037462,0.53343,0.206292,-0.231101,0.037462,-0.120655,-0.447792,0.033918,0.10596,0.778584,0.953114,8,8,8,8,8,5.287561,1.460759,7.232989,0.925579,-3.963429,0,8
case_07_Li2TeC2_peak_seed9531,Li2TeC2,peak,9531,24,0.300727,0.065719,0.507475,0.0,-0.353358,0.065719,-0.146609,-0.654084,-0.083922,0.185883,0.711837,0.489317,8,8,8,7,8,5.323849,1.16042,2.670805,-8.227415,-0.197299,2,6
case_07_Li2TeC2_peak_seed9531,Li2TeC2,peak,9531,25,0.371997,0.045083,0.534469,0.196401,-0.282087,0.045083,-0.119615,-0.457683,-0.012018,0.127515,0.578158,2.583759,8,8,8,8,8,5.305172,3.3635,4.421337,-0.413429,-4.366174,0,8
case_07_Li2TeC2_peak_seed9531,Li2TeC2,peak,9531,26,0.328978,0.033587,0.492519,0.205459,-0.325107,0.033587,-0.161565,-0.448625,-0.052286,0.094998,0.801473,-0.010439,8,8,7,8,8,5.31958,1.48909,2.812469,-7.65725,-3.425888,0,8
case_07_Li2TeC2_peak_seed9531,Li2TeC2,peak,9531,27,0.334286,0.021999,0.418945,0.226465,-0.319798,0.021999,-0.235139,-0.427619,-0.044629,0.062223,0.704382,1.075828,8,8,8,8,8,5.32532,2.366139,4.122346,-0.763901,-3.377017,0,8
case_07_Li2TeC2_peak_seed9531,Li2TeC2,peak,9531,28,0.271497,0.062384,0.508648,0.0,-0.382587,0.062384,-0.145436,-0.654084,-0.102047,0.17645,0.654297,1.039007,8,8,8,8,8,5.318239,3.093245,3.874693,1.979839,-0.698508,2,7
case_07_Li2TeC2_peak_seed9531,Li2TeC2,peak,9531,29,0.263642,0.049533,0.523136,0.0,-0.390442,0.049533,-0.130949,-0.654084,-0.104407,0.1401,0.743296,0.159966,8,8,8,8,8,5.325978,2.041088,3.56123,2.464677,-2.380848,1,8
case_07_Li2TeC2_peak_seed9531,Li2TeC2,peak,9531,30,0.215578,0.0658,0.468465,0.0,-0.438506,0.0658,-0.185619,-0.654084,-0.144847,0.18611,0.693082,0.294322,8,8,8,7,8,5.311996,1.662248,3.102607,7.175592,-0.802855,3,6
case_07_Li2TeC2_peak_seed9531,Li2TeC2,peak,9531,31,0.411457,0.048994,0.635284,0.20495,-0.242628,0.048994,-0.018801,-0.449134,0.04848,0.138575,0.826625,0.919204,8,8,8,8,8,5.305449,1.910862,4.837816,0.735301,-0.93574,0,8
case_07_Li2TeC2_peak_seed9531,Li2TeC2,peak,9531,32,0.233958,0.058898,0.46796,0.0,-0.420126,0.058898,-0.186125,-0.654084,-0.122568,0.166589,0.698718,0.517439,8,8,8,6,8,5.329667,2.429196,2.961418,-2.668101,-1.829157,2,8
case_07_Li2TeC2_peak_seed9531,Li2TeC2,peak,9531,33,0.27558,0.04857,0.45459,0.0,-0.378504,0.04857,-0.199494,-0.654084,-0.076899,0.137376,0.761874,0.367073,8,8,8,8,8,5.316462,1.78778,3.256941,0.871185,-2.209186,1,8
case_07_Li2TeC2_peak_seed9531,Li2TeC2,peak,9531,34,0.33128,0.05189,0.550117,0.0,-0.322805,0.05189,-0.103968,-0.654084,-0.020139,0.146767,0.862438,-0.044131,8,8,8,8,8,5.320611,2.537539,3.381625,-6.522391,-3.94559,1,7
case_07_Li2TeC2_peak_seed9531,Li2TeC2,peak,9531,35,0.287002,0.059561,0.428176,0.0,-0.367083,0.059561,-0.225909,-0.654084,-0.061196,0.168463,0.790754,0.298841,8,8,7,7,8,5.313122,1.25002,1.505644,4.026603,-3.538489,2,8
case_07_Li2TeC2_peak_seed9531,Li2TeC2,peak,9531,36,0.314271,0.049253,0.430408,0.0,-0.339814,0.049253,-0.223677,-0.654084,-0.032231,0.139307,0.883351,-0.304219,8,7,8,8,8,5.328612,2.453425,4.091577,18.5569,-2.010835,1,7
case_07_Li2TeC2_peak_seed9531,Li2TeC2,peak,9531,37,0.373349,0.05625,0.550268,0.0,-0.280736,0.05625,-0.103816,-0.654084,0.025505,0.159098,0.936757,-0.225388,8,8,8,8,8,5.69086,2.677342,5.345577,-6.56879,-3.63732,1,8
case_07_Li2TeC2_peak_seed9531,Li2TeC2,peak,9531,38,0.340366,0.054431,0.552679,0.0,-0.313719,0.054431,-0.101406,-0.654084,-0.007105,0.153954,0.867003,0.181047,8,8,7,8,8,5.322814,2.370655,4.506744,-1.772723,-1.813539,1,8
case_07_Li2TeC2_peak_seed9531,Li2TeC2,peak,9531,39,0.227707,0.053348,0.417386,0.0,-0.426378,0.053348,-0.236698,-0.654084,-0.113775,0.150892,0.719258,0.636851,8,8,8,8,8,5.30944,4.268675,3.686151,-6.093568,-2.517998,2,8
case_07_Li2TeC2_peak_seed9531,Li2TeC2,peak,9531,40,0.441027,0.047752,0.706067,0.211865,-0.26504,0.047752,0.0,-0.494202,0.045184,0.135064,0.871068,0.745416,8,7,7,7,8,5.331318,1.823964,2.774382,3.926541,-3.965575,0,8
case_07_Li2TeC2_peak_seed9531,Li2TeC2,peak,9531,41,0.346822,0.047732,0.463863,0.0,-0.359245,0.047732,-0.242204,-0.706067,-0.04657,0.135006,0.869061,-0.114471,8,8,8,8,8,5.306293,1.774472,3.303232,5.280159,-1.506878,1,8
case_07_Li2TeC2_peak_seed9531,Li2TeC2,peak,9531,42,0.337015,0.051695,0.614689,0.186388,-0.369052,0.051695,-0.091378,-0.519679,-0.053558,0.146217,0.862486,-0.0725,8,8,8,8,8,5.306179,1.02121,3.205364,25.325216,-2.414394,0,8
case_07_Li2TeC2_peak_seed9531,Li2TeC2,peak,9531,43,0.174992,0.039272,0.331891,0.0,-0.531075,0.039272,-0.374176,-0.706067,-0.204802,0.111078,0.73357,-0.255871,8,8,8,7,8,5.33118,2.280705,1.966607,11.941264,0.048659,2,7
case_07_Li2TeC2_peak_seed9531,Li2TeC2,peak,9531,44,0.188739,0.056058,0.420158,0.0,-0.517328,0.056058,-0.285909,-0.706067,-0.181502,0.158555,0.720024,0.14569,8,8,7,8,8,5.31094,3.085463,6.177246,-0.438769,0.140576,3,7
case_07_Li2TeC2_peak_seed9531,Li2TeC2,peak,9531,45,0.248495,0.052012,0.397909,0.0,-0.457573,0.052012,-0.308158,-0.706067,-0.115659,0.147111,0.824312,-0.201309,8,8,7,8,8,5.318655,2.191123,3.558629,1.370723,-1.525689,2,8
case_07_Li2TeC2_peak_seed9531,Li2TeC2,peak,9531,46,0.29563,0.059867,0.570456,0.0,-0.410437,0.059867,-0.135611,-0.706067,-0.065097,0.169331,0.861616,-0.032373,8,8,8,7,8,5.324894,3.223359,2.58355,4.490323,-1.497766,1,8
case_07_Li2TeC2_peak_seed9531,Li2TeC2,peak,9531,47,0.322769,0.063742,0.611232,0.0,-0.383298,0.063742,-0.094836,-0.706067,-0.03606,0.180289,0.793454,0.979216,8,8,7,8,8,5.307204,1.259693,4.838439,-1.777771,-1.205101,1,8
case_07_Li2TeC2_peak_seed9531,Li2TeC2,peak,9531,48,0.335723,0.059331,0.516388,0.0,-0.370344,0.059331,-0.18968,-0.706067,-0.021952,0.167812,0.875849,0.332707,8,8,8,8,8,5.328727,3.533741,4.417694,8.689418,-2.846138,1,7
case_07_Li2TeC2_peak_seed9531,Li2TeC2,peak,9531,49,0.290506,0.067063,0.538281,0.0,-0.415561,0.067063,-0.167786,-0.706067,-0.06381,0.189683,0.834263,0.360115,8,8,8,8,8,5.307502,2.931603,3.456814,-0.174885,-1.615469,2,8
case_07_Li2TeC2_peak_seed9531,Li2TeC2,peak,9531,50,0.32306,0.052798,0.520714,0.0,-0.383007,0.052798,-0.185354,-0.706067,-0.029693,0.149336,0.842489,0.660285,8,8,8,7,8,5.314394,2.120539,3.691166,7.994352,-2.894962,1,8
case_07_Li2TeC2_peak_seed9531,Li2TeC2,peak,9531,51,0.283381,0.07337,0.63045,0.0,-0.422686,0.07337,-0.075617,-0.706067,-0.065904,0.207522,0.851447,0.242428,8,7,8,7,8,5.30243,2.568607,3.355549,6.076093,-1.159609,2,7
case_07_Li2TeC2_peak_seed9531,Li2TeC2,peak,9531,52,0.416824,0.026922,0.509932,0.300147,-0.289244,0.026922,-0.196135,-0.40592,0.064162,0.076147,0.945159,0.636036,8,8,8,8,8,5.315314,4.20533,3.881132,3.321802,-3.961804,0,8
case_07_Li2TeC2_peak_seed9531,Li2TeC2,peak,9531,53,0.29598,0.067517,0.538938,0.0,-0.410087,0.067517,-0.167129,-0.706067,-0.053847,0.190966,0.889632,0.037749,8,7,8,8,8,5.325231,2.288579,5.188857,-5.893794,-1.454655,2,8
case_07_Li2TeC2_peak_seed9531,Li2TeC2,peak,9531,54,0.42947,0.041172,0.613678,0.260495,-0.276597,0.041172,-0.092389,-0.445573,0.07566,0.116453,0.966381,0.599187,8,8,8,7,8,5.334238,2.118902,4.681755,2.249927,-2.636346,0,8
case_07_Li2TeC2_peak_seed9531,Li2TeC2,peak,9531,55,0.269504,0.0426,0.373743,0.0,-0.436563,0.0426,-0.332325,-0.706067,-0.08009,0.12049,0.792721,0.811676,8,7,8,8,8,5.327688,1.553134,3.454906,-6.894304,-2.631053,1,7
case_07_Li2TeC2_peak_seed9531,Li2TeC2,peak,9531,56,0.334184,0.033188,0.504443,0.200468,-0.371883,0.033188,-0.201624,-0.505599,-0.01464,0.093869,0.68565,2.564143,8,8,8,7,8,5.322601,2.595487,2.374367,-2.200191,-4.002365,0,8
case_07_Li2TeC2_peak_seed9531,Li2TeC2,peak,9531,57,0.366759,0.058797,0.571959,0.0,-0.339309,0.058797,-0.134108,-0.706067,0.017038,0.166302,0.915047,0.612459,8,7,8,8,8,5.33569,3.902752,4.775503,-3.608642,-2.682265,1,8
case_07_Li2TeC2_peak_seed9531,Li2TeC2,peak,9531,58,0.376234,0.029046,0.504049,0.268717,-0.329833,0.029046,-0.202018,-0.43735,0.025188,0.082155,0.926358,0.605433,8,8,8,8,8,5.318071,2.697976,3.896639,-11.642403,-4.190281,0,8
case_07_Li2TeC2_peak_seed9531,Li2TeC2,peak,9531,59,0.367198,0.036425,0.517339,0.222939,-0.33887,0.036425,-0.188728,-0.483128,0.015344,0.103025,0.840554,1.390985,8,8,8,6,8,5.324382,2.551233,3.145468,-1.509017,-1.83308,0,8
case_07_Li2TeC2_peak_seed9531,Li2TeC2,peak,9531,60,0.304458,0.057706,0.508844,0.0,-0.401609,0.057706,-0.197223,-0.706067,-0.045026,0.163217,0.904981,0.165223,8,7,7,8,8,5.310661,1.107269,3.385759,-6.799685,-3.419038,1,8
case_07_Li2TeC2_peak_seed9531,Li2TeC2,peak,9531,61,0.308877,0.044244,0.439259,0.0,-0.39719,0.044244,-0.266808,-0.706067,-0.038577,0.125141,0.95286,-0.219035,8,8,8,7,8,5.312277,2.659652,2.919101,-3.218916,-1.63372,1,8
case_07_Li2TeC2_peak_seed9531,Li2TeC2,peak,9531,62,0.307523,0.053214,0.528042,0.0,-0.398544,0.053214,-0.178025,-0.706067,-0.037934,0.150512,0.893561,0.405673,8,8,8,7,8,5.314241,2.385001,2.974574,2.399366,-1.706217,1,8
case_07_Li2TeC2_peak_seed9531,Li2TeC2,peak,9531,63,0.35128,0.061508,0.545052,0.0,-0.354787,0.061508,-0.161015,-0.706067,0.005532,0.17397,0.876146,1.037021,8,8,8,8,8,5.305305,2.493093,3.714691,4.519657,-3.218424,1,8
case_07_Li2TeC2_peak_seed9531,Li2TeC2,peak,9531,64,0.271781,0.065,0.575238,0.0,-0.434286,0.065,-0.130829,-0.706067,-0.070269,0.183848,0.799931,1.060926,8,8,8,7,8,5.320548,1.91654,4.352458,-10.659931,-0.630326,2,6
case_07_Li2TeC2_peak_seed9531,Li2TeC2,peak,9531,65,0.377699,0.052452,0.517246,0.0,-0.328368,0.052452,-0.188821,-0.706067,0.033866,0.148358,0.976409,0.353094,8,8,7,8,8,5.305687,2.085374,3.411281,-11.024652,-2.792155,1,7
case_07_Li2TeC2_peak_seed9531,Li2TeC2,peak,9531,66,0.213424,0.06255,0.477209,0.0,-0.492643,0.06255,-0.228858,-0.706067,-0.123888,0.176919,0.843437,0.122477,8,8,8,7,8,5.33673,1.848046,2.778774,-1.304283,-2.136227,3,7
case_07_Li2TeC2_peak_seed9531,Li2TeC2,peak,9531,67,0.389796,0.060236,0.626175,0.0,-0.316271,0.060236,-0.079892,-0.706067,0.04986,0.170373,0.828944,2.032684,8,8,7,7,8,5.325001,2.330564,5.721399,-3.704597,-2.046176,1,7
case_07_Li2TeC2_peak_seed9531,Li2TeC2,peak,9531,68,0.217158,0.051649,0.431557,0.0,-0.488909,0.051649,-0.27451,-0.706067,-0.116639,0.146084,0.870827,-0.031359,8,7,8,8,8,5.321965,2.524448,2.429881,19.955385,-1.366904,2,7
case_07_Li2TeC2_peak_seed9531,Li2TeC2,peak,9531,69,0.266326,0.043647,0.438937,0.0,-0.439742,0.043647,-0.267131,-0.706067,-0.064098,0.123454,0.89523,0.269558,8,8,8,8,8,5.304775,1.515037,3.610158,-7.717733,-2.230922,1,8
case_07_Li2TeC2_peak_seed9531,Li2TeC2,peak,9531,70,0.366062,0.027112,0.499146,0.257534,-0.340005,0.027112,-0.206921,-0.448533,0.033856,0.076684,1.050481,-0.283054,8,8,7,8,8,5.322159,1.229799,3.133733,0.896993,-1.684207,0,8
case_07_Li2TeC2_peak_seed9531,Li2TeC2,peak,9531,71,0.333219,0.053424,0.53034,0.0,-0.372848,0.053424,-0.175727,-0.706067,0.000963,0.151105,0.809277,1.816235,8,8,8,8,8,5.315363,2.691672,3.917441,6.922005,-2.182362,1,8
case_07_Li2TeC2_peak_seed9531,Li2TeC2,peak,9531,72,0.216534,0.057635,0.492961,0.0,-0.489533,0.057635,-0.213107,-0.706067,-0.109936,0.163016,0.802857,0.792251,8,8,6,8,8,5.33877,0.959854,3.312178,-10.302853,-0.898673,2,8
case_07_Li2TeC2_peak_seed9531,Li2TeC2,peak,9531,73,0.189164,0.054385,0.413376,0.0,-0.516903,0.054385,-0.292691,-0.706067,-0.130441,0.153825,0.89948,-0.366086,8,8,8,8,8,5.323723,1.253798,3.425844,17.223106,-0.833447,3,7
case_07_Li2TeC2_peak_seed9531,Li2TeC2,peak,9531,74,0.393605,0.039895,0.617299,0.251581,-0.312462,0.039895,-0.088768,-0.454486,0.070301,0.112839,1.114556,-0.488225,8,8,8,8,8,5.308964,3.670127,5.912011,7.225197,-4.274717,0,8
case_07_Li2TeC2_peak_seed9531,Li2TeC2,peak,9531,75,0.272887,0.075218,0.477271,0.0,-0.43318,0.075218,-0.228796,-0.706067,-0.047897,0.212748,0.885043,0.643861,8,8,8,7,8,5.322532,3.332509,4.317907,-6.776101,-0.339743,3,5
case_07_Li2TeC2_peak_seed9531,Li2TeC2,peak,9531,76,0.367094,0.071264,0.731682,0.0,-0.364588,0.071264,0.0,-0.731682,0.01966,0.201566,0.973531,0.455143,8,8,8,7,8,5.316471,2.452749,3.035404,-6.349754,-2.794482,1,8
case_07_Li2TeC2_peak_seed9531,Li2TeC2,peak,9531,77,0.356996,0.050609,0.473495,0.0,-0.374686,0.050609,-0.258187,-0.731682,0.009084,0.143144,0.763306,2.467064,8,8,8,8,8,5.303631,3.316923,3.364182,-4.81438,-2.977648,1,8
case_07_Li2TeC2_peak_seed9531,Li2TeC2,peak,9531,78,0.169492,0.061797,0.413612,0.0,-0.56219,0.061797,-0.31807,-0.731682,-0.169499,0.174789,0.830281,0.025943,8,8,8,8,8,5.335592,2.227819,3.869954,14.673868,-0.682144,4,7
case_07_Li2TeC2_peak_seed9531,Li2TeC2,peak,9531,79,0.282739,0.047955,0.438131,0.0,-0.448943,0.047955,-0.293551,-0.731682,-0.053439,0.135636,0.863664,0.868897,8,8,8,7,8,5.319641,1.821074,4.282471,-12.589947,-1.277458,1,7
case_07_Li2TeC2_peak_seed9531,Li2TeC2,peak,9531,80,0.365305,0.027657,0.502707,0.241294,-0.366377,0.027657,-0.228975,-0.490388,0.02767,0.078225,1.000393,0.339908,8,8,7,8,8,5.317111,1.731205,3.951627,-3.648743,-2.182142,0,8
case_07_Li2TeC2_peak_seed9531,Li2TeC2,peak,9531,81,0.33275,0.061219,0.606478,0.0,-0.398932,0.061219,-0.125204,-0.731682,-0.00464,0.173155,0.884268,1.206766,8,7,7,8,8,5.333961,1.531425,4.362543,-8.527158,-3.544948,1,8
case_07_Li2TeC2_peak_seed9531,Li2TeC2,peak,9531,82,0.2952,0.049317,0.44385,0.0,-0.436482,0.049317,-0.287832,-0.731682,-0.04008,0.139489,0.897465,0.747912,8,8,8,8,8,5.326134,1.764258,3.448661,2.289863,-1.296317,1,8
case_07_Li2TeC2_peak_seed9531,Li2TeC2,peak,9531,83,0.242083,0.071543,0.495846,0.0,-0.489599,0.071543,-0.235836,-0.731682,-0.088538,0.202355,0.868318,0.577893,8,7,8,8,8,5.319479,3.536139,5.829068,18.525106,-0.404219,3,8
case_07_Li2TeC2_peak_seed9531,Li2TeC2,peak,9531,84,0.2974,0.069242,0.558883,0.0,-0.434282,0.069242,-0.172799,-0.731682,-0.03156,0.195847,0.924867,0.599086,8,8,7,8,8,5.318265,3.738171,4.573711,-6.284103,-1.684961,2,6
case_07_Li2TeC2_peak_seed9531,Li2TeC2,peak,9531,85,0.298206,0.056984,0.57021,0.0,-0.433476,0.056984,-0.161472,-0.731682,-0.029216,0.161174,0.933397,0.560163,8,8,8,7,8,5.312798,1.650947,4.752102,5.7222,-3.121156,1,8
case_07_Li2TeC2_peak_seed9531,Li2TeC2,peak,9531,86,0.232952,0.067961,0.508804,0.0,-0.49873,0.067961,-0.222878,-0.731682,-0.089746,0.192223,0.958212,-0.270852,8,8,8,8,8,5.322063,2.762151,3.684419,9.219391,-1.491191,3,7
case_07_Li2TeC2_peak_seed9531,Li2TeC2,peak,9531,87,0.294637,0.053441,0.48688,0.0,-0.437045,0.053441,-0.244802,-0.731682,-0.026659,0.151155,0.940577,0.556266,8,8,8,8,8,5.323708,3.351671,2.413222,-4.083821,-2.929744,1,7
case_07_Li2TeC2_peak_seed9531,Li2TeC2,peak,9531,88,0.325824,0.030876,0.477043,0.196244,-0.405858,0.030876,-0.254639,-0.535438,0.004302,0.08733,0.99039,0.386899,8,8,7,8,8,5.326856,1.987412,4.45719,-3.273946,-2.135137,0,8
case_07_Li2TeC2_peak_seed9531,Li2TeC2,peak,9531,89,0.409041,0.056685,0.649927,0.187031,-0.322641,0.056685,-0.081755,-0.544651,0.083143,0.160328,1.092619,0.17768,8,8,8,8,8,5.322494,1.390264,3.748514,-4.254018,-2.996192,0,8
case_07_Li2TeC2_peak_seed9531,Li2TeC2,peak,9531,90,0.345938,0.064659,0.566773,0.0,-0.385744,0.064659,-0.164909,-0.731682,0.019038,0.182882,0.954242,0.94728,8,8,8,8,8,5.608109,3.591558,4.103161,-9.730415,-3.038037,1,8
case_07_Li2TeC2_peak_seed9531,Li2TeC2,peak,9531,91,0.332572,0.052731,0.465861,0.0,-0.39911,0.052731,-0.265821,-0.731682,0.005389,0.149146,1.059117,-0.216442,8,8,8,8,8,5.314541,2.388093,4.076719,-4.040833,-2.25168,1,8
case_07_Li2TeC2_peak_seed9531,Li2TeC2,peak,9531,92,0.2184,0.068523,0.567274,0.0,-0.513282,0.068523,-0.164408,-0.731682,-0.103345,0.193812,0.951843,-0.206551,8,8,8,7,8,5.302245,2.273695,4.034369,0.781919,-1.184359,3,7
case_07_Li2TeC2_peak_seed9531,Li2TeC2,peak,9531,93,0.25277,0.054966,0.410898,0.0,-0.478912,0.054966,-0.320784,-0.731682,-0.065526,0.155468,0.982556,-0.10987,8,8,8,7,8,5.32822,1.302038,3.323749,-6.045296,-0.805132,2,7
case_07_Li2TeC2_peak_seed9531,Li2TeC2,peak,9531,94,0.160342,0.056868,0.34697,0.0,-0.57134,0.056868,-0.384712,-0.731682,-0.150056,0.160847,0.864458,0.248224,8,8,8,8,8,5.314448,1.495278,4.850356,-13.18505,-2.91422,4,7
case_07_Li2TeC2_peak_seed9531,Li2TeC2,peak,9531,95,0.249208,0.039352,0.404926,0.0,-0.482474,0.039352,-0.326756,-0.731682,-0.05813,0.111304,0.919649,0.629206,8,8,8,8,8,5.323842,1.76125,3.411855,-3.395842,-2.743653,1,7
case_07_Li2TeC2_peak_seed9531,Li2TeC2,peak,9531,96,0.195837,0.050484,0.47251,0.0,-0.535845,0.050484,-0.259172,-0.731682,-0.105926,0.142789,0.864513,0.721634,8,8,8,6,8,5.327277,1.849609,2.905853,-2.3859,-0.299419,2,6
case_07_Li2TeC2_peak_seed9531,Li2TeC2,peak,9531,97,0.352559,0.05121,0.469357,0.0,-0.379123,0.05121,-0.262325,-0.731682,0.048255,0.144843,0.927119,1.66191,8,8,7,8,8,5.317772,1.646067,5.391484,-10.383423,-3.066452,1,7
case_07_Li2TeC2_peak_seed9531,Li2TeC2,peak,9531,98,0.149142,0.05568,0.354195,0.0,-0.58254,0.05568,-0.377487,-0.731682,-0.147403,0.157487,0.865965,0.34248,8,8,7,8,8,5.331279,1.763759,4.297842,-7.121698,-0.211083,4,6
case_07_Li2TeC2_peak_seed9531,Li2TeC2,peak,9531,99,0.365715,0.026996,0.451873,0.237766,-0.365967,0.026996,-0.279809,-0.493916,0.065711,0.076357,1.021675,0.945195,8,7,8,8,8,5.315716,2.038694,5.206156,-12.329412,-2.762536,0,8
case_07_Li2TeC2_peak_seed9531,Li2TeC2,peak,9531,100,0.236937,0.052134,0.417817,0.0,-0.494745,0.052134,-0.313865,-0.731682,-0.059913,0.147458,0.902706,0.900507,8,7,7,6,8,5.304282,1.862403,4.166807,-10.061578,-1.607772,2,7
case_07_Li2TeC2_cosine_seed9532,Li2TeC2,cosine,9532,1,0.171446,0.045705,0.335334,0.035184,-0.163889,0.045705,0.0,-0.300151,-0.0,0.129274,-0.422686,-0.001843,8,8,8,8,8,5.309988,2.446109,4.048741,13.380922,-0.450223,0,8
case_07_Li2TeC2_cosine_seed9532,Li2TeC2,cosine,9532,2,0.254161,0.045036,0.434173,0.078981,-0.180013,0.045036,0.0,-0.355193,-0.015318,0.127382,-0.437949,0.088508,8,8,8,8,8,5.300963,2.660659,2.978796,-2.706185,-3.786655,0,8
case_07_Li2TeC2_cosine_seed9532,Li2TeC2,cosine,9532,3,0.245218,0.045162,0.395074,0.0,-0.188955,0.045162,-0.039099,-0.434173,-0.023047,0.127737,-0.430842,0.033067,8,8,8,8,8,5.341169,1.555521,4.12419,-5.930002,-4.638839,1,7
case_07_Li2TeC2_cosine_seed9532,Li2TeC2,cosine,9532,4,0.200322,0.050883,0.488147,0.023544,-0.287825,0.050883,0.0,-0.464603,-0.115822,0.143918,-0.498905,-0.103086,8,8,8,8,8,5.33521,2.104005,4.649255,15.663538,-1.792534,0,8
case_07_Li2TeC2_cosine_seed9532,Li2TeC2,cosine,9532,5,0.297532,0.038613,0.46894,0.091683,-0.190615,0.038613,-0.019207,-0.396464,-0.017681,0.109213,-0.391191,-0.093096,8,8,8,8,8,5.331898,2.195612,3.866388,-0.171347,-4.009634,0,8
case_07_Li2TeC2_cosine_seed9532,Li2TeC2,cosine,9532,6,0.211991,0.026847,0.310847,0.060381,-0.276156,0.026847,-0.1773,-0.427766,-0.098061,0.075935,-0.467803,-0.056941,8,8,7,8,8,5.321879,2.95471,4.954293,-10.391385,-0.032182,0,8
case_07_Li2TeC2_cosine_seed9532,Li2TeC2,cosine,9532,7,0.182085,0.042242,0.372463,0.03556,-0.306062,0.042242,-0.115684,-0.452587,-0.121569,0.119479,-0.498416,0.090206,8,8,7,8,8,5.327929,2.544681,4.505334,-10.236609,-1.936945,0,8
case_07_Li2TeC2_cosine_seed9532,Li2TeC2,cosine,9532,8,0.211882,0.031064,0.322852,0.047919,-0.276265,0.031064,-0.165295,-0.440228,-0.087182,0.087862,-0.417777,-0.296777,8,8,8,7,8,5.33219,2.649864,3.14104,4.719704,-2.983716,0,8
case_07_Li2TeC2_cosine_seed9532,Li2TeC2,cosine,9532,9,0.236823,0.035039,0.430848,0.093196,-0.251324,0.035039,-0.057299,-0.394951,-0.05913,0.099106,-0.455434,0.440136,8,8,8,8,8,5.322681,3.173936,3.665853,-0.403929,-2.701178,0,8
case_07_Li2TeC2_cosine_seed9532,Li2TeC2,cosine,9532,10,0.229242,0.049691,0.515518,0.0,-0.286275,0.049691,0.0,-0.515518,-0.089377,0.140548,-0.437008,0.020206,8,8,8,8,8,5.318302,2.943807,3.788324,-7.550944,-4.190946,1,7
case_07_Li2TeC2_cosine_seed9532,Li2TeC2,cosine,9532,11,0.294189,0.056038,0.613976,0.053454,-0.319786,0.056038,0.0,-0.560522,-0.116744,0.158499,-0.466983,0.103903,8,8,8,8,8,5.315269,1.846232,5.7568,-4.760046,-4.945841,0,8
case_07_Li2TeC2_cosine_seed9532,Li2TeC2,cosine,9532,12,0.165206,0.057731,0.432144,0.0,-0.44877,0.057731,-0.181832,-0.613976,-0.233441,0.163287,-0.56469,-0.029219,8,8,7,8,8,5.3164,1.120072,4.661139,14.926314,-1.540065,1,7
case_07_Li2TeC2_cosine_seed9532,Li2TeC2,cosine,9532,13,0.203789,0.049798,0.428988,0.0,-0.410186,0.049798,-0.184987,-0.613976,-0.185114,0.140851,-0.555702,0.420342,8,8,8,7,8,5.327906,2.670724,3.37307,-3.537023,-1.513292,1,7
case_07_Li2TeC2_cosine_seed9532,Li2TeC2,cosine,9532,14,0.206557,0.03345,0.334947,0.064515,-0.407418,0.03345,-0.279028,-0.549461,-0.173229,0.09461,-0.523837,0.268616,8,7,7,7,7,5.313024,2.6355,3.917991,14.833952,-2.746614,0,8
case_07_Li2TeC2_cosine_seed9532,Li2TeC2,cosine,9532,15,0.201708,0.045037,0.398666,0.01667,-0.412268,0.045037,-0.215309,-0.597306,-0.169174,0.127384,-0.494429,0.054215,8,8,8,8,8,5.323755,1.218773,2.708513,19.251196,-2.17913,0,8
case_07_Li2TeC2_cosine_seed9532,Li2TeC2,cosine,9532,16,0.165945,0.033518,0.36645,0.03258,-0.44803,0.033518,-0.247525,-0.581396,-0.19469,0.094802,-0.489866,-0.209247,8,8,8,8,8,5.328114,2.637848,2.698136,-3.949715,-1.474491,0,8
case_07_Li2TeC2_cosine_seed9532,Li2TeC2,cosine,9532,17,0.226354,0.037814,0.351548,0.0,-0.387622,0.037814,-0.262428,-0.613976,-0.127567,0.106953,-0.49279,0.53157,8,7,8,8,8,5.310848,2.560168,3.460686,-7.757822,-1.679852,1,7
case_07_Li2TeC2_cosine_seed9532,Li2TeC2,cosine,9532,18,0.179979,0.063286,0.588204,0.0,-0.433997,0.063286,-0.025771,-0.613976,-0.165245,0.179,-0.448329,-0.257922,8,8,8,7,8,5.340461,2.574399,3.134828,-0.27851,-2.109463,2,6
case_07_Li2TeC2_cosine_seed9532,Li2TeC2,cosine,9532,19,0.233893,0.021892,0.358425,0.123896,-0.380082,0.021892,-0.255551,-0.49008,-0.105765,0.061919,-0.60231,1.942676,8,8,8,8,8,5.304804,2.075552,5.019343,-1.925286,-4.478554,0,8
case_07_Li2TeC2_cosine_seed9532,Li2TeC2,cosine,9532,20,0.212446,0.06928,0.5208,0.0,-0.401529,0.06928,-0.093176,-0.613976,-0.120851,0.195955,-0.408766,-0.123618,8,8,8,8,8,5.319954,2.154603,3.532989,18.733349,-2.802927,2,6
case_07_Li2TeC2_cosine_seed9532,Li2TeC2,cosine,9532,21,0.280318,0.044079,0.446857,0.0,-0.333658,0.044079,-0.167118,-0.613976,-0.05033,0.124673,-0.368866,0.21055,8,8,8,8,8,5.311732,3.416083,6.02332,-12.634437,-2.194938,1,7
case_07_Li2TeC2_cosine_seed9532,Li2TeC2,cosine,9532,22,0.154632,0.04886,0.379289,0.0,-0.459344,0.04886,-0.234686,-0.613976,-0.167215,0.138198,-0.490207,0.283801,8,8,8,8,8,5.322232,2.315153,3.635191,5.563203,-0.896548,1,7
case_07_Li2TeC2_cosine_seed9532,Li2TeC2,cosine,9532,23,0.167286,0.046932,0.42528,0.0,-0.446689,0.046932,-0.188695,-0.613976,-0.146833,0.132743,-0.437283,-0.004458,8,8,8,7,8,5.341226,2.211005,2.880702,-10.026276,-1.048205,2,6
case_07_Li2TeC2_cosine_seed9532,Li2TeC2,cosine,9532,24,0.115058,0.027976,0.200762,0.0,-0.498918,0.027976,-0.413214,-0.613976,-0.189108,0.079128,-0.449837,-0.26922,8,7,7,6,7,5.318986,1.86016,2.507583,-0.458282,0.289788,2,6
case_07_Li2TeC2_cosine_seed9532,Li2TeC2,cosine,9532,25,0.20016,0.042676,0.317742,0.027567,-0.413816,0.042676,-0.296233,-0.586408,-0.098806,0.120705,-0.406198,0.219564,8,8,8,8,8,5.321272,2.513284,3.2361,5.508571,-3.253763,0,8
case_07_Li2TeC2_cosine_seed9532,Li2TeC2,cosine,9532,26,0.185816,0.051088,0.427648,0.0,-0.42816,0.051088,-0.186327,-0.613976,-0.107492,0.1445,-0.429218,0.403666,8,7,8,8,8,5.321445,2.587433,3.720319,1.694005,-0.856319,1,7
case_07_Li2TeC2_cosine_seed9532,Li2TeC2,cosine,9532,27,0.252323,0.026531,0.335443,0.108031,-0.361652,0.026531,-0.278533,-0.505945,-0.038936,0.07504,-0.369126,0.520441,8,8,8,7,8,5.31959,2.023967,4.321789,14.396821,-3.688129,0,8
case_07_Li2TeC2_cosine_seed9532,Li2TeC2,cosine,9532,28,0.19546,0.040528,0.369397,0.0,-0.418515,0.040528,-0.244579,-0.613976,-0.091009,0.114631,-0.397088,0.313825,8,8,8,7,8,5.332764,2.891795,4.205099,1.145293,-2.425606,1,7
case_07_Li2TeC2_cosine_seed9532,Li2TeC2,cosine,9532,29,0.182559,0.040048,0.416006,0.043385,-0.431417,0.040048,-0.19797,-0.570591,-0.098715,0.113272,-0.486561,1.16321,8,8,7,6,7,5.31307,1.006342,2.204851,-5.017869,-2.022196,0,8
case_07_Li2TeC2_cosine_seed9532,Li2TeC2,cosine,9532,30,0.265671,0.031846,0.345144,0.080619,-0.348304,0.031846,-0.268831,-0.533357,-0.014822,0.090074,-0.253146,-0.301473,8,7,8,8,8,5.308696,2.546823,4.431125,-3.117168,-2.946404,0,8
case_07_Li2TeC2_cosine_seed9532,Li2TeC2,cosine,9532,31,0.214755,0.054809,0.4997,0.0,-0.399221,0.054809,-0.114275,-0.613976,-0.062452,0.155023,-0.368721,0.402413,8,8,8,7,8,5.30957,1.938504,6.127432,-7.624972,-1.659178,1,7
case_07_Li2TeC2_cosine_seed9532,Li2TeC2,cosine,9532,32,0.17298,0.032042,0.312733,0.0,-0.440995,0.032042,-0.301242,-0.613976,-0.099015,0.090628,-0.48779,1.267989,8,8,8,8,8,5.336546,2.953128,2.618134,-7.019262,-1.868002,1,7
case_07_Li2TeC2_cosine_seed9532,Li2TeC2,cosine,9532,33,0.195357,0.049703,0.46258,0.037678,-0.418619,0.049703,-0.151395,-0.576298,-0.072807,0.140581,-0.348737,0.169912,8,8,8,8,8,5.33383,3.387088,3.375681,-3.190697,-1.938954,0,8
case_07_Li2TeC2_cosine_seed9532,Li2TeC2,cosine,9532,34,0.242976,0.053089,0.485423,0.0,-0.371,0.053089,-0.128553,-0.613976,-0.023928,0.150159,-0.276329,-0.025971,8,8,8,8,8,5.325835,2.212617,4.5652,-4.041409,-1.279803,1,7
case_07_Li2TeC2_cosine_seed9532,Li2TeC2,cosine,9532,35,0.231911,0.033942,0.401726,0.081955,-0.382065,0.033942,-0.212249,-0.532021,-0.033244,0.096004,-0.309813,0.257062,8,8,8,8,8,5.578918,1.25855,3.742836,-7.628129,-1.960193,0,8
case_07_Li2TeC2_cosine_seed9532,Li2TeC2,cosine,9532,36,0.133594,0.041506,0.3809,0.015047,-0.480381,0.041506,-0.233076,-0.598929,-0.124982,0.117397,-0.375358,0.038821,8,8,8,7,8,5.310682,1.124393,2.958376,5.657374,-0.369586,0,8
case_07_Li2TeC2_cosine_seed9532,Li2TeC2,cosine,9532,37,0.229057,0.04462,0.458136,0.066026,-0.384918,0.04462,-0.155839,-0.547949,-0.028043,0.126204,-0.250059,-0.221438,8,8,8,8,8,5.324322,2.43441,3.472366,-5.03387,-0.046077,0,8
case_07_Li2TeC2_cosine_seed9532,Li2TeC2,cosine,9532,38,0.196896,0.049104,0.437818,0.0,-0.417079,0.049104,-0.176157,-0.613976,-0.057194,0.138888,-0.321147,0.222585,8,8,8,8,8,5.569296,1.926607,4.823123,-5.017478,-2.190537,1,7
case_07_Li2TeC2_cosine_seed9532,Li2TeC2,cosine,9532,39,0.229689,0.05235,0.478137,0.052234,-0.384286,0.05235,-0.135838,-0.561742,-0.023181,0.148068,-0.307536,0.456885,8,8,8,8,8,5.310143,2.325086,5.351437,-5.613349,-1.250304,0,8
case_07_Li2TeC2_cosine_seed9532,Li2TeC2,cosine,9532,40,0.147039,0.048469,0.388033,0.0,-0.466936,0.048469,-0.225943,-0.613976,-0.100539,0.137091,-0.403769,0.690259,8,8,8,8,8,5.323563,2.644639,3.014877,-6.77948,1.136925,2,6
case_07_Li2TeC2_cosine_seed9532,Li2TeC2,cosine,9532,41,0.179842,0.059044,0.453094,0.0,-0.434133,0.059044,-0.160882,-0.613976,-0.064349,0.167002,-0.335217,0.388906,8,8,8,8,8,5.306079,3.426812,3.982548,-0.400448,-2.020548,1,8
case_07_Li2TeC2_cosine_seed9532,Li2TeC2,cosine,9532,42,0.225055,0.029964,0.315918,0.082482,-0.38892,0.029964,-0.298057,-0.531494,-0.01818,0.084751,-0.226263,-0.216164,8,8,8,8,8,5.310187,2.972414,3.127639,10.973613,-2.638858,0,8
case_07_Li2TeC2_cosine_seed9532,Li2TeC2,cosine,9532,43,0.22533,0.041317,0.386081,0.0,-0.388645,0.041317,-0.227895,-0.613976,-0.017009,0.116862,-0.279858,0.364475,8,8,7,8,8,5.328762,1.831813,4.932836,-12.658335,-0.597737,1,7
case_07_Li2TeC2_cosine_seed9532,Li2TeC2,cosine,9532,44,0.299976,0.045489,0.497246,0.127937,-0.313999,0.045489,-0.11673,-0.486039,0.054755,0.128662,-0.163983,-0.043899,8,8,8,8,8,5.322393,2.944768,4.522797,-8.246607,-3.290195,0,8
case_07_Li2TeC2_cosine_seed9532,Li2TeC2,cosine,9532,45,0.178229,0.04439,0.371528,0.0,-0.435746,0.04439,-0.242448,-0.613976,-0.063643,0.125554,-0.367597,0.837043,8,8,8,8,8,5.320955,1.763608,4.807187,-6.700698,1.007515,1,7
case_07_Li2TeC2_cosine_seed9532,Li2TeC2,cosine,9532,46,0.178774,0.044845,0.396875,0.0,-0.435202,0.044845,-0.217101,-0.613976,-0.059943,0.126841,-0.280886,0.034111,8,8,8,8,8,5.333605,2.637192,2.825937,-7.10325,-1.522411,2,6
case_07_Li2TeC2_cosine_seed9532,Li2TeC2,cosine,9532,47,0.1786,0.029657,0.353039,0.083454,-0.435375,0.029657,-0.260936,-0.530522,-0.057111,0.083883,-0.271856,0.006978,8,8,8,7,8,5.325233,1.636374,2.617313,3.245074,-1.767752,0,8
case_07_Li2TeC2_cosine_seed9532,Li2TeC2,cosine,9532,48,0.212887,0.026658,0.337304,0.093788,-0.401088,0.026658,-0.276672,-0.520187,-0.021683,0.075399,-0.273036,0.407897,8,8,8,8,8,5.309988,2.958859,3.974167,11.041986,-3.423066,0,8
case_07_Li2TeC2_cosine_seed9532,Li2TeC2,cosine,9532,49,0.166171,0.049146,0.410968,0.0,-0.447805,0.049146,-0.203008,-0.613976,-0.064979,0.139007,-0.297747,0.255046,8,8,8,8,8,5.332307,1.739643,2.723637,-2.290264,-1.695006,1,7
case_07_Li2TeC2_cosine_seed9532,Li2TeC2,cosine,9532,50,0.235288,0.056075,0.520384,0.0,-0.378687,0.056075,-0.093592,-0.613976,0.003931,0.158603,-0.22354,0.246774,8,8,8,8,8,5.319684,2.252083,4.546044,-3.713775,-2.635748,1,7
case_07_Li2TeC2_cosine_seed9532,Li2TeC2,cosine,9532,51,0.295359,0.021409,0.385693,0.173601,-0.318616,0.021409,-0.228282,-0.440375,0.060802,0.060555,-0.165362,0.259596,8,8,8,8,8,5.324371,2.59294,5.664883,-6.433856,-3.801697,0,8
case_07_Li2TeC2_cosine_seed9532,Li2TeC2,cosine,9532,52,0.220577,0.045235,0.403539,0.08339,-0.393399,0.045235,-0.210437,-0.530585,-0.013281,0.127943,-0.225387,0.154793,8,8,8,7,8,5.317349,3.658119,4.535579,0.744082,-1.451242,0,8
case_07_Li2TeC2_cosine_seed9532,Li2TeC2,cosine,9532,53,0.171501,0.0399,0.34825,0.0,-0.442475,0.0399,-0.265725,-0.613976,-0.05924,0.112853,-0.256042,0.041542,8,8,8,8,8,5.326343,2.179464,3.972219,14.318075,-0.747166,1,7
case_07_Li2TeC2_cosine_seed9532,Li2TeC2,cosine,9532,54,0.212951,0.051678,0.445463,0.0,-0.401025,0.051678,-0.168513,-0.613976,-0.0169,0.146168,-0.254835,0.489864,8,8,8,8,8,5.334637,2.644606,5.504554,-9.866663,-0.469901,1,7
case_07_Li2TeC2_cosine_seed9532,Li2TeC2,cosine,9532,55,0.30469,0.048299,0.582427,0.119002,-0.309286,0.048299,-0.031549,-0.494974,0.071097,0.136611,-0.127766,0.134481,8,8,8,8,8,5.328094,2.807913,5.242966,4.178294,-3.822638,0,8
case_07_Li2TeC2_cosine_seed9532,Li2TeC2,cosine,9532,56,0.308074,0.039905,0.498131,0.079472,-0.305901,0.039905,-0.115844,-0.534504,0.070758,0.112868,-0.168192,0.576915,8,7,8,8,8,5.327575,2.971682,3.844598,-1.902745,-4.787808,0,8
case_07_Li2TeC2_cosine_seed9532,Li2TeC2,cosine,9532,57,0.157482,0.045046,0.414314,0.0,-0.456493,0.045046,-0.199661,-0.613976,-0.075843,0.127411,-0.28933,0.369251,8,8,8,8,8,5.332037,1.277001,5.311355,-10.486452,-1.125393,2,6
case_07_Li2TeC2_cosine_seed9532,Li2TeC2,cosine,9532,58,0.280851,0.044414,0.512231,0.064285,-0.333124,0.044414,-0.101744,-0.549691,0.04515,0.125621,-0.099238,-0.287162,8,8,8,8,8,5.323355,2.583512,3.350501,9.48461,-4.544307,0,8
case_07_Li2TeC2_cosine_seed9532,Li2TeC2,cosine,9532,59,0.317542,0.049453,0.521752,0.124439,-0.296434,0.049453,-0.092223,-0.489537,0.077748,0.139874,-0.166946,0.734228,8,8,8,8,8,5.336522,1.901431,4.812232,-0.745451,-3.879941,0,8
case_07_Li2TeC2_cosine_seed9532,Li2TeC2,cosine,9532,60,0.309257,0.034144,0.523907,0.157026,-0.304718,0.034144,-0.090069,-0.45695,0.065991,0.096574,-0.125636,0.218129,8,8,8,8,8,5.315555,2.548803,3.933472,-1.583357,-4.990285,0,8
case_07_Li2TeC2_cosine_seed9532,Li2TeC2,cosine,9532,61,0.278683,0.054555,0.502385,0.0,-0.335293,0.054555,-0.11159,-0.613976,0.033645,0.154306,-0.199709,0.674999,8,8,8,8,8,5.316674,4.609115,5.680983,-11.349073,-2.009273,1,7
case_07_Li2TeC2_cosine_seed9532,Li2TeC2,cosine,9532,62,0.202739,0.039249,0.357239,0.0,-0.411237,0.039249,-0.256736,-0.613976,-0.040184,0.111013,-0.217349,0.151697,8,8,8,8,8,5.329685,2.659854,3.844493,-5.526194,-2.316265,1,7
case_07_Li2TeC2_cosine_seed9532,Li2TeC2,cosine,9532,63,0.113062,0.033217,0.304143,0.0,-0.500914,0.033217,-0.309832,-0.613976,-0.123368,0.093952,-0.322113,0.394001,8,8,8,8,8,5.319413,2.273502,2.797427,3.223406,-0.58832,1,7
case_07_Li2TeC2_cosine_seed9532,Li2TeC2,cosine,9532,64,0.179743,0.049782,0.508927,0.0,-0.434233,0.049782,-0.105049,-0.613976,-0.053852,0.140805,-0.161194,-0.481286,8,8,8,8,8,5.32054,2.218515,4.029214,23.413986,-2.165886,1,7
case_07_Li2TeC2_cosine_seed9532,Li2TeC2,cosine,9532,65,0.327892,0.051456,0.542682,0.09941,-0.286083,0.051456,-0.071293,-0.514565,0.089582,0.145539,-0.043315,-0.215788,8,7,8,8,8,5.717712,1.704675,4.342313,-11.632426,-4.893166,0,8
case_07_Li2TeC2_cosine_seed9532,Li2TeC2,cosine,9532,66,0.250676,0.04073,0.44582,0.056387,-0.3633,0.04073,-0.168156,-0.557588,0.011748,0.115202,-0.16815,0.284021,8,8,7,8,8,5.3059,3.635744,4.555042,-9.837821,-3.177451,0,8
case_07_Li2TeC2_cosine_seed9532,Li2TeC2,cosine,9532,67,0.188448,0.033589,0.302869,0.016178,-0.425528,0.033589,-0.311106,-0.597798,-0.047957,0.095004,-0.221216,0.257361,8,8,7,8,8,5.306794,1.684186,2.288287,6.058442,-2.982804,0,8
case_07_Li2TeC2_cosine_seed9532,Li2TeC2,cosine,9532,68,0.161934,0.040398,0.318722,0.0,-0.452041,0.040398,-0.295254,-0.613976,-0.070747,0.114261,-0.173586,-0.415318,8,8,8,8,8,5.325808,2.676534,3.448619,1.469484,-0.522282,2,6
case_07_Li2TeC2_cosine_seed9532,Li2TeC2,cosine,9532,69,0.124355,0.038528,0.35577,0.0,-0.48962,0.038528,-0.258205,-0.613976,-0.102909,0.108972,-0.220331,-0.229612,8,8,8,8,8,5.324928,3.119481,3.378907,-5.939177,0.214377,2,7
case_07_Li2TeC2_cosine_seed9532,Li2TeC2,cosine,9532,70,0.194971,0.041926,0.353827,0.0,-0.419004,0.041926,-0.260149,-0.613976,-0.030679,0.118585,-0.146861,-0.22136,8,8,8,8,8,5.316161,2.030409,3.881579,-5.47857,-0.952946,1,7
case_07_Li2TeC2_cosine_seed9532,Li2TeC2,cosine,9532,71,0.181787,0.03951,0.347819,0.00977,-0.432189,0.03951,-0.266156,-0.604205,-0.04167,0.111751,-0.190824,0.143269,8,8,8,7,8,5.321961,1.80922,2.106078,1.816935,-2.323343,0,8
case_07_Li2TeC2_cosine_seed9532,Li2TeC2,cosine,9532,72,0.255809,0.046506,0.479255,0.061655,-0.358166,0.046506,-0.134721,-0.55232,0.030735,0.131538,-0.088883,-0.113104,8,8,8,8,8,5.328356,2.44656,5.578769,1.355198,-2.018974,0,8
case_07_Li2TeC2_cosine_seed9532,Li2TeC2,cosine,9532,73,0.274398,0.052198,0.472212,0.040415,-0.339577,0.052198,-0.141763,-0.573561,0.046858,0.147639,-0.053105,-0.274082,8,7,8,8,8,5.325616,3.042202,2.593587,-2.914955,-2.273914,0,8
case_07_Li2TeC2_cosine_seed9532,Li2TeC2,cosine,9532,74,0.242182,0.040507,0.405973,0.052632,-0.371793,0.040507,-0.208003,-0.561344,0.01391,0.11457,-0.091516,-0.182112,8,8,8,8,8,5.31305,2.631536,5.512275,-8.48861,-3.41694,0,8
case_07_Li2TeC2_cosine_seed9532,Li2TeC2,cosine,9532,75,0.212704,0.043087,0.370118,0.052096,-0.401271,0.043087,-0.243858,-0.561879,-0.01479,0.121867,-0.114179,-0.217041,8,7,8,8,8,5.585177,3.421502,4.463336,-8.565501,-2.122128,0,8
case_07_Li2TeC2_cosine_seed9532,Li2TeC2,cosine,9532,76,0.223998,0.03298,0.381973,0.1037,-0.389978,0.03298,-0.232002,-0.510276,-0.003322,0.093283,-0.139954,0.196356,8,8,6,8,8,5.333939,0.49388,4.70682,16.481197,-2.772326,0,8
case_07_Li2TeC2_cosine_seed9532,Li2TeC2,cosine,9532,77,0.198867,0.039611,0.37312,0.057337,-0.415108,0.039611,-0.240855,-0.556638,-0.02703,0.112037,-0.158402,0.184278,8,8,8,6,8,5.311763,1.673185,2.999218,0.419796,-3.06762,0,8
case_07_Li2TeC2_cosine_seed9532,Li2TeC2,cosine,9532,78,0.152135,0.025659,0.259094,0.020243,-0.46184,0.025659,-0.354882,-0.593732,-0.070074,0.072575,-0.196494,0.170173,8,8,8,6,8,5.310067,2.672818,1.981954,-0.958075,-1.676282,0,8
case_07_Li2TeC2_cosine_seed9532,Li2TeC2,cosine,9532,79,0.203912,0.049128,0.457386,0.0,-0.410063,0.049128,-0.15659,-0.613976,-0.017382,0.138955,-0.141221,0.169165,8,7,8,8,8,5.320481,2.442497,5.08718,-5.345018,-3.233763,1,7
case_07_Li2TeC2_cosine_seed9532,Li2TeC2,cosine,9532,80,0.210699,0.042724,0.425429,0.01671,-0.403277,0.042724,-0.188546,-0.597265,-0.010066,0.120843,-0.132423,0.176497,8,8,8,8,8,5.313023,1.449549,3.604564,0.453082,-2.076437,0,8
case_07_Li2TeC2_cosine_seed9532,Li2TeC2,cosine,9532,81,0.191575,0.032831,0.300123,0.034451,-0.422401,0.032831,-0.313852,-0.579525,-0.02773,0.09286,-0.130175,0.014146,8,8,8,7,8,5.323748,1.746772,3.203568,2.112459,-2.205238,0,8
case_07_Li2TeC2_cosine_seed9532,Li2TeC2,cosine,9532,82,0.20193,0.038175,0.388412,0.073904,-0.412046,0.038175,-0.225564,-0.540072,-0.016506,0.107976,-0.134574,0.207733,8,8,8,8,8,5.322724,2.960227,5.865729,1.109885,-1.891734,0,8
case_07_Li2TeC2_cosine_seed9532,Li2TeC2,cosine,9532,83,0.236644,0.040964,0.379392,0.065505,-0.377331,0.040964,-0.234584,-0.54847,0.017298,0.115864,-0.11832,0.406626,8,7,8,8,8,5.320489,2.547767,2.606873,12.707879,-3.048131,0,8
case_07_Li2TeC2_cosine_seed9532,Li2TeC2,cosine,9532,84,0.252887,0.047286,0.468892,0.06383,-0.361089,0.047286,-0.145083,-0.550146,0.031863,0.133746,-0.151617,0.921015,8,8,8,8,8,5.324203,2.668432,5.475471,-5.556823,-3.241293,0,8
case_07_Li2TeC2_cosine_seed9532,Li2TeC2,cosine,9532,85,0.148416,0.042358,0.358233,0.0,-0.46556,0.042358,-0.255743,-0.613976,-0.068977,0.119807,-0.175317,0.140919,8,8,8,7,8,5.311839,1.802473,4.506472,1.640614,-0.84508,2,6
case_07_Li2TeC2_cosine_seed9532,Li2TeC2,cosine,9532,86,0.217457,0.055955,0.383397,0.0,-0.396519,0.055955,-0.230578,-0.613976,6.1e-05,0.158265,-0.112794,0.241594,8,8,8,8,8,5.303944,2.376681,3.828811,-5.858362,-2.662741,2,6
case_07_Li2TeC2_cosine_seed9532,Li2TeC2,cosine,9532,87,0.235921,0.056454,0.580616,0.024043,-0.378055,0.056454,-0.033359,-0.589932,0.017598,0.159675,-0.065035,-0.023288,8,7,8,8,8,5.324756,1.906297,3.798473,-6.772949,-2.590246,0,8
case_07_Li2TeC2_cosine_seed9532,Li2TeC2,cosine,9532,88,0.20142,0.044875,0.388539,0.050272,-0.412556,0.044875,-0.225436,-0.563703,-0.016057,0.126927,-0.136279,0.390572,8,8,8,8,8,5.579056,2.934535,3.266098,-7.14158,-2.57004,0,8
case_07_Li2TeC2_cosine_seed9532,Li2TeC2,cosine,9532,89,0.287975,0.022791,0.355832,0.138788,-0.326,0.022791,-0.258143,-0.475187,0.066973,0.064463,-0.052929,0.410223,8,8,8,8,8,5.32907,1.939645,3.18618,-0.17855,-3.90583,0,8
case_07_Li2TeC2_cosine_seed9532,Li2TeC2,cosine,9532,90,0.209506,0.036023,0.387445,0.043993,-0.404469,0.036023,-0.226531,-0.569982,-0.010921,0.101888,-0.131786,0.431329,8,8,7,8,8,5.321305,1.345857,4.068934,2.390284,-1.483902,0,8
case_07_Li2TeC2_cosine_seed9532,Li2TeC2,cosine,9532,91,0.167899,0.038186,0.364068,0.013787,-0.446077,0.038186,-0.249907,-0.600189,-0.049902,0.108007,-0.066716,-0.578389,8,8,8,7,8,5.318409,1.432259,3.891,0.375375,-1.571724,0,8
case_07_Li2TeC2_cosine_seed9532,Li2TeC2,cosine,9532,92,0.177207,0.039426,0.348106,0.0,-0.436769,0.039426,-0.265869,-0.613976,-0.038564,0.111512,-0.264508,1.55986,8,8,7,7,7,5.324033,1.319982,3.515189,-5.699595,-1.888088,1,8
case_07_Li2TeC2_cosine_seed9532,Li2TeC2,cosine,9532,93,0.220095,0.024114,0.342956,0.123936,-0.393881,0.024114,-0.271019,-0.490039,0.004107,0.068204,-0.079851,0.155251,8,8,8,8,8,5.31445,2.255509,3.98583,-8.642679,-2.426705,0,8
case_07_Li2TeC2_cosine_seed9532,Li2TeC2,cosine,9532,94,0.144002,0.032625,0.270066,0.015112,-0.469974,0.032625,-0.34391,-0.598863,-0.068387,0.092276,-0.185532,0.504236,8,8,8,7,8,5.325371,2.862885,2.402608,-2.061517,-1.785393,0,8
case_07_Li2TeC2_cosine_seed9532,Li2TeC2,cosine,9532,95,0.224689,0.032767,0.399536,0.113832,-0.389287,0.032767,-0.214439,-0.500143,0.011685,0.092678,-0.086074,0.33551,8,8,7,6,8,5.317576,1.296411,3.208442,-5.480188,-3.351484,0,8
case_07_Li2TeC2_cosine_seed9532,Li2TeC2,cosine,9532,96,0.273126,0.051505,0.448018,0.01886,-0.340849,0.051505,-0.165957,-0.595115,0.057117,0.145678,-0.030554,0.251347,8,8,8,8,8,5.342211,2.301692,4.829819,-7.42109,-2.373644,0,8
case_07_Li2TeC2_cosine_seed9532,Li2TeC2,cosine,9532,97,0.167018,0.02997,0.25331,0.0,-0.446957,0.02997,-0.360666,-0.613976,-0.046542,0.084769,-0.144355,0.386501,8,8,8,8,8,5.324791,2.546246,3.861947,0.933294,-2.35188,1,7
case_07_Li2TeC2_cosine_seed9532,Li2TeC2,cosine,9532,98,0.244964,0.046918,0.498765,0.057267,-0.369011,0.046918,-0.11521,-0.556708,0.029834,0.132704,-0.027702,-0.001967,8,8,8,7,8,5.33041,2.401931,2.638742,8.822844,-3.216755,0,8
case_07_Li2TeC2_cosine_seed9532,Li2TeC2,cosine,9532,99,0.22327,0.034755,0.34111,0.050108,-0.390705,0.034755,-0.272866,-0.563868,0.007733,0.098302,-0.020196,-0.27231,8,8,8,5,8,5.321724,2.200095,2.220767,-1.350474,-3.587687,0,8
case_07_Li2TeC2_cosine_seed9532,Li2TeC2,cosine,9532,100,0.286838,0.034151,0.470665,0.101165,-0.327137,0.034151,-0.143311,-0.512811,0.067736,0.096593,-0.036439,0.519494,8,7,7,7,8,5.301962,1.900741,5.399598,13.734555,-3.495578,0,8
case_07_Li2TeC2_peak_seed9532,Li2TeC2,peak,9532,1,0.224218,0.070369,0.51441,0.0,-0.290193,0.070369,0.0,-0.51441,0.0,0.199035,-4.815776,-0.00125,8,8,8,8,8,5.309997,2.446096,4.048986,13.383279,-0.449775,3,8
case_07_Li2TeC2_peak_seed9532,Li2TeC2,peak,9532,2,0.38954,0.069416,0.599479,0.0,-0.209938,0.069416,0.0,-0.599479,0.076241,0.196337,-4.614442,0.071086,8,8,8,8,8,5.300953,2.72205,2.934215,-2.0955,-3.787509,1,8
case_07_Li2TeC2_peak_seed9532,Li2TeC2,peak,9532,3,0.348951,0.055119,0.518606,0.0,-0.250528,0.055119,-0.080872,-0.599479,0.033869,0.155899,-4.579677,0.283099,8,8,8,8,8,5.34114,1.631688,3.977644,-4.316327,-4.515432,1,7
case_07_Li2TeC2_peak_seed9532,Li2TeC2,peak,9532,4,0.293347,0.047952,0.435871,0.0,-0.306131,0.047952,-0.163608,-0.599479,-0.020647,0.13563,-4.544775,0.083085,8,8,8,8,8,5.335188,2.097786,4.716427,15.420194,-1.82016,1,8
case_07_Li2TeC2_peak_seed9532,Li2TeC2,peak,9532,5,0.369861,0.032075,0.500445,0.216615,-0.229618,0.032075,-0.099034,-0.382864,0.053073,0.090722,-4.409686,-0.038292,8,8,8,8,8,5.331878,2.201789,3.967775,-0.461196,-4.033086,0,8
case_07_Li2TeC2_peak_seed9532,Li2TeC2,peak,9532,6,0.316016,0.052931,0.507784,0.0,-0.283462,0.052931,-0.091695,-0.599479,-0.000733,0.14971,-4.451753,0.246254,8,8,7,8,8,5.321886,2.933679,4.886008,-10.90254,0.241525,1,7
case_07_Li2TeC2_peak_seed9532,Li2TeC2,peak,9532,7,0.261976,0.046789,0.454056,0.0,-0.337503,0.046789,-0.145423,-0.599479,-0.052035,0.13234,-4.481995,0.374604,8,8,7,8,8,5.327898,2.561451,4.597907,-9.7746,-2.003715,1,7
case_07_Li2TeC2_peak_seed9532,Li2TeC2,peak,9532,8,0.324548,0.059576,0.636095,0.0,-0.311547,0.059576,0.0,-0.636095,-0.024775,0.168505,-4.40578,0.223266,8,8,8,7,8,5.332174,2.655313,2.734399,5.011442,-2.873989,1,8
case_07_Li2TeC2_peak_seed9532,Li2TeC2,peak,9532,9,0.35864,0.037949,0.533746,0.145375,-0.277455,0.037949,-0.102349,-0.49072,0.008851,0.107337,-4.372814,0.637715,8,8,8,8,8,5.322668,3.651072,4.064926,-1.532658,-2.617452,0,8
case_07_Li2TeC2_peak_seed9532,Li2TeC2,peak,9532,10,0.271536,0.064061,0.474933,0.0,-0.364559,0.064061,-0.161162,-0.636095,-0.074341,0.181192,-4.446045,0.907004,8,8,8,8,8,5.318326,2.922193,3.91035,-6.741201,-3.013109,2,7
case_07_Li2TeC2_peak_seed9532,Li2TeC2,peak,9532,11,0.340773,0.053276,0.503712,0.0,-0.295322,0.053276,-0.132383,-0.636095,-0.004848,0.150688,-4.379253,1.297004,8,8,8,8,8,5.315276,1.841766,6.145844,-4.569304,-4.906756,1,8
case_07_Li2TeC2_peak_seed9532,Li2TeC2,peak,9532,12,0.187648,0.069586,0.488161,0.0,-0.448447,0.069586,-0.147934,-0.636095,-0.150075,0.196819,-4.381013,0.195936,8,8,7,8,8,5.316448,1.562005,5.032303,14.016627,-1.828858,4,7
case_07_Li2TeC2_peak_seed9532,Li2TeC2,peak,9532,13,0.311963,0.052414,0.542077,0.0,-0.324132,0.052414,-0.094018,-0.636095,-0.024471,0.148248,-4.241836,0.331513,8,8,8,7,8,5.327869,2.696104,3.344315,-3.480677,-1.400728,1,7
case_07_Li2TeC2_peak_seed9532,Li2TeC2,peak,9532,14,0.320878,0.049029,0.638137,0.160611,-0.317258,0.049029,0.0,-0.477526,-0.016718,0.138676,-4.203019,0.271994,8,7,7,7,7,5.312973,2.504228,3.473511,17.044086,-2.579169,0,8
case_07_Li2TeC2_peak_seed9532,Li2TeC2,peak,9532,15,0.294606,0.064994,0.491036,0.0,-0.343531,0.064994,-0.1471,-0.638137,-0.040841,0.183831,-4.195957,0.184468,8,8,8,8,8,5.323794,1.239916,2.763116,18.596962,-2.341539,2,8
case_07_Li2TeC2_peak_seed9532,Li2TeC2,peak,9532,16,0.272574,0.045607,0.449174,0.0,-0.365563,0.045607,-0.188962,-0.638137,-0.059729,0.128995,-4.168444,-0.075142,8,8,8,8,8,5.328047,2.678879,2.681066,-4.121751,-1.445061,1,8
case_07_Li2TeC2_peak_seed9532,Li2TeC2,peak,9532,17,0.341246,0.057935,0.644495,0.0,-0.303249,0.057935,0.0,-0.644495,0.002455,0.163866,-4.182005,0.905116,8,7,8,8,8,5.310829,2.566767,3.463549,-8.041203,-1.909887,1,7
case_07_Li2TeC2_peak_seed9532,Li2TeC2,peak,9532,18,0.272061,0.06957,0.574903,0.0,-0.372434,0.06957,-0.069592,-0.644495,-0.063393,0.196774,-4.164686,0.289624,8,8,8,7,8,5.340473,2.417874,3.348674,0.47723,-2.184962,2,6
case_07_Li2TeC2_peak_seed9532,Li2TeC2,peak,9532,19,0.337668,0.026685,0.476096,0.235419,-0.306827,0.026685,-0.168399,-0.409076,0.002103,0.075475,-4.157036,1.091027,8,8,8,8,8,5.304787,1.86799,4.63093,-1.362512,-4.067342,0,8
case_07_Li2TeC2_peak_seed9532,Li2TeC2,peak,9532,20,0.266793,0.06618,0.522456,0.0,-0.377703,0.06618,-0.122039,-0.644495,-0.065334,0.187186,-4.076587,-0.133495,8,8,8,8,8,5.319951,2.234088,3.467424,18.57962,-3.143599,2,7
case_07_Li2TeC2_peak_seed9532,Li2TeC2,peak,9532,21,0.381531,0.072059,0.772909,0.0,-0.391378,0.072059,0.0,-0.772909,-0.075059,0.203813,-4.065033,-0.120374,8,8,8,8,8,5.311726,3.437393,6.178435,-11.155376,-2.713388,1,7
case_07_Li2TeC2_peak_seed9532,Li2TeC2,peak,9532,22,0.245479,0.060225,0.411367,0.0,-0.52743,0.060225,-0.361542,-0.772909,-0.200556,0.170341,-4.171307,-0.058052,8,8,8,8,8,5.322181,2.221838,3.604449,5.815626,-0.987908,2,7
case_07_Li2TeC2_peak_seed9532,Li2TeC2,peak,9532,23,0.193996,0.057209,0.393984,0.0,-0.578913,0.057209,-0.378925,-0.772909,-0.239436,0.161813,-4.193151,0.005714,8,8,8,8,8,5.341272,2.21907,3.141946,-10.952904,-0.747486,3,6
case_07_Li2TeC2_peak_seed9532,Li2TeC2,peak,9532,24,0.251604,0.07093,0.471179,0.0,-0.521305,0.07093,-0.30173,-0.772909,-0.172737,0.20062,-4.115557,0.097271,8,7,7,6,7,5.31885,1.703689,2.93655,-2.875017,-0.529114,3,6
case_07_Li2TeC2_peak_seed9532,Li2TeC2,peak,9532,25,0.280748,0.068473,0.516775,0.0,-0.492161,0.068473,-0.256134,-0.772909,-0.136413,0.19367,-4.048285,1.7e-05,8,8,8,8,8,5.321273,2.553709,3.637284,4.739242,-2.748406,2,8
case_07_Li2TeC2_peak_seed9532,Li2TeC2,peak,9532,26,0.268124,0.058802,0.432865,0.0,-0.504785,0.058802,-0.340044,-0.772909,-0.141586,0.166316,-4.050575,0.163096,8,7,8,8,8,5.321436,2.158693,3.766737,-1.373901,-0.120789,2,7
case_07_Li2TeC2_peak_seed9532,Li2TeC2,peak,9532,27,0.414594,0.038294,0.553996,0.217242,-0.358315,0.038294,-0.218913,-0.555667,0.00464,0.108311,-3.933136,0.644896,8,8,8,7,8,5.319595,2.356037,4.661155,14.618711,-3.81365,0,8
case_07_Li2TeC2_peak_seed9532,Li2TeC2,peak,9532,28,0.312616,0.053001,0.540547,0.0,-0.460293,0.053001,-0.232362,-0.772909,-0.092471,0.14991,-3.954006,0.081649,8,8,8,6,8,5.332785,2.515981,4.098115,-1.215876,-2.541777,1,7
case_07_Li2TeC2_peak_seed9532,Li2TeC2,peak,9532,29,0.273715,0.048628,0.4719,0.0,-0.499195,0.048628,-0.301009,-0.772909,-0.124804,0.137539,-4.019364,0.593368,8,8,7,6,7,5.313061,0.974627,1.986349,-4.891507,-2.000668,1,8
case_07_Li2TeC2_peak_seed9532,Li2TeC2,peak,9532,30,0.365558,0.061071,0.657983,0.0,-0.407351,0.061071,-0.114926,-0.772909,-0.031312,0.172736,-3.889564,0.414328,8,7,8,8,8,5.308653,2.36386,4.230459,-4.31592,-3.038528,1,8
case_07_Li2TeC2_peak_seed9532,Li2TeC2,peak,9532,31,0.352936,0.06563,0.553041,0.0,-0.419973,0.06563,-0.219868,-0.772909,-0.041737,0.185629,-3.874199,0.345466,8,8,8,7,8,5.309527,1.670274,5.414315,-7.307887,-2.059817,1,7
case_07_Li2TeC2_peak_seed9532,Li2TeC2,peak,9532,32,0.257032,0.044795,0.391284,0.0,-0.515877,0.044795,-0.381625,-0.772909,-0.130759,0.1267,-3.968449,0.583242,8,8,8,8,8,5.33651,3.094605,3.103056,-6.706175,-0.722499,1,7
case_07_Li2TeC2_peak_seed9532,Li2TeC2,peak,9532,33,0.296925,0.050476,0.520364,0.0,-0.475984,0.050476,-0.252545,-0.772909,-0.086323,0.142768,-3.853934,0.045421,8,8,8,8,8,5.333826,3.346375,4.066588,-6.418004,-1.952616,1,8
case_07_Li2TeC2_peak_seed9532,Li2TeC2,peak,9532,34,0.308814,0.047643,0.474706,0.0,-0.464095,0.047643,-0.298203,-0.772909,-0.070712,0.134754,-3.900775,0.845847,8,8,8,8,8,5.325938,2.846941,5.019992,-0.641356,-0.750791,1,7
case_07_Li2TeC2_peak_seed9532,Li2TeC2,peak,9532,35,0.364047,0.045594,0.546435,0.126304,-0.408862,0.045594,-0.226474,-0.646605,-0.014705,0.128959,-3.757922,0.152203,8,8,8,8,8,5.579244,1.159361,2.575845,-6.515199,-1.838433,0,8
case_07_Li2TeC2_peak_seed9532,Li2TeC2,peak,9532,36,0.186696,0.066688,0.423024,0.0,-0.586213,0.066688,-0.349885,-0.772909,-0.182454,0.188621,-3.972007,0.756073,8,8,8,7,8,5.310649,1.109912,2.894732,6.252125,-0.153437,4,7
case_07_Li2TeC2_peak_seed9532,Li2TeC2,peak,9532,37,0.341835,0.061006,0.594376,0.0,-0.431074,0.061006,-0.178533,-0.772909,-0.025949,0.172551,-3.723872,-0.021188,8,8,8,8,8,5.3243,2.502716,3.202147,-4.692353,0.185519,1,8
case_07_Li2TeC2_peak_seed9532,Li2TeC2,peak,9532,38,0.239684,0.076252,0.561012,0.0,-0.533225,0.076252,-0.211897,-0.772909,-0.121695,0.215673,-3.83356,0.247691,8,8,8,8,8,5.569583,1.617962,3.557723,-2.831795,-2.396409,3,7
case_07_Li2TeC2_peak_seed9532,Li2TeC2,peak,9532,39,0.333402,0.064692,0.540514,0.0,-0.439507,0.064692,-0.232395,-0.772909,-0.026578,0.182977,-3.705138,0.050736,8,8,8,8,8,5.310136,2.164447,5.801026,-6.679302,-0.811072,1,8
case_07_Li2TeC2_peak_seed9532,Li2TeC2,peak,9532,40,0.207291,0.065156,0.509257,0.0,-0.565619,0.065156,-0.263652,-0.772909,-0.145055,0.184289,-3.827546,0.241816,8,8,8,8,8,5.323603,2.672271,3.062384,-7.699423,0.854716,3,6
case_07_Li2TeC2_peak_seed9532,Li2TeC2,peak,9532,41,0.201746,0.078355,0.596945,0.0,-0.571163,0.078355,-0.175964,-0.772909,-0.14307,0.221621,-3.845816,0.601564,8,8,8,8,8,5.306052,3.446793,4.053297,-0.629501,-1.87617,4,6
case_07_Li2TeC2_peak_seed9532,Li2TeC2,peak,9532,42,0.378983,0.034606,0.523715,0.217268,-0.393926,0.034606,-0.249194,-0.555641,0.032459,0.097879,-3.658139,0.611914,8,8,8,8,8,5.3102,2.503454,3.847903,10.387499,-2.768993,0,8
case_07_Li2TeC2_peak_seed9532,Li2TeC2,peak,9532,43,0.36279,0.065572,0.603636,0.0,-0.410119,0.065572,-0.169273,-0.772909,0.015453,0.185466,-3.645898,0.470221,8,8,7,8,8,5.328763,2.03071,4.98563,-12.557018,-0.884568,1,7
case_07_Li2TeC2_peak_seed9532,Li2TeC2,peak,9532,44,0.366741,0.05753,0.588958,0.0,-0.406168,0.05753,-0.183951,-0.772909,0.018434,0.16272,-3.609042,0.287338,8,8,8,8,8,5.322321,2.988193,4.311453,-8.190275,-3.302475,1,7
case_07_Li2TeC2_peak_seed9532,Li2TeC2,peak,9532,45,0.316374,0.078553,0.631346,0.0,-0.456535,0.078553,-0.141563,-0.772909,-0.030337,0.222182,-3.660504,0.421417,8,8,8,7,8,5.321048,2.509687,6.383595,-4.470763,-1.12888,2,7
case_07_Li2TeC2_peak_seed9532,Li2TeC2,peak,9532,46,0.232797,0.074766,0.573454,0.0,-0.540112,0.074766,-0.199455,-0.772909,-0.108218,0.21147,-3.694723,0.114742,8,8,8,8,8,5.333569,2.566413,3.680864,-7.235378,-1.474805,3,5
case_07_Li2TeC2_peak_seed9532,Li2TeC2,peak,9532,47,0.298088,0.043938,0.515035,0.151426,-0.474821,0.043938,-0.257874,-0.621483,-0.040781,0.124277,-3.610645,0.094127,8,8,8,6,8,5.325266,1.661183,2.865547,3.199095,-1.924038,0,8
case_07_Li2TeC2_peak_seed9532,Li2TeC2,peak,9532,48,0.384087,0.044659,0.605582,0.22425,-0.388822,0.044659,-0.167327,-0.54866,0.042957,0.126315,-3.57616,0.743575,8,8,8,8,8,5.309864,3.252542,3.915694,10.729072,-3.494045,0,8
case_07_Li2TeC2_peak_seed9532,Li2TeC2,peak,9532,49,0.209752,0.060937,0.433705,0.0,-0.563157,0.060937,-0.339204,-0.772909,-0.124808,0.172355,-3.687201,0.342089,8,8,7,8,8,5.332357,1.702311,2.992118,-3.417532,-1.387377,3,7
case_07_Li2TeC2_peak_seed9532,Li2TeC2,peak,9532,50,0.307985,0.065286,0.478191,0.0,-0.464924,0.065286,-0.294718,-0.772909,-0.025247,0.184656,-3.543329,0.058859,8,8,8,8,8,5.319707,2.292789,4.112947,-5.058174,-2.608543,2,7
case_07_Li2TeC2_peak_seed9532,Li2TeC2,peak,9532,51,0.38261,0.019402,0.48233,0.313133,-0.390299,0.019402,-0.290579,-0.459776,0.046909,0.054878,-3.513787,0.655662,8,8,8,8,8,5.3243,3.038466,5.917127,-10.040264,-4.009627,0,8
case_07_Li2TeC2_peak_seed9532,Li2TeC2,peak,9532,52,0.298189,0.034409,0.431121,0.147182,-0.47472,0.034409,-0.341788,-0.625727,-0.035637,0.097322,-3.620485,1.066627,8,8,8,7,8,5.317276,3.132115,2.33195,-4.11056,-1.608685,0,8
case_07_Li2TeC2_peak_seed9532,Li2TeC2,peak,9532,53,0.303276,0.046946,0.458539,0.0,-0.469633,0.046946,-0.31437,-0.772909,-0.029022,0.132784,-3.581309,0.915537,8,8,8,8,8,5.326345,2.170753,4.12169,17.023811,-1.124435,1,7
case_07_Li2TeC2_peak_seed9532,Li2TeC2,peak,9532,54,0.331498,0.059148,0.620516,0.0,-0.441411,0.059148,-0.152393,-0.772909,-0.00076,0.167296,-3.577235,1.29272,8,8,8,8,8,5.334731,2.196933,4.495126,-8.006039,-0.520262,1,7
case_07_Li2TeC2_peak_seed9532,Li2TeC2,peak,9532,55,0.429518,0.03809,0.624372,0.272035,-0.343391,0.03809,-0.148537,-0.500874,0.092397,0.107736,-3.381011,0.399806,8,8,8,8,8,5.32811,2.352191,6.172175,1.075909,-4.191178,0,8
case_07_Li2TeC2_peak_seed9532,Li2TeC2,peak,9532,56,0.390316,0.028307,0.525683,0.271161,-0.382593,0.028307,-0.247226,-0.501748,0.050535,0.080064,-3.402913,0.341362,8,7,8,8,8,5.327534,2.441799,5.081159,-2.996281,-4.051312,0,8
case_07_Li2TeC2_peak_seed9532,Li2TeC2,peak,9532,57,0.285516,0.053315,0.451357,0.0,-0.487393,0.053315,-0.321552,-0.772909,-0.051551,0.150798,-3.507905,0.51539,8,8,8,8,8,5.332169,1.614388,6.163741,-6.93345,-2.568241,1,7
case_07_Li2TeC2_peak_seed9532,Li2TeC2,peak,9532,58,0.359402,0.036084,0.477072,0.153055,-0.413507,0.036084,-0.295837,-0.619854,0.021218,0.102062,-3.410041,0.411735,8,8,8,7,8,5.323523,2.593175,4.170422,10.282748,-4.192679,0,8
case_07_Li2TeC2_peak_seed9532,Li2TeC2,peak,9532,59,0.433359,0.030169,0.54262,0.263376,-0.33955,0.030169,-0.230289,-0.509533,0.090416,0.08533,-3.351311,0.673963,8,8,8,8,8,5.336597,1.888689,4.673027,-3.920082,-4.526755,0,8
case_07_Li2TeC2_peak_seed9532,Li2TeC2,peak,9532,60,0.370749,0.063789,0.61434,0.0,-0.40216,0.063789,-0.158569,-0.772909,0.026416,0.180424,-3.344288,0.109905,8,8,8,8,8,5.315509,2.751445,5.112856,3.964923,-4.151679,1,8
case_07_Li2TeC2_peak_seed9532,Li2TeC2,peak,9532,61,0.305185,0.074923,0.689563,0.0,-0.467724,0.074923,-0.083346,-0.772909,-0.03719,0.211913,-3.47471,0.922692,8,8,8,8,8,5.316679,4.637295,5.055244,-9.25695,-1.97007,2,7
case_07_Li2TeC2_peak_seed9532,Li2TeC2,peak,9532,62,0.27195,0.047251,0.450159,0.0,-0.500959,0.047251,-0.32275,-0.772909,-0.066904,0.133645,-3.438628,0.411152,8,8,8,8,8,5.329694,2.594858,3.974318,-5.663504,-2.130448,1,7
case_07_Li2TeC2_peak_seed9532,Li2TeC2,peak,9532,63,0.186781,0.070236,0.534601,0.0,-0.586128,0.070236,-0.238308,-0.772909,-0.14447,0.198658,-3.509374,0.484912,8,8,8,8,8,5.319485,2.391884,3.262097,7.028447,-0.72959,4,6
case_07_Li2TeC2_peak_seed9532,Li2TeC2,peak,9532,64,0.271863,0.050058,0.532909,0.0,-0.501046,0.050058,-0.24,-0.772909,-0.056418,0.141585,-3.291471,-0.674106,8,8,8,8,8,5.320596,2.277995,4.221848,22.942444,-2.227784,1,7
case_07_Li2TeC2_peak_seed9532,Li2TeC2,peak,9532,65,0.373328,0.044769,0.514053,0.133459,-0.399581,0.044769,-0.258857,-0.63945,0.042794,0.126626,-3.285254,0.389145,8,7,8,8,8,5.717981,1.839805,3.889932,-10.2017,-4.81204,0,8
case_07_Li2TeC2_peak_seed9532,Li2TeC2,peak,9532,66,0.377805,0.020453,0.497454,0.311356,-0.395104,0.020453,-0.275456,-0.461553,0.044907,0.057849,-3.276143,0.467325,8,8,8,8,8,5.305797,3.873742,4.584309,-12.217323,-3.712306,0,8
case_07_Li2TeC2_peak_seed9532,Li2TeC2,peak,9532,67,0.330702,0.054873,0.474336,0.0,-0.442207,0.054873,-0.298573,-0.772909,-0.002085,0.155205,-3.256228,-0.043454,8,8,8,8,8,5.306721,2.551116,3.512685,6.840201,-3.39391,1,8
case_07_Li2TeC2_peak_seed9532,Li2TeC2,peak,9532,68,0.257121,0.054515,0.420873,0.0,-0.515788,0.054515,-0.352036,-0.772909,-0.071884,0.154192,-3.300055,-0.149582,8,8,8,8,8,5.325837,2.942413,3.691597,1.245283,-0.464179,2,7
case_07_Li2TeC2_peak_seed9532,Li2TeC2,peak,9532,69,0.205017,0.048652,0.417789,0.0,-0.567892,0.048652,-0.35512,-0.772909,-0.117788,0.13761,-3.515736,1.797705,8,8,8,8,8,5.325023,2.70199,3.370347,-7.582901,-0.171353,2,7
case_07_Li2TeC2_peak_seed9532,Li2TeC2,peak,9532,70,0.278566,0.048918,0.503835,0.0,-0.494343,0.048918,-0.269074,-0.772909,-0.042027,0.138362,-3.293485,0.398557,8,8,8,8,8,5.316091,2.01349,3.964343,-8.983791,-1.102919,1,7
case_07_Li2TeC2_peak_seed9532,Li2TeC2,peak,9532,71,0.283797,0.065718,0.507108,0.0,-0.489112,0.065718,-0.265801,-0.772909,-0.034956,0.185878,-3.268602,0.356208,8,8,8,7,8,5.322012,1.768519,1.951777,2.274237,-2.438386,2,8
case_07_Li2TeC2_peak_seed9532,Li2TeC2,peak,9532,72,0.422652,0.047285,0.642022,0.224579,-0.350257,0.047285,-0.130887,-0.54833,0.098704,0.133741,-3.11078,0.25639,8,8,8,8,8,5.328306,2.373934,5.471178,0.583292,-2.138868,0,8
case_07_Li2TeC2_peak_seed9532,Li2TeC2,peak,9532,73,0.330244,0.056238,0.481605,0.0,-0.442665,0.056238,-0.291304,-0.772909,0.005981,0.159066,-3.105314,-0.567468,8,7,8,8,8,5.325861,2.748791,3.243182,-2.301293,-2.398668,1,8
case_07_Li2TeC2_peak_seed9532,Li2TeC2,peak,9532,74,0.364416,0.026189,0.479351,0.282636,-0.408493,0.026189,-0.293558,-0.490273,0.038145,0.074074,-3.233139,1.171511,8,8,8,8,8,5.313027,2.169936,5.112689,-5.251214,-3.987338,0,8
case_07_Li2TeC2_peak_seed9532,Li2TeC2,peak,9532,75,0.354415,0.075453,0.579356,0.0,-0.418494,0.075453,-0.193553,-0.772909,0.026737,0.213412,-3.142609,0.28906,8,7,8,8,8,5.585343,2.925866,3.22857,-5.685941,-2.653877,2,8
case_07_Li2TeC2_peak_seed9532,Li2TeC2,peak,9532,76,0.362002,0.056297,0.648871,0.176928,-0.410907,0.056297,-0.124038,-0.595981,0.032608,0.159232,-3.120288,0.266128,8,8,6,8,8,5.33395,0.533017,4.080123,17.589439,-2.7804,0,8
case_07_Li2TeC2_peak_seed9532,Li2TeC2,peak,9532,77,0.2324,0.061599,0.470962,0.0,-0.540509,0.061599,-0.301947,-0.772909,-0.092145,0.174228,-3.270714,0.663474,8,8,8,6,8,5.311734,1.542577,1.540395,-1.806132,-2.916694,2,8
case_07_Li2TeC2_peak_seed9532,Li2TeC2,peak,9532,78,0.281511,0.046862,0.426887,0.0,-0.491398,0.046862,-0.346022,-0.772909,-0.040882,0.132545,-3.169396,0.290699,8,8,8,5,8,5.309994,2.745168,2.000105,-1.001144,-1.989781,1,8
case_07_Li2TeC2_peak_seed9532,Li2TeC2,peak,9532,79,0.274585,0.062486,0.475191,0.0,-0.498325,0.062486,-0.297718,-0.772909,-0.045418,0.176739,-3.248706,1.16124,8,7,8,8,8,5.320426,2.166259,4.258361,-5.108033,-2.766696,2,7
case_07_Li2TeC2_peak_seed9532,Li2TeC2,peak,9532,80,0.311492,0.049597,0.437165,0.0,-0.461417,0.049597,-0.335744,-0.772909,-0.008085,0.14028,-3.156193,0.712987,8,8,8,8,8,5.313113,1.433162,3.693286,4.605673,-2.159482,1,8
case_07_Li2TeC2_peak_seed9532,Li2TeC2,peak,9532,81,0.337543,0.047316,0.451708,0.0,-0.435366,0.047316,-0.321201,-0.772909,0.017068,0.133829,-3.154474,1.050249,8,8,8,7,8,5.323607,1.73258,2.626805,-0.969662,-3.245068,1,8
case_07_Li2TeC2_peak_seed9532,Li2TeC2,peak,9532,82,0.321763,0.015633,0.372901,0.233472,-0.451146,0.015633,-0.400008,-0.539437,0.001224,0.044215,-3.040605,-0.167398,8,8,8,8,8,5.322766,3.138768,4.512594,4.203439,-2.409653,0,8
case_07_Li2TeC2_peak_seed9532,Li2TeC2,peak,9532,83,0.328326,0.052835,0.475962,0.0,-0.444583,0.052835,-0.296947,-0.772909,0.007397,0.149439,-3.145756,1.075279,8,7,8,7,8,5.320604,2.854575,3.219303,11.694255,-3.249603,1,8
case_07_Li2TeC2_peak_seed9532,Li2TeC2,peak,9532,84,0.32853,0.022055,0.416284,0.196183,-0.444379,0.022055,-0.356625,-0.576726,0.007221,0.06238,-3.180517,1.523032,8,8,7,8,8,5.324184,3.231694,4.932135,-9.017664,-3.578236,0,8
case_07_Li2TeC2_peak_seed9532,Li2TeC2,peak,9532,85,0.266566,0.073977,0.485646,0.0,-0.506343,0.073977,-0.287263,-0.772909,-0.052006,0.20924,-3.064438,-0.12148,8,8,8,7,8,5.311759,1.294615,4.582346,4.371868,-1.116669,3,7
case_07_Li2TeC2_peak_seed9532,Li2TeC2,peak,9532,86,0.274259,0.075703,0.492034,0.0,-0.49865,0.075703,-0.280875,-0.772909,-0.042097,0.21412,-3.013866,-0.448591,8,8,8,7,8,5.303958,2.754036,3.561739,-4.409556,-1.71924,3,6
case_07_Li2TeC2_peak_seed9532,Li2TeC2,peak,9532,87,0.321078,0.059011,0.511478,0.0,-0.451831,0.059011,-0.261432,-0.772909,0.004486,0.166908,-3.076663,0.751649,8,7,8,8,8,5.324686,1.80774,4.17709,-5.982776,-3.41067,1,8
case_07_Li2TeC2_peak_seed9532,Li2TeC2,peak,9532,88,0.289078,0.053905,0.537948,0.0,-0.483831,0.053905,-0.234961,-0.772909,-0.026139,0.152466,-3.079309,0.562481,8,8,8,8,8,5.579579,3.040782,4.395734,-5.802155,-2.424079,1,8
case_07_Li2TeC2_peak_seed9532,Li2TeC2,peak,9532,89,0.443429,0.047819,0.653635,0.182007,-0.32948,0.047819,-0.119274,-0.590902,0.121802,0.135254,-2.892383,0.252021,8,8,8,8,8,5.329107,2.125847,2.591898,0.753885,-3.500601,0,8
case_07_Li2TeC2_peak_seed9532,Li2TeC2,peak,9532,90,0.302964,0.051109,0.538998,0.0,-0.469945,0.051109,-0.233911,-0.772909,-0.01773,0.144559,-3.07613,0.770393,8,8,6,8,8,5.321288,1.009553,4.332721,2.200366,-1.216382,1,7
case_07_Li2TeC2_peak_seed9532,Li2TeC2,peak,9532,91,0.306917,0.055718,0.528714,0.0,-0.465992,0.055718,-0.244195,-0.772909,-0.013088,0.157594,-3.09148,1.033387,8,8,8,7,8,5.318151,1.392747,3.712559,1.354728,-2.198442,1,8
case_07_Li2TeC2_peak_seed9532,Li2TeC2,peak,9532,92,0.278255,0.048996,0.444924,0.0,-0.494654,0.048996,-0.327985,-0.772909,-0.039663,0.138581,-3.229605,2.215495,8,8,7,7,7,5.324305,1.352218,3.574852,-6.411987,-2.333311,1,8
case_07_Li2TeC2_peak_seed9532,Li2TeC2,peak,9532,93,0.369663,0.042157,0.605259,0.20245,-0.403246,0.042157,-0.16765,-0.570459,0.049158,0.119237,-2.966608,0.571822,8,8,8,8,8,5.314384,2.129332,5.067434,0.66169,-2.511877,0,8
case_07_Li2TeC2_peak_seed9532,Li2TeC2,peak,9532,94,0.243365,0.052104,0.406395,0.0,-0.529544,0.052104,-0.366514,-0.772909,-0.073283,0.147373,-3.093008,0.681989,8,8,8,7,8,5.325303,2.805175,3.047233,-3.605664,-1.99081,2,8
case_07_Li2TeC2_peak_seed9532,Li2TeC2,peak,9532,95,0.382943,0.03985,0.552836,0.246265,-0.389966,0.03985,-0.220073,-0.526644,0.062981,0.112714,-2.943163,0.635502,8,8,7,7,8,5.317555,1.111391,3.674246,-7.02089,-4.500847,0,8
case_07_Li2TeC2_peak_seed9532,Li2TeC2,peak,9532,96,0.291203,0.047702,0.458573,0.0,-0.481706,0.047702,-0.314336,-0.772909,-0.027322,0.134922,-2.925858,-0.365023,8,8,8,8,8,5.342453,2.52153,5.614375,-7.749002,-2.385125,1,8
case_07_Li2TeC2_peak_seed9532,Li2TeC2,peak,9532,97,0.310715,0.05054,0.479008,0.0,-0.462194,0.05054,-0.293901,-0.772909,-0.007419,0.142948,-3.056172,1.205263,8,8,8,7,8,5.324761,2.818383,4.089198,-2.352635,-1.511291,1,8
case_07_Li2TeC2_peak_seed9532,Li2TeC2,peak,9532,98,0.347956,0.059234,0.53873,0.0,-0.424953,0.059234,-0.234179,-0.772909,0.028331,0.167539,-2.939323,0.460694,8,8,8,7,8,5.330489,2.796144,2.349204,8.054391,-2.982116,1,8
case_07_Li2TeC2_peak_seed9532,Li2TeC2,peak,9532,99,0.359723,0.04061,0.519183,0.159271,-0.413186,0.04061,-0.253727,-0.613638,0.038093,0.114863,-2.981169,1.044888,8,8,8,6,8,5.321768,2.132042,2.726096,-4.79368,-3.983405,0,8
case_07_Li2TeC2_peak_seed9532,Li2TeC2,peak,9532,100,0.376594,0.058499,0.639351,0.160205,-0.396315,0.058499,-0.133558,-0.612704,0.052216,0.165461,-2.974021,1.183593,8,7,8,7,8,5.301634,1.999905,5.691354,6.189359,-3.047794,0,8
case_07_Li2TeC2_cosine_seed9533,Li2TeC2,cosine,9533,1,0.216849,0.050021,0.430342,0.0,-0.213493,0.050021,0.0,-0.430342,-0.0,0.141482,-0.043067,-0.002861,8,8,8,8,8,5.335342,2.036392,3.549295,-6.258809,-2.294634,1,7
case_07_Li2TeC2_cosine_seed9533,Li2TeC2,cosine,9533,2,0.232381,0.05029,0.429847,0.0,-0.197961,0.05029,-0.000495,-0.430342,0.014755,0.142241,-0.000539,0.007774,8,8,8,7,8,5.332924,2.061466,4.601055,-8.56553,-1.72983,1,7
case_07_Li2TeC2_cosine_seed9533,Li2TeC2,cosine,9533,3,0.272955,0.036491,0.432823,0.056773,-0.159869,0.036491,0.0,-0.37605,0.050205,0.103213,0.072727,-0.040447,8,8,8,7,8,5.328023,2.219349,1.891199,-2.893661,-3.975894,0,8
case_07_Li2TeC2_cosine_seed9533,Li2TeC2,cosine,9533,4,0.217799,0.038291,0.411856,0.044777,-0.215024,0.038291,-0.020967,-0.388046,-0.004703,0.108302,0.035547,0.105088,8,8,8,7,8,5.316583,2.505353,3.917341,1.812133,-1.337497,0,8
case_07_Li2TeC2_cosine_seed9533,Li2TeC2,cosine,9533,5,0.170149,0.038789,0.370576,0.0,-0.262674,0.038789,-0.062247,-0.432823,-0.049735,0.109713,0.033701,-0.041774,8,8,8,7,8,5.308861,3.381028,3.317465,-7.841268,-1.2174,1,7
case_07_Li2TeC2_cosine_seed9533,Li2TeC2,cosine,9533,6,0.245257,0.04085,0.361283,0.04269,-0.187566,0.04085,-0.07154,-0.390133,0.024104,0.115541,0.140578,-0.112664,8,8,8,8,8,5.312543,2.835177,4.847403,-6.228045,-2.882091,0,8
case_07_Li2TeC2_cosine_seed9533,Li2TeC2,cosine,9533,7,0.253342,0.072262,0.577963,0.0,-0.324621,0.072262,0.0,-0.577963,-0.107303,0.204387,0.018297,0.065305,8,8,8,8,8,5.312609,1.387602,3.147373,-1.648602,-2.464222,1,7
case_07_Li2TeC2_cosine_seed9533,Li2TeC2,cosine,9533,8,0.206018,0.041515,0.454948,0.011329,-0.371945,0.041515,-0.123015,-0.566634,-0.146896,0.117421,-0.01986,0.249911,8,8,8,8,8,5.308236,3.420111,4.289987,-1.671713,-2.325424,0,8
case_07_Li2TeC2_cosine_seed9533,Li2TeC2,cosine,9533,9,0.191632,0.041623,0.412839,0.019772,-0.386331,0.041623,-0.165124,-0.558191,-0.153218,0.117727,0.033309,-0.149613,8,8,7,8,8,5.319765,1.605393,4.019608,-7.322807,-1.833137,0,8
case_07_Li2TeC2_cosine_seed9533,Li2TeC2,cosine,9533,10,0.124639,0.027242,0.231229,0.0,-0.453324,0.027242,-0.346735,-0.577963,-0.2092,0.077051,-0.014423,-0.037658,8,8,7,7,8,5.320374,1.49952,2.008849,-8.474279,-1.023028,1,7
case_07_Li2TeC2_cosine_seed9533,Li2TeC2,cosine,9533,11,0.255699,0.047161,0.420826,0.018133,-0.322264,0.047161,-0.157137,-0.559831,-0.074233,0.13339,0.124212,0.128596,8,8,7,8,8,5.311886,1.556367,3.652075,-6.999835,-4.19569,0,8
case_07_Li2TeC2_cosine_seed9533,Li2TeC2,cosine,9533,12,0.160879,0.042019,0.37262,0.0,-0.417084,0.042019,-0.205343,-0.577963,-0.160601,0.118849,0.059811,0.087165,8,8,8,8,8,5.327972,2.404213,2.379452,0.454481,-1.449542,2,7
case_07_Li2TeC2_cosine_seed9533,Li2TeC2,cosine,9533,13,0.231237,0.049252,0.491668,0.049932,-0.346727,0.049252,-0.086296,-0.528031,-0.085731,0.139307,0.17128,-0.108433,8,8,8,8,8,5.309143,2.050708,3.924748,2.988757,-3.181542,0,8
case_07_Li2TeC2_cosine_seed9533,Li2TeC2,cosine,9533,14,0.278069,0.061406,0.618572,0.0,-0.340503,0.061406,0.0,-0.618572,-0.075532,0.173682,0.088975,0.937559,8,8,8,7,8,5.317704,2.515515,3.866587,-6.25145,-0.754234,1,7
case_07_Li2TeC2_cosine_seed9533,Li2TeC2,cosine,9533,15,0.222547,0.043731,0.428468,0.0,-0.396025,0.043731,-0.190105,-0.618572,-0.124502,0.12369,0.183294,-0.322607,8,8,8,8,8,5.332242,1.388848,3.351498,4.439361,-2.439034,1,8
case_07_Li2TeC2_cosine_seed9533,Li2TeC2,cosine,9533,16,0.157276,0.021865,0.245117,0.064193,-0.461296,0.021865,-0.373455,-0.554379,-0.180284,0.061845,0.064101,0.434716,8,7,8,7,8,5.315959,2.868597,1.939303,-5.290048,-1.363059,0,8
case_07_Li2TeC2_cosine_seed9533,Li2TeC2,cosine,9533,17,0.212206,0.041684,0.406425,0.0,-0.406367,0.041684,-0.212147,-0.618572,-0.119087,0.117899,0.187386,-0.078113,8,8,8,7,8,5.335495,1.958382,2.395162,0.950242,-2.257618,1,7
case_07_Li2TeC2_cosine_seed9533,Li2TeC2,cosine,9533,18,0.176884,0.037799,0.364879,0.027632,-0.441688,0.037799,-0.253694,-0.590941,-0.146688,0.106911,0.131485,0.315735,8,7,7,7,8,5.317602,2.352107,2.05062,11.032699,-1.461776,0,8
case_07_Li2TeC2_cosine_seed9533,Li2TeC2,cosine,9533,19,0.176536,0.040243,0.305921,0.0,-0.442037,0.040243,-0.312651,-0.618572,-0.139684,0.113823,0.139845,0.412295,8,8,7,7,8,5.319601,2.182751,3.944667,-9.026787,-0.991282,1,7
case_07_Li2TeC2_cosine_seed9533,Li2TeC2,cosine,9533,20,0.228044,0.051804,0.486442,0.067679,-0.390528,0.051804,-0.132131,-0.550894,-0.083767,0.146525,0.12703,1.192319,8,7,7,8,8,5.299096,1.952672,5.519522,-8.159382,-3.061074,0,8
case_07_Li2TeC2_cosine_seed9533,Li2TeC2,cosine,9533,21,0.215414,0.043913,0.435334,0.073791,-0.403158,0.043913,-0.183238,-0.544781,-0.091577,0.124206,0.204337,0.476175,8,8,8,7,8,5.321179,2.467502,5.041381,9.303919,-1.879423,0,8
case_07_Li2TeC2_cosine_seed9533,Li2TeC2,cosine,9533,22,0.175957,0.049919,0.411764,0.0,-0.442615,0.049919,-0.206808,-0.618572,-0.124483,0.141192,0.209158,0.191482,8,7,8,8,8,5.301151,1.745853,2.118598,10.677315,-2.281839,1,7
case_07_Li2TeC2_cosine_seed9533,Li2TeC2,cosine,9533,23,0.249057,0.037521,0.3957,0.025814,-0.369516,0.037521,-0.222873,-0.592758,-0.048814,0.106125,0.350067,-0.366702,8,8,8,8,8,5.310582,1.453389,3.431682,-4.387357,-3.448171,0,8
case_07_Li2TeC2_cosine_seed9533,Li2TeC2,cosine,9533,24,0.218999,0.052534,0.459738,0.041564,-0.399573,0.052534,-0.158834,-0.577008,-0.074928,0.148589,0.263999,0.320607,8,8,8,8,8,5.324677,1.162104,4.876151,-4.993651,-2.11014,0,8
case_07_Li2TeC2_cosine_seed9533,Li2TeC2,cosine,9533,25,0.17377,0.04418,0.394363,0.010878,-0.444803,0.04418,-0.224209,-0.607694,-0.114149,0.124961,0.25244,0.147292,8,8,7,8,8,5.315374,1.813986,2.651613,-7.099232,-1.926206,0,8
case_07_Li2TeC2_cosine_seed9533,Li2TeC2,cosine,9533,26,0.171119,0.057331,0.477299,0.0,-0.447453,0.057331,-0.141273,-0.618572,-0.11096,0.162156,0.231663,0.468786,8,8,8,7,8,5.314095,2.083978,2.320958,16.268391,-1.421842,1,7
case_07_Li2TeC2_cosine_seed9533,Li2TeC2,cosine,9533,27,0.134509,0.045652,0.388371,0.0,-0.484063,0.045652,-0.230201,-0.618572,-0.140191,0.129124,0.2142,0.436904,8,8,8,8,8,5.31541,2.274682,4.04461,3.716734,-1.076753,1,7
case_07_Li2TeC2_cosine_seed9533,Li2TeC2,cosine,9533,28,0.235146,0.040315,0.354239,0.014501,-0.383427,0.040315,-0.264334,-0.604071,-0.037577,0.114028,0.37162,-0.014205,8,8,7,7,8,5.323787,1.65281,3.244977,-7.977498,-3.64577,0,8
case_07_Li2TeC2_cosine_seed9533,Li2TeC2,cosine,9533,29,0.22188,0.032225,0.330597,0.030719,-0.396693,0.032225,-0.287975,-0.587853,-0.048301,0.091146,0.233458,1.339345,8,8,8,8,8,5.325032,2.786674,6.007387,2.515897,-2.262396,0,8
case_07_Li2TeC2_cosine_seed9533,Li2TeC2,cosine,9533,30,0.195487,0.056895,0.419314,0.0,-0.423085,0.056895,-0.199259,-0.618572,-0.070959,0.160923,0.26674,0.840944,8,8,8,8,8,5.323737,3.301378,3.37718,-0.686732,0.279861,2,6
case_07_Li2TeC2_cosine_seed9533,Li2TeC2,cosine,9533,31,0.187886,0.053342,0.461451,0.0,-0.430687,0.053342,-0.157122,-0.618572,-0.074632,0.150875,0.289277,0.653043,8,7,8,8,8,5.323172,1.947475,4.998892,1.75928,-1.06026,1,7
case_07_Li2TeC2_cosine_seed9533,Li2TeC2,cosine,9533,32,0.164364,0.032444,0.288049,0.049116,-0.454208,0.032444,-0.330523,-0.569457,-0.093246,0.091767,0.262949,0.810414,8,8,7,7,8,5.307361,1.953611,3.561321,5.63183,-2.276848,0,8
case_07_Li2TeC2_cosine_seed9533,Li2TeC2,cosine,9533,33,0.237107,0.039836,0.377039,0.011633,-0.381465,0.039836,-0.241533,-0.60694,-0.019478,0.112672,0.34883,0.765969,8,8,8,8,8,5.30143,1.495572,5.580313,-2.325527,-3.619597,0,8
case_07_Li2TeC2_cosine_seed9533,Li2TeC2,cosine,9533,34,0.292517,0.059168,0.563589,0.077922,-0.326056,0.059168,-0.054984,-0.54065,0.034135,0.167354,0.501656,-0.163693,8,7,7,6,8,5.332968,2.035501,4.333024,-9.505445,-3.317747,0,8
case_07_Li2TeC2_cosine_seed9533,Li2TeC2,cosine,9533,35,0.208791,0.054515,0.487658,0.0,-0.409781,0.054515,-0.130915,-0.618572,-0.047111,0.154192,0.305931,1.056046,8,8,8,8,8,5.340675,2.569741,2.615595,-4.931854,-1.378268,1,7
case_07_Li2TeC2_cosine_seed9533,Li2TeC2,cosine,9533,36,0.153708,0.020623,0.279155,0.070574,-0.464864,0.020623,-0.339418,-0.547998,-0.097084,0.058331,0.344703,0.229048,8,8,8,7,8,5.326378,1.729792,2.743488,2.707755,-1.774607,0,8
case_07_Li2TeC2_cosine_seed9533,Li2TeC2,cosine,9533,37,0.284308,0.042714,0.432524,0.150425,-0.334264,0.042714,-0.186048,-0.468147,0.03184,0.120813,0.487521,0.129381,8,8,7,8,8,5.332067,2.924456,4.239029,3.692354,-4.27293,0,8
case_07_Li2TeC2_cosine_seed9533,Li2TeC2,cosine,9533,38,0.295062,0.047523,0.493263,0.046528,-0.323511,0.047523,-0.12531,-0.572044,0.040464,0.134414,0.487756,0.250191,8,8,8,8,8,5.322581,2.151998,4.712765,-2.122071,-2.432689,0,8
case_07_Li2TeC2_cosine_seed9533,Li2TeC2,cosine,9533,39,0.174348,0.024594,0.235004,0.0,-0.444224,0.024594,-0.383568,-0.618572,-0.076238,0.069561,0.407499,-0.061698,8,7,8,8,8,5.324235,2.264008,4.137126,0.871184,-2.181471,1,7
case_07_Li2TeC2_cosine_seed9533,Li2TeC2,cosine,9533,40,0.241786,0.05371,0.543776,0.0,-0.376787,0.05371,-0.074797,-0.618572,-0.00836,0.151914,0.478373,-0.020619,8,8,8,7,8,5.323558,2.787261,3.410061,-1.940112,-1.863873,1,7
case_07_Li2TeC2_cosine_seed9533,Li2TeC2,cosine,9533,41,0.23252,0.049696,0.533491,0.038402,-0.386053,0.049696,-0.085081,-0.58017,-0.016745,0.140562,0.426481,0.493275,8,8,8,6,8,5.323415,2.283416,2.678792,2.700262,-2.287409,0,8
case_07_Li2TeC2_cosine_seed9533,Li2TeC2,cosine,9533,42,0.171913,0.036841,0.325117,0.0,-0.446659,0.036841,-0.293455,-0.618572,-0.073484,0.104203,0.405315,0.210409,8,7,8,8,8,5.316392,2.982947,4.032416,-2.135783,-1.895386,1,7
case_07_Li2TeC2_cosine_seed9533,Li2TeC2,cosine,9533,43,0.192284,0.0362,0.322186,0.03613,-0.426288,0.0362,-0.296386,-0.582442,-0.050457,0.10239,0.377607,0.771024,8,7,7,8,8,5.303183,1.83145,2.902867,22.616014,-2.418091,0,8
case_07_Li2TeC2_cosine_seed9533,Li2TeC2,cosine,9533,44,0.161529,0.024927,0.268822,0.050491,-0.457043,0.024927,-0.349751,-0.568081,-0.077151,0.070504,0.361849,0.717331,8,8,7,8,8,5.328196,1.950639,3.263856,-1.089978,-1.757232,0,8
case_07_Li2TeC2_cosine_seed9533,Li2TeC2,cosine,9533,45,0.161373,0.073882,0.678049,0.0,-0.516676,0.073882,0.0,-0.678049,-0.129945,0.208969,0.335455,0.491009,8,8,8,7,8,5.335941,2.855777,4.060905,0.109845,-1.694992,1,7
case_07_Li2TeC2_cosine_seed9533,Li2TeC2,cosine,9533,46,0.200802,0.065261,0.455077,0.0,-0.477247,0.065261,-0.222972,-0.678049,-0.08599,0.184587,0.408267,0.246842,8,8,8,8,8,5.321481,2.501476,4.521119,-0.259619,-0.791262,3,5
case_07_Li2TeC2_cosine_seed9533,Li2TeC2,cosine,9533,47,0.114995,0.039915,0.35286,0.0,-0.563054,0.039915,-0.325189,-0.678049,-0.163207,0.112897,0.353711,0.057209,8,8,8,6,8,5.32598,1.648303,2.044664,17.981138,-0.354115,1,7
case_07_Li2TeC2_cosine_seed9533,Li2TeC2,cosine,9533,48,0.211102,0.044746,0.359945,0.0,-0.466947,0.044746,-0.318104,-0.678049,-0.063745,0.126562,0.327624,1.379549,8,7,8,8,8,5.316555,2.467429,4.333293,1.699499,-3.00965,1,7
case_07_Li2TeC2_cosine_seed9533,Li2TeC2,cosine,9533,49,0.195316,0.046314,0.503027,0.04588,-0.482733,0.046314,-0.175022,-0.632168,-0.075555,0.130995,0.405315,0.522056,8,8,8,7,8,5.317963,2.923603,4.442722,-1.597498,-1.814159,0,8
case_07_Li2TeC2_cosine_seed9533,Li2TeC2,cosine,9533,50,0.211557,0.0705,0.549889,0.0,-0.466492,0.0705,-0.12816,-0.678049,-0.056348,0.199404,0.463009,0.192402,8,8,8,8,8,5.300713,2.876419,3.443654,19.972809,-1.901429,1,7
case_07_Li2TeC2_cosine_seed9533,Li2TeC2,cosine,9533,51,0.157863,0.042876,0.358357,0.019829,-0.520186,0.042876,-0.319692,-0.65822,-0.10454,0.121271,0.340517,0.970765,8,8,8,7,8,5.319402,2.619489,1.800935,6.319711,-1.420445,0,8
case_07_Li2TeC2_cosine_seed9533,Li2TeC2,cosine,9533,52,0.282424,0.051464,0.450403,0.096513,-0.395625,0.051464,-0.227646,-0.581536,0.01902,0.145562,0.547229,0.184079,8,8,8,8,8,5.316998,2.168431,2.976693,-0.951174,-3.955626,0,8
case_07_Li2TeC2_cosine_seed9533,Li2TeC2,cosine,9533,53,0.230944,0.051811,0.475453,0.060701,-0.447105,0.051811,-0.202595,-0.617348,-0.030837,0.146544,0.533107,-0.104394,8,8,8,8,8,5.308761,2.116657,4.303258,-2.87857,-2.693743,0,8
case_07_Li2TeC2_cosine_seed9533,Li2TeC2,cosine,9533,54,0.281462,0.026985,0.415545,0.185478,-0.396586,0.026985,-0.262504,-0.492571,0.018697,0.076324,0.551512,0.257509,8,8,8,8,8,5.327667,2.311075,3.782595,-10.162468,-1.929026,0,8
case_07_Li2TeC2_cosine_seed9533,Li2TeC2,cosine,9533,55,0.174463,0.0532,0.390297,0.0,-0.503585,0.0532,-0.287752,-0.678049,-0.083887,0.150473,0.483174,-0.044416,8,8,8,8,8,5.326381,3.094458,4.949814,-5.624205,-0.602392,1,7
case_07_Li2TeC2_cosine_seed9533,Li2TeC2,cosine,9533,56,0.172437,0.0471,0.420688,0.0,-0.505612,0.0471,-0.257361,-0.678049,-0.081618,0.133219,0.463358,0.259338,8,8,8,8,8,5.317379,2.239408,2.262491,-7.176697,-1.018706,1,7
case_07_Li2TeC2_cosine_seed9533,Li2TeC2,cosine,9533,57,0.248416,0.044995,0.439377,0.0,-0.429633,0.044995,-0.238672,-0.678049,-0.005356,0.127264,0.513399,0.560499,8,8,8,7,8,5.306714,2.002438,4.29545,-11.115542,-1.894388,1,8
case_07_Li2TeC2_cosine_seed9533,Li2TeC2,cosine,9533,58,0.246516,0.058432,0.517717,0.045181,-0.431532,0.058432,-0.160332,-0.632868,-0.006893,0.165271,0.626257,-0.515152,8,7,7,8,8,5.305109,2.03764,3.889118,36.977066,-2.763803,0,8
case_07_Li2TeC2_cosine_seed9533,Li2TeC2,cosine,9533,59,0.18959,0.037114,0.347778,0.0,-0.488459,0.037114,-0.330271,-0.678049,-0.060628,0.104973,0.402842,1.16379,8,8,8,7,8,5.301393,1.136898,2.546078,-2.351723,-2.11588,1,7
case_07_Li2TeC2_cosine_seed9533,Li2TeC2,cosine,9533,60,0.183413,0.051647,0.421054,0.0,-0.494636,0.051647,-0.256995,-0.678049,-0.063465,0.146079,0.557613,-0.313685,8,8,8,8,8,5.317438,2.747564,2.346306,15.273445,-2.618364,1,7
case_07_Li2TeC2_cosine_seed9533,Li2TeC2,cosine,9533,61,0.234671,0.027833,0.321546,0.068943,-0.443378,0.027833,-0.356502,-0.609106,-0.011597,0.078725,0.537184,0.469893,8,8,8,8,8,5.332322,2.072904,3.558961,-2.776656,-1.045122,0,8
case_07_Li2TeC2_cosine_seed9533,Li2TeC2,cosine,9533,62,0.236766,0.034932,0.403445,0.028525,-0.441283,0.034932,-0.274604,-0.649523,-0.009027,0.098802,0.498287,0.931036,8,8,8,8,8,5.314301,2.38901,4.641438,-8.944055,-2.019983,0,8
case_07_Li2TeC2_cosine_seed9533,Li2TeC2,cosine,9533,63,0.162845,0.021308,0.273704,0.060209,-0.515203,0.021308,-0.404344,-0.61784,-0.0788,0.060269,0.4432,0.823915,8,8,8,5,8,5.31896,3.531515,2.340192,1.532279,1.792596,0,8
case_07_Li2TeC2_cosine_seed9533,Li2TeC2,cosine,9533,64,0.292587,0.041011,0.521153,0.139821,-0.385462,0.041011,-0.156896,-0.538227,0.048394,0.115996,0.637916,0.23845,8,8,8,8,8,5.317262,3.535928,3.521405,-7.781126,-4.365443,0,8
case_07_Li2TeC2_cosine_seed9533,Li2TeC2,cosine,9533,65,0.240796,0.036584,0.422396,0.066398,-0.437253,0.036584,-0.255652,-0.611651,-0.003227,0.103476,0.64962,-0.350896,8,8,8,8,8,5.332253,1.558088,2.149209,9.099288,-1.8996,0,8
case_07_Li2TeC2_cosine_seed9533,Li2TeC2,cosine,9533,66,0.215061,0.038537,0.440614,0.071968,-0.462988,0.038537,-0.237435,-0.606081,-0.027514,0.109,0.477035,1.181504,8,8,7,8,8,5.309318,1.930664,2.327889,-6.477099,-1.775317,0,8
case_07_Li2TeC2_cosine_seed9533,Li2TeC2,cosine,9533,67,0.175997,0.048811,0.463475,0.0,-0.502052,0.048811,-0.214574,-0.678049,-0.063249,0.138057,0.590505,-0.25983,8,8,8,7,8,5.310246,2.017609,3.024122,3.591486,-1.201229,1,7
case_07_Li2TeC2_cosine_seed9533,Li2TeC2,cosine,9533,68,0.292344,0.049975,0.53583,0.042779,-0.385705,0.049975,-0.142219,-0.63527,0.050443,0.141352,0.623895,0.593533,8,8,8,7,8,5.312489,2.117979,6.558413,-2.842433,-3.637445,0,8
case_07_Li2TeC2_cosine_seed9533,Li2TeC2,cosine,9533,69,0.236051,0.042306,0.395107,0.070345,-0.441998,0.042306,-0.282942,-0.607703,-0.005557,0.11966,0.530349,1.025925,8,8,8,8,8,5.302005,1.879146,4.057208,-8.161293,-2.161417,0,8
case_07_Li2TeC2_cosine_seed9533,Li2TeC2,cosine,9533,70,0.135935,0.033968,0.26506,0.0,-0.542113,0.033968,-0.412989,-0.678049,-0.100389,0.096075,0.523995,0.185179,8,8,8,7,8,5.311273,2.047501,3.175569,-6.38502,-1.666363,1,7
case_07_Li2TeC2_cosine_seed9533,Li2TeC2,cosine,9533,71,0.140541,0.019979,0.22676,0.048905,-0.537508,0.019979,-0.451289,-0.629144,-0.090994,0.056509,0.562779,-0.071562,8,8,8,7,8,5.32638,1.664161,2.144757,10.314827,-1.773084,0,8
case_07_Li2TeC2_cosine_seed9533,Li2TeC2,cosine,9533,72,0.185898,0.041826,0.348008,0.00955,-0.492151,0.041826,-0.330041,-0.668499,-0.043355,0.118301,0.362124,2.466374,8,8,8,7,8,5.314657,1.29181,1.609309,3.983468,-2.212592,0,8
case_07_Li2TeC2_cosine_seed9533,Li2TeC2,cosine,9533,73,0.256034,0.049532,0.467369,0.0,-0.422014,0.049532,-0.21068,-0.678049,0.025442,0.140098,0.660898,0.179343,8,8,8,8,8,5.328009,1.979001,5.801246,-8.71876,-2.698069,1,7
case_07_Li2TeC2_cosine_seed9533,Li2TeC2,cosine,9533,74,0.268747,0.01569,0.314536,0.195829,-0.409302,0.01569,-0.363513,-0.48222,0.036246,0.044379,0.638679,0.552035,8,8,8,8,8,5.313724,1.686946,5.541807,-9.793852,-3.416635,0,8
case_07_Li2TeC2_cosine_seed9533,Li2TeC2,cosine,9533,75,0.149108,0.039098,0.380357,0.052593,-0.52894,0.039098,-0.297692,-0.625455,-0.079222,0.110587,0.5773,0.065988,8,8,8,8,8,5.328293,2.592739,4.270955,-1.99835,-1.588117,0,8
case_07_Li2TeC2_cosine_seed9533,Li2TeC2,cosine,9533,76,0.274915,0.047783,0.458539,0.0,-0.403133,0.047783,-0.21951,-0.678049,0.044255,0.135151,0.575243,1.369475,8,7,8,8,8,5.334493,2.421693,4.516494,-4.829306,-1.915113,1,7
case_07_Li2TeC2_cosine_seed9533,Li2TeC2,cosine,9533,77,0.191984,0.044823,0.400752,0.0,-0.486065,0.044823,-0.277297,-0.678049,-0.036742,0.126778,0.628495,0.073757,8,8,7,4,7,5.299595,1.667353,1.591379,-2.292427,-1.825833,1,7
case_07_Li2TeC2_cosine_seed9533,Li2TeC2,cosine,9533,78,0.219556,0.05607,0.535976,0.0,-0.458492,0.05607,-0.142073,-0.678049,-0.008711,0.15859,0.630004,0.38329,8,8,8,8,8,5.545602,2.388722,5.419411,21.540962,-2.577368,1,7
case_07_Li2TeC2_cosine_seed9533,Li2TeC2,cosine,9533,79,0.164921,0.040344,0.333675,0.0,-0.513127,0.040344,-0.344374,-0.678049,-0.060179,0.11411,0.676787,-0.558495,8,8,8,8,8,5.309138,3.235383,4.344217,8.127782,-1.341939,1,7
case_07_Li2TeC2_cosine_seed9533,Li2TeC2,cosine,9533,80,0.176779,0.049169,0.416749,0.0,-0.50127,0.049169,-0.261299,-0.678049,-0.045905,0.13907,0.70888,-0.693212,8,8,8,8,8,5.328921,1.681379,3.792933,13.654005,-1.909302,1,8
case_07_Li2TeC2_cosine_seed9533,Li2TeC2,cosine,9533,81,0.263317,0.0403,0.431033,0.0,-0.414732,0.0403,-0.247016,-0.678049,0.038601,0.113986,0.696025,0.341714,8,8,8,8,8,5.338186,5.153994,4.678527,4.253251,-2.827395,1,7
case_07_Li2TeC2_cosine_seed9533,Li2TeC2,cosine,9533,82,0.282972,0.045781,0.476716,0.031342,-0.395077,0.045781,-0.201333,-0.646707,0.055343,0.129487,0.748553,0.012585,8,8,8,8,8,5.335491,3.26866,4.204558,-8.350101,-2.730767,0,8
case_07_Li2TeC2_cosine_seed9533,Li2TeC2,cosine,9533,83,0.18301,0.041638,0.397441,0.0,-0.495039,0.041638,-0.280608,-0.678049,-0.042388,0.11777,0.604776,0.533316,8,8,8,8,8,5.300395,1.631858,3.764904,-4.385002,-2.155606,1,7
case_07_Li2TeC2_cosine_seed9533,Li2TeC2,cosine,9533,84,0.208415,0.036027,0.331659,0.0,-0.469634,0.036027,-0.34639,-0.678049,-0.016134,0.101899,0.603343,0.863212,8,8,7,8,8,5.333652,1.595972,2.96416,7.220784,-1.900149,1,7
case_07_Li2TeC2_cosine_seed9533,Li2TeC2,cosine,9533,85,0.193051,0.049497,0.392452,0.0,-0.484998,0.049497,-0.285596,-0.678049,-0.029923,0.139998,0.559232,1.222064,8,8,8,8,8,5.333754,2.290297,3.629884,-5.179282,-1.362456,1,7
case_07_Li2TeC2_cosine_seed9533,Li2TeC2,cosine,9533,86,0.223055,0.043147,0.384919,0.058547,-0.454993,0.043147,-0.29313,-0.619502,7.8e-05,0.122038,0.683867,0.305378,8,7,6,7,8,5.324841,1.625601,3.437964,-7.688621,-3.159065,0,8
case_07_Li2TeC2_cosine_seed9533,Li2TeC2,cosine,9533,87,0.167705,0.025645,0.319014,0.07793,-0.510344,0.025645,-0.359035,-0.600119,-0.052509,0.072534,0.608461,0.583314,8,8,8,7,8,5.31144,2.003285,2.521779,0.982729,-1.922561,0,8
case_07_Li2TeC2_cosine_seed9533,Li2TeC2,cosine,9533,88,0.117774,0.033954,0.311674,0.0,-0.560275,0.033954,-0.366374,-0.678049,-0.097319,0.096037,0.566696,0.589848,8,7,8,8,8,5.319698,2.117483,3.391749,-7.182201,0.081,2,6
case_07_Li2TeC2_cosine_seed9533,Li2TeC2,cosine,9533,89,0.204826,0.054388,0.41732,0.0,-0.473223,0.054388,-0.260729,-0.678049,-0.009753,0.153833,0.644198,0.720564,8,8,8,8,8,5.327139,1.826022,5.80802,5.978302,-2.013196,1,7
case_07_Li2TeC2_cosine_seed9533,Li2TeC2,cosine,9533,90,0.227209,0.028387,0.370983,0.087351,-0.45084,0.028387,-0.307065,-0.590697,0.011998,0.080289,0.713305,0.308104,8,8,8,8,8,5.323711,2.750724,4.324842,2.928618,-2.428684,0,8
case_07_Li2TeC2_cosine_seed9533,Li2TeC2,cosine,9533,91,0.241917,0.055,0.470997,0.022799,-0.436132,0.055,-0.207052,-0.65525,0.025371,0.155562,0.748377,0.127019,8,6,8,8,8,5.304796,3.29723,4.529878,6.145191,-2.784503,0,8
case_07_Li2TeC2_cosine_seed9533,Li2TeC2,cosine,9533,92,0.2073,0.054018,0.513905,0.0,-0.470749,0.054018,-0.164143,-0.678049,-0.008784,0.152787,0.703255,0.274455,8,7,8,8,8,5.318298,2.606293,3.68552,4.769217,-0.313092,2,6
case_07_Li2TeC2_cosine_seed9533,Li2TeC2,cosine,9533,93,0.217678,0.055695,0.536969,0.064568,-0.460371,0.055695,-0.141079,-0.61348,0.001514,0.157529,0.741868,0.03622,8,8,8,8,8,5.302652,1.193509,2.72158,14.615591,-3.240906,0,8
case_07_Li2TeC2_cosine_seed9533,Li2TeC2,cosine,9533,94,0.33188,0.020062,0.430784,0.240155,-0.346169,0.020062,-0.247265,-0.437894,0.109931,0.056743,0.777624,0.78751,8,8,8,8,8,5.306775,2.591321,3.304632,-1.199809,-4.399595,0,8
case_07_Li2TeC2_cosine_seed9533,Li2TeC2,cosine,9533,95,0.114269,0.03784,0.314186,0.0,-0.563779,0.03784,-0.363863,-0.678049,-0.102296,0.107027,0.631698,0.154764,8,7,7,7,7,5.330626,2.585949,1.090478,-0.981409,0.186749,2,6
case_07_Li2TeC2_cosine_seed9533,Li2TeC2,cosine,9533,96,0.211481,0.04995,0.415001,0.0,-0.466568,0.04995,-0.263048,-0.678049,-0.00483,0.141281,0.732859,0.152056,8,8,8,7,8,5.329234,1.464627,1.955501,0.010635,-3.066135,2,6
case_07_Li2TeC2_cosine_seed9533,Li2TeC2,cosine,9533,97,0.228488,0.051905,0.465835,0.0,-0.44956,0.051905,-0.212214,-0.678049,0.011569,0.14681,0.670953,0.993066,8,8,8,8,8,5.329304,2.142815,3.495892,-4.948577,-1.441867,1,7
case_07_Li2TeC2_cosine_seed9533,Li2TeC2,cosine,9533,98,0.185245,0.033183,0.325424,0.033606,-0.492804,0.033183,-0.352625,-0.644442,-0.030091,0.093856,0.64888,0.8359,8,8,7,8,8,5.318526,2.219797,4.852058,1.853484,-1.305936,0,8
case_07_Li2TeC2_cosine_seed9533,Li2TeC2,cosine,9533,99,0.217673,0.025605,0.288601,0.069065,-0.460376,0.025605,-0.389448,-0.608984,0.00222,0.072423,0.586429,1.801609,8,8,8,8,8,5.314692,2.544843,3.793351,-2.605904,-3.768299,0,8
case_07_Li2TeC2_cosine_seed9533,Li2TeC2,cosine,9533,100,0.191939,0.037217,0.323556,0.0,-0.48611,0.037217,-0.354493,-0.678049,-0.022338,0.105266,0.533395,2.089612,8,8,8,7,8,5.30777,2.239345,3.185386,-7.307496,-2.530236,1,7
case_07_Li2TeC2_peak_seed9533,Li2TeC2,peak,9533,1,0.265884,0.05799,0.470885,0.0,-0.205001,0.05799,0.0,-0.470885,-0.0,0.16402,-0.066226,-0.0,8,8,8,8,8,5.335342,2.036237,3.548848,-6.266056,-2.29338,2,7
case_07_Li2TeC2_peak_seed9533,Li2TeC2,peak,9533,2,0.296747,0.056486,0.550066,0.0,-0.253319,0.056486,0.0,-0.550066,-0.045902,0.159768,-0.06457,0.019319,8,8,8,7,8,5.332923,2.054651,4.610855,-8.550728,-1.72272,1,7
case_07_Li2TeC2_peak_seed9533,Li2TeC2,peak,9533,3,0.355732,0.050937,0.492923,0.0,-0.194334,0.050937,-0.057143,-0.550066,0.012429,0.144073,0.01604,0.114844,8,8,8,7,8,5.32802,2.223061,1.886345,-2.879227,-3.964496,1,8
case_07_Li2TeC2_peak_seed9533,Li2TeC2,peak,9533,4,0.372202,0.038649,0.571681,0.184041,-0.199479,0.038649,0.0,-0.38764,0.00692,0.109317,0.058199,-0.121408,8,8,8,7,8,5.316568,2.468903,3.88166,2.038291,-1.433458,0,8
case_07_Li2TeC2_peak_seed9533,Li2TeC2,peak,9533,5,0.286457,0.070575,0.562963,0.0,-0.285224,0.070575,-0.008718,-0.571681,-0.074884,0.199617,-0.022477,0.041539,8,8,8,7,8,5.308859,3.454903,3.348739,-7.900125,-1.568759,2,8
case_07_Li2TeC2_peak_seed9533,Li2TeC2,peak,9533,6,0.33154,0.063864,0.615129,0.0,-0.283589,0.063864,0.0,-0.615129,-0.069586,0.180634,0.004377,-0.045511,8,8,8,8,8,5.312509,2.517825,4.929969,-6.281909,-2.934883,1,8
case_07_Li2TeC2_peak_seed9533,Li2TeC2,peak,9533,7,0.272303,0.063117,0.476494,0.0,-0.342826,0.063117,-0.138635,-0.615129,-0.122382,0.178522,-0.06241,0.218449,8,8,8,8,8,5.312645,1.356849,3.757143,1.391511,-2.71142,2,8
case_07_Li2TeC2_peak_seed9533,Li2TeC2,peak,9533,8,0.301655,0.05266,0.527674,0.0,-0.313474,0.05266,-0.087454,-0.615129,-0.088379,0.148944,-0.022232,0.22913,8,8,8,8,8,5.308245,3.427392,4.09946,-2.2138,-2.757633,1,8
case_07_Li2TeC2_peak_seed9533,Li2TeC2,peak,9533,9,0.277875,0.052507,0.48485,0.0,-0.337254,0.052507,-0.130279,-0.615129,-0.106551,0.148511,-0.010195,0.001855,8,8,7,8,8,5.319794,1.587475,3.965553,-7.343741,-1.840308,1,8
case_07_Li2TeC2_peak_seed9533,Li2TeC2,peak,9533,10,0.268501,0.073399,0.63736,0.0,-0.368858,0.073399,0.0,-0.63736,-0.131247,0.207603,-0.033259,0.041681,8,8,7,7,8,5.320387,1.495647,2.583643,-11.079564,-1.199183,2,7
case_07_Li2TeC2_peak_seed9533,Li2TeC2,peak,9533,11,0.289837,0.072386,0.598237,0.0,-0.347523,0.072386,-0.039122,-0.63736,-0.104416,0.204738,-0.002499,0.059071,8,8,8,8,8,5.311875,1.592478,3.716158,-5.032605,-2.895151,2,7
case_07_Li2TeC2_peak_seed9533,Li2TeC2,peak,9533,12,0.261284,0.060797,0.468427,0.0,-0.376075,0.060797,-0.168933,-0.63736,-0.12632,0.17196,-0.189911,1.759454,8,8,8,8,8,5.327942,2.409259,2.733834,0.792691,-1.473378,2,7
case_07_Li2TeC2_peak_seed9533,Li2TeC2,peak,9533,13,0.316514,0.060917,0.532846,0.0,-0.320846,0.060917,-0.104514,-0.63736,-0.067537,0.1723,0.054919,-0.062332,8,8,8,8,8,5.309096,2.021483,4.385775,3.037067,-3.247362,1,8
case_07_Li2TeC2_peak_seed9533,Li2TeC2,peak,9533,14,0.335868,0.051647,0.446035,0.0,-0.301492,0.051647,-0.191325,-0.63736,-0.045773,0.14608,0.041388,0.310369,8,8,8,7,8,5.317687,2.484738,4.035208,-5.955036,-0.695999,1,7
case_07_Li2TeC2_peak_seed9533,Li2TeC2,peak,9533,15,0.291078,0.042706,0.400506,0.0,-0.346282,0.042706,-0.236854,-0.63736,-0.086035,0.120792,0.055578,-0.210082,8,8,8,8,8,5.332209,1.607639,2.740756,5.800361,-2.453532,1,8
case_07_Li2TeC2_peak_seed9533,Li2TeC2,peak,9533,16,0.264947,0.028865,0.380827,0.137623,-0.372413,0.028865,-0.256533,-0.499737,-0.106558,0.081643,0.020658,-0.030213,8,7,8,7,8,5.315929,2.47526,2.597842,-5.971338,-0.779747,0,8
case_07_Li2TeC2_peak_seed9533,Li2TeC2,peak,9533,17,0.319164,0.046137,0.470788,0.0,-0.318195,0.046137,-0.166572,-0.63736,-0.049723,0.130494,0.054408,0.229395,8,8,8,7,8,5.335509,1.882874,2.724833,4.189368,-2.2929,1,7
case_07_Li2TeC2_peak_seed9533,Li2TeC2,peak,9533,18,0.273732,0.06104,0.511588,0.0,-0.363627,0.06104,-0.125772,-0.63736,-0.090398,0.172647,0.036626,0.050992,8,7,7,7,8,5.317606,1.554049,1.983307,12.684776,-1.256944,2,8
case_07_Li2TeC2_peak_seed9533,Li2TeC2,peak,9533,19,0.23406,0.054382,0.479578,0.0,-0.4033,0.054382,-0.157782,-0.63736,-0.123566,0.153816,0.003859,0.104092,8,8,7,7,8,5.319592,2.623006,4.860742,-9.524519,-1.731431,2,8
case_07_Li2TeC2_peak_seed9533,Li2TeC2,peak,9533,20,0.362786,0.041255,0.513445,0.195426,-0.274574,0.041255,-0.123915,-0.441934,0.004901,0.116686,-0.047176,1.941852,8,7,6,8,8,5.299104,1.944598,5.491726,-11.063978,-3.049637,0,8
case_07_Li2TeC2_peak_seed9533,Li2TeC2,peak,9533,21,0.398123,0.048188,0.671269,0.223691,-0.273147,0.048188,0.0,-0.447579,0.006012,0.136295,0.119448,0.330428,8,8,8,7,8,5.321142,2.49481,5.52257,9.63943,-2.137118,0,8
case_07_Li2TeC2_peak_seed9533,Li2TeC2,peak,9533,22,0.24998,0.057049,0.431567,0.0,-0.421289,0.057049,-0.239703,-0.671269,-0.135024,0.16136,-0.019121,0.339164,8,7,8,8,8,5.301126,1.796596,2.079228,10.642174,-2.438959,2,7
case_07_Li2TeC2_peak_seed9533,Li2TeC2,peak,9533,23,0.3103,0.051175,0.506907,0.0,-0.360969,0.051175,-0.164362,-0.671269,-0.070969,0.144745,0.104017,-0.222539,8,8,8,8,8,5.31053,1.436954,2.861611,-3.426709,-3.582532,1,8
case_07_Li2TeC2_peak_seed9533,Li2TeC2,peak,9533,24,0.312654,0.05818,0.606572,0.0,-0.358615,0.05818,-0.064698,-0.671269,-0.065184,0.164558,-0.052748,1.431572,8,8,8,8,8,5.324616,1.210751,5.241615,-6.344873,-2.691308,1,8
case_07_Li2TeC2_peak_seed9533,Li2TeC2,peak,9533,25,0.355714,0.037193,0.585252,0.190658,-0.315555,0.037193,-0.086017,-0.480612,-0.021018,0.105199,0.087221,0.493193,8,8,8,8,8,5.31537,1.981635,3.99131,-9.232311,-2.712334,0,8
case_07_Li2TeC2_peak_seed9533,Li2TeC2,peak,9533,26,0.281946,0.061283,0.493186,0.0,-0.389323,0.061283,-0.178083,-0.671269,-0.090047,0.173334,0.074043,-0.031153,8,8,8,7,8,5.314108,2.203041,2.321119,16.386339,-2.310861,2,8
case_07_Li2TeC2_peak_seed9533,Li2TeC2,peak,9533,27,0.195202,0.047624,0.398814,0.0,-0.476067,0.047624,-0.272455,-0.671269,-0.167951,0.134701,-0.012211,0.078133,8,8,8,8,8,5.315432,2.152962,3.273794,5.86596,-0.938097,2,7
case_07_Li2TeC2_peak_seed9533,Li2TeC2,peak,9533,28,0.282947,0.064813,0.475452,0.0,-0.388323,0.064813,-0.195817,-0.671269,-0.076196,0.183318,0.091908,-0.022836,8,8,7,7,8,5.323834,1.621619,3.125064,-9.933702,-2.761412,2,8
case_07_Li2TeC2_peak_seed9533,Li2TeC2,peak,9533,29,0.358684,0.067462,0.616225,0.0,-0.312585,0.067462,-0.055045,-0.671269,-0.000436,0.190811,0.13686,0.315225,8,8,8,8,8,5.324995,3.107576,6.124066,1.942743,-2.023078,1,7
case_07_Li2TeC2_peak_seed9533,Li2TeC2,peak,9533,30,0.278814,0.058436,0.408153,0.0,-0.392456,0.058436,-0.263116,-0.671269,-0.076291,0.165283,0.117621,-0.214943,8,8,8,8,8,5.323761,3.412491,3.007244,1.712911,-0.895653,2,7
case_07_Li2TeC2_peak_seed9533,Li2TeC2,peak,9533,31,0.304403,0.052861,0.478777,0.0,-0.366866,0.052861,-0.192493,-0.671269,-0.048166,0.149514,0.03369,0.939369,8,7,8,8,8,5.323142,2.624796,4.488911,5.233178,-1.047835,1,7
case_07_Li2TeC2_peak_seed9533,Li2TeC2,peak,9533,32,0.244265,0.041943,0.404401,0.0,-0.427004,0.041943,-0.266868,-0.671269,-0.102889,0.118631,0.054265,0.215403,8,8,7,7,8,5.307359,1.89342,4.043941,7.94182,-1.862136,1,8
case_07_Li2TeC2_peak_seed9533,Li2TeC2,peak,9533,33,0.307297,0.045689,0.45275,0.0,-0.363973,0.045689,-0.218519,-0.671269,-0.037865,0.129227,0.148069,-0.049359,8,8,8,8,8,5.301432,1.579555,4.571284,-2.447493,-3.858793,1,8
case_07_Li2TeC2_peak_seed9533,Li2TeC2,peak,9533,34,0.370424,0.03814,0.581084,0.251317,-0.300845,0.03814,-0.090185,-0.419953,0.023999,0.107876,0.181142,0.266714,8,7,7,6,8,5.332994,2.118585,4.563406,-13.678442,-3.53541,0,8
case_07_Li2TeC2_peak_seed9533,Li2TeC2,peak,9533,35,0.312333,0.070998,0.544523,0.0,-0.358936,0.070998,-0.126746,-0.671269,-0.032387,0.200813,0.146451,0.071765,8,8,8,8,8,5.340635,2.847025,3.056028,-5.3534,-1.753136,2,7
case_07_Li2TeC2_peak_seed9533,Li2TeC2,peak,9533,36,0.331735,0.026158,0.459022,0.225713,-0.339535,0.026158,-0.212247,-0.445556,-0.012336,0.073987,0.111485,0.648114,8,8,8,7,8,5.32638,1.982542,3.24832,2.057572,-2.449555,0,8
case_07_Li2TeC2_peak_seed9533,Li2TeC2,peak,9533,37,0.357831,0.041242,0.56164,0.195945,-0.313438,0.041242,-0.10963,-0.475325,0.013072,0.11665,0.078084,1.269229,8,8,7,8,8,5.332101,2.943559,4.010504,2.563013,-4.098546,0,8
case_07_Li2TeC2_peak_seed9533,Li2TeC2,peak,9533,38,0.384508,0.061306,0.586713,0.0,-0.286761,0.061306,-0.084557,-0.671269,0.037762,0.173401,0.189072,0.42529,8,8,8,8,8,5.322604,2.508163,4.536314,1.243283,-2.273313,1,8
case_07_Li2TeC2_peak_seed9533,Li2TeC2,peak,9533,39,0.376841,0.035997,0.536835,0.174991,-0.294428,0.035997,-0.134434,-0.496279,0.02859,0.101816,0.221243,0.031582,8,7,8,8,8,5.324197,1.873395,3.379515,1.086301,-3.369079,0,8
case_07_Li2TeC2_peak_seed9533,Li2TeC2,peak,9533,40,0.323799,0.053576,0.591243,0.0,-0.34747,0.053576,-0.080026,-0.671269,-0.023229,0.151537,0.100196,0.746194,8,8,7,7,8,5.323516,2.714909,3.254999,-1.842211,-1.929285,1,7
case_07_Li2TeC2_peak_seed9533,Li2TeC2,peak,9533,41,0.309681,0.050648,0.476292,0.0,-0.361588,0.050648,-0.194977,-0.671269,-0.03548,0.143255,0.071073,0.941653,8,8,8,7,8,5.323457,2.885418,3.182932,0.940215,-2.751026,1,8
case_07_Li2TeC2_peak_seed9533,Li2TeC2,peak,9533,42,0.282565,0.043814,0.445693,0.0,-0.388704,0.043814,-0.225577,-0.671269,-0.059466,0.123925,0.157797,-0.146523,8,7,8,8,8,5.316409,2.581378,4.12316,-3.531223,-1.92502,1,7
case_07_Li2TeC2_peak_seed9533,Li2TeC2,peak,9533,43,0.354453,0.058656,0.623421,0.170756,-0.316817,0.058656,-0.047848,-0.500514,0.0118,0.165904,0.253735,-0.368652,8,7,7,8,8,5.303154,1.640378,2.537258,23.28581,-2.13509,0,8
case_07_Li2TeC2_peak_seed9533,Li2TeC2,peak,9533,44,0.2488,0.067799,0.558079,0.0,-0.422469,0.067799,-0.113191,-0.671269,-0.089159,0.191764,0.109802,0.088551,8,8,7,8,8,5.328117,1.928262,4.211581,-0.539249,-1.414594,2,8
case_07_Li2TeC2_peak_seed9533,Li2TeC2,peak,9533,45,0.214035,0.064662,0.451085,0.0,-0.457235,0.064662,-0.220184,-0.671269,-0.117729,0.182892,0.068913,0.239912,8,8,8,7,8,5.335964,2.863561,2.973145,0.515742,-1.790979,3,8
case_07_Li2TeC2_peak_seed9533,Li2TeC2,peak,9533,46,0.252648,0.073006,0.503657,0.0,-0.418621,0.073006,-0.167612,-0.671269,-0.07516,0.206491,0.132475,0.055649,8,8,8,8,8,5.321707,2.182844,5.192943,-0.331838,-0.882126,3,5
case_07_Li2TeC2_peak_seed9533,Li2TeC2,peak,9533,47,0.209941,0.062149,0.476722,0.0,-0.461328,0.062149,-0.194547,-0.671269,-0.111973,0.175784,0.141432,-0.370594,8,8,8,6,8,5.325974,1.647501,2.032971,18.098642,-0.753123,3,7
case_07_Li2TeC2_peak_seed9533,Li2TeC2,peak,9533,48,0.288214,0.062857,0.461721,0.0,-0.383055,0.062857,-0.209549,-0.671269,-0.032015,0.177787,0.092558,0.947046,8,7,8,7,8,5.316487,2.590785,3.302714,3.033588,-3.36717,2,6
case_07_Li2TeC2_peak_seed9533,Li2TeC2,peak,9533,49,0.275756,0.061286,0.50004,0.0,-0.395513,0.061286,-0.17123,-0.671269,-0.04225,0.173342,0.059142,1.207027,8,8,8,7,8,5.317966,2.829882,5.21673,-2.842727,-1.622897,2,8
case_07_Li2TeC2_peak_seed9533,Li2TeC2,peak,9533,50,0.229776,0.071303,0.539157,0.0,-0.441493,0.071303,-0.132112,-0.671269,-0.083818,0.201675,0.182616,-0.414634,8,8,8,8,8,5.300653,2.82035,2.748625,21.047951,-2.031551,3,7
case_07_Li2TeC2_peak_seed9533,Li2TeC2,peak,9533,51,0.269211,0.063757,0.496541,0.0,-0.402058,0.063757,-0.174728,-0.671269,-0.042164,0.180333,0.128032,0.571291,8,8,8,7,8,5.319353,3.216786,3.428335,4.999428,-1.351263,2,8
case_07_Li2TeC2_peak_seed9533,Li2TeC2,peak,9533,52,0.396172,0.04,0.611192,0.1996,-0.275098,0.04,-0.060078,-0.471669,0.080557,0.113137,0.259436,0.513315,8,8,8,8,8,5.316967,2.205529,3.47248,7.727551,-3.875885,0,8
case_07_Li2TeC2_peak_seed9533,Li2TeC2,peak,9533,53,0.368081,0.054813,0.625465,0.193127,-0.303188,0.054813,-0.045805,-0.478143,0.049843,0.155034,0.299694,-0.177541,8,8,8,8,8,5.308809,2.210693,3.759033,-2.842827,-2.445503,0,8
case_07_Li2TeC2_peak_seed9533,Li2TeC2,peak,9533,54,0.330038,0.040194,0.508417,0.131283,-0.341231,0.040194,-0.162852,-0.539987,0.01121,0.113686,0.197993,0.483586,8,8,8,8,8,5.32759,2.45717,3.955519,-10.64008,-1.687186,0,8
case_07_Li2TeC2_peak_seed9533,Li2TeC2,peak,9533,55,0.203746,0.077833,0.52605,0.0,-0.467523,0.077833,-0.145219,-0.671269,-0.109328,0.220146,0.121483,0.073538,8,8,8,8,8,5.326346,2.96904,5.342701,-4.78224,0.033291,4,6
case_07_Li2TeC2_peak_seed9533,Li2TeC2,peak,9533,56,0.299954,0.055126,0.482637,0.0,-0.371316,0.055126,-0.188632,-0.671269,-0.012464,0.155921,0.167589,0.605735,8,8,7,8,8,5.317228,2.255001,2.17223,-5.286218,-1.783046,1,7
case_07_Li2TeC2_peak_seed9533,Li2TeC2,peak,9533,57,0.30131,0.052437,0.510031,0.0,-0.369959,0.052437,-0.161239,-0.671269,-0.010552,0.148313,0.19009,0.424401,8,8,8,7,8,5.30661,2.320389,4.055601,-12.050422,-1.406695,1,7
case_07_Li2TeC2_peak_seed9533,Li2TeC2,peak,9533,58,0.306559,0.058939,0.48279,0.0,-0.36471,0.058939,-0.188479,-0.671269,-0.005038,0.166704,0.225431,0.152251,8,7,7,8,8,5.304993,2.037615,3.873706,38.419807,-2.71901,1,8
case_07_Li2TeC2_peak_seed9533,Li2TeC2,peak,9533,59,0.255567,0.044479,0.379673,0.0,-0.415702,0.044479,-0.291597,-0.671269,-0.053229,0.125805,0.16664,0.278449,8,8,8,7,8,5.301337,1.111233,2.374909,-2.32658,-1.956682,1,7
case_07_Li2TeC2_peak_seed9533,Li2TeC2,peak,9533,60,0.284535,0.060841,0.507423,0.0,-0.386735,0.060841,-0.163846,-0.671269,-0.023048,0.172085,0.24664,-0.202463,8,8,8,8,8,5.317363,2.671441,2.523061,16.053904,-2.050562,2,7
case_07_Li2TeC2_peak_seed9533,Li2TeC2,peak,9533,61,0.410123,0.059144,0.681073,0.194101,-0.27095,0.059144,0.0,-0.486971,0.0881,0.167286,0.272418,0.676249,8,8,8,8,8,5.33225,2.022382,2.514474,1.055431,-2.010243,0,8
case_07_Li2TeC2_peak_seed9533,Li2TeC2,peak,9533,62,0.246534,0.057049,0.464235,0.0,-0.434539,0.057049,-0.216837,-0.681073,-0.071715,0.16136,0.147853,0.344548,8,8,8,8,8,5.31434,2.464391,5.127674,-8.572399,-2.786597,2,7
case_07_Li2TeC2_peak_seed9533,Li2TeC2,peak,9533,63,0.358471,0.034307,0.581558,0.250293,-0.322601,0.034307,-0.099514,-0.430779,0.038211,0.097036,0.290673,0.0369,8,8,8,5,8,5.318876,3.459086,2.70333,3.542776,-1.130103,0,8
case_07_Li2TeC2_peak_seed9533,Li2TeC2,peak,9533,64,0.360845,0.041828,0.533088,0.151726,-0.320228,0.041828,-0.147985,-0.529346,0.038556,0.118307,0.198339,0.980989,8,8,8,8,8,5.31746,3.248943,3.355787,-8.312087,-4.200013,0,8
case_07_Li2TeC2_peak_seed9533,Li2TeC2,peak,9533,65,0.246939,0.042223,0.390513,0.0,-0.434134,0.042223,-0.29056,-0.681073,-0.071583,0.119424,0.210394,-0.216017,8,8,8,8,8,5.332311,1.563128,1.79403,11.097425,-1.42737,1,7
case_07_Li2TeC2_peak_seed9533,Li2TeC2,peak,9533,66,0.299022,0.033987,0.493223,0.200771,-0.382051,0.033987,-0.18785,-0.480301,-0.018525,0.096129,0.151437,0.925709,8,8,7,8,8,5.309305,2.025677,2.484856,-6.376868,-1.959482,0,8
case_07_Li2TeC2_peak_seed9533,Li2TeC2,peak,9533,67,0.29161,0.045537,0.443305,0.0,-0.389462,0.045537,-0.237767,-0.681073,-0.024639,0.128797,0.275467,-0.356658,8,8,8,7,8,5.31021,2.014299,3.501332,4.765975,-1.994181,1,8
case_07_Li2TeC2_peak_seed9533,Li2TeC2,peak,9533,68,0.438104,0.02755,0.57222,0.343515,-0.242968,0.02755,-0.108852,-0.337557,0.115762,0.077922,0.350292,0.324575,8,8,8,7,8,5.312477,2.319605,4.364124,-1.280861,-3.898467,0,8
case_07_Li2TeC2_peak_seed9533,Li2TeC2,peak,9533,69,0.354137,0.028949,0.45812,0.196137,-0.326936,0.028949,-0.222953,-0.484935,0.030204,0.081879,0.250504,0.491719,8,8,8,8,8,5.301983,1.92873,4.758721,-9.087688,-2.352259,0,8
case_07_Li2TeC2_peak_seed9533,Li2TeC2,peak,9533,70,0.244847,0.062765,0.458523,0.0,-0.436225,0.062765,-0.222549,-0.681073,-0.075131,0.177526,0.193297,0.029615,8,8,8,7,8,5.311261,1.779433,3.177318,-6.222428,-1.761474,2,7
case_07_Li2TeC2_peak_seed9533,Li2TeC2,peak,9533,71,0.299283,0.056697,0.490002,0.0,-0.38179,0.056697,-0.19107,-0.681073,-0.01966,0.160363,0.274394,-0.201435,8,8,8,7,8,5.326338,1.636345,2.389578,11.554186,-2.531143,1,8
case_07_Li2TeC2_peak_seed9533,Li2TeC2,peak,9533,72,0.321312,0.076873,0.608172,0.0,-0.359761,0.076873,-0.0729,-0.681073,0.00225,0.217429,0.29068,-0.11969,8,8,8,7,8,5.314484,1.277195,1.97145,3.824888,-2.312292,2,7
case_07_Li2TeC2_peak_seed9533,Li2TeC2,peak,9533,73,0.296176,0.055864,0.546141,0.0,-0.384897,0.055864,-0.134932,-0.681073,-0.021741,0.158008,0.296931,-0.396381,8,8,8,8,8,5.327981,1.91861,5.122243,-9.819386,-1.554903,1,7
case_07_Li2TeC2_peak_seed9533,Li2TeC2,peak,9533,74,0.34346,0.06081,0.539479,0.0,-0.337612,0.06081,-0.141594,-0.681073,0.024266,0.171998,0.290632,0.15165,8,8,8,8,8,5.31375,1.76431,4.872781,-8.986093,-0.489507,1,8
case_07_Li2TeC2_peak_seed9533,Li2TeC2,peak,9533,75,0.230893,0.03792,0.377983,0.0,-0.450179,0.03792,-0.30309,-0.681073,-0.083886,0.107253,0.168991,0.311216,8,8,8,8,8,5.328307,3.119221,4.222439,-0.700815,-1.9691,1,8
case_07_Li2TeC2_peak_seed9533,Li2TeC2,peak,9533,76,0.329619,0.070027,0.506972,0.0,-0.351454,0.070027,-0.1741,-0.681073,0.014097,0.198068,0.275008,0.257437,8,7,8,8,8,5.334448,2.328865,4.408184,-3.460525,-0.690401,2,6
case_07_Li2TeC2_peak_seed9533,Li2TeC2,peak,9533,77,0.286337,0.052171,0.503273,0.0,-0.394735,0.052171,-0.1778,-0.681073,-0.027725,0.147562,0.248974,0.116241,8,8,7,4,7,5.299612,1.825447,2.30339,-3.073093,-1.970473,1,7
case_07_Li2TeC2_peak_seed9533,Li2TeC2,peak,9533,78,0.32729,0.040191,0.536155,0.171971,-0.353782,0.040191,-0.144918,-0.509101,0.012567,0.113676,0.333822,-0.298823,8,8,8,8,8,5.546121,1.444281,6.035457,25.864647,-2.778773,0,8
case_07_Li2TeC2_peak_seed9533,Li2TeC2,peak,9533,79,0.368265,0.021325,0.484465,0.284067,-0.312807,0.021325,-0.196607,-0.397005,0.050865,0.060315,0.329104,0.156191,8,8,8,8,8,5.309125,3.357306,2.768132,3.137919,-2.772904,0,8
case_07_Li2TeC2_peak_seed9533,Li2TeC2,peak,9533,80,0.285558,0.045818,0.449423,0.0,-0.395514,0.045818,-0.231649,-0.681073,-0.03025,0.129594,0.305151,-0.393375,8,8,8,8,8,5.329009,1.638022,3.447664,13.112223,-1.861735,1,8
case_07_Li2TeC2_peak_seed9533,Li2TeC2,peak,9533,81,0.402015,0.059409,0.561341,0.0,-0.279057,0.059409,-0.119732,-0.681073,0.081896,0.168034,0.363215,0.163771,8,8,8,8,8,5.33813,4.061454,4.270148,3.106387,-3.302541,1,8
case_07_Li2TeC2_peak_seed9533,Li2TeC2,peak,9533,82,0.40102,0.07416,0.74866,0.0,-0.34764,0.07416,0.0,-0.74866,0.012648,0.209756,0.296192,0.156902,8,8,8,8,8,5.335423,2.403608,4.184244,-7.76173,-2.765667,1,8
case_07_Li2TeC2_peak_seed9533,Li2TeC2,peak,9533,83,0.351562,0.071573,0.670277,0.0,-0.397098,0.071573,-0.078383,-0.74866,-0.03497,0.202439,0.256249,0.097844,8,8,8,8,8,5.300312,1.686495,4.641803,-5.047579,-2.485519,1,7
case_07_Li2TeC2_peak_seed9533,Li2TeC2,peak,9533,84,0.269645,0.044559,0.44102,0.0,-0.479016,0.044559,-0.30764,-0.74866,-0.111043,0.126031,0.188113,0.034584,8,8,6,8,8,5.333689,1.452512,2.741952,1.365568,-2.346509,1,8
case_07_Li2TeC2_peak_seed9533,Li2TeC2,peak,9533,85,0.273627,0.065995,0.662037,0.0,-0.475033,0.065995,-0.086623,-0.74866,-0.101707,0.186662,0.203187,-0.004425,8,8,8,8,8,5.333866,2.42876,3.315012,-6.895669,-0.710097,1,7
case_07_Li2TeC2_peak_seed9533,Li2TeC2,peak,9533,86,0.319148,0.058824,0.542012,0.0,-0.429512,0.058824,-0.206648,-0.74866,-0.053377,0.16638,0.247865,0.058119,8,7,8,7,8,5.324872,1.606134,3.539956,-4.52181,-2.768571,1,8
case_07_Li2TeC2_peak_seed9533,Li2TeC2,peak,9533,87,0.284302,0.044499,0.416854,0.0,-0.464359,0.044499,-0.331806,-0.74866,-0.083812,0.125863,0.20584,0.20388,8,8,8,6,8,5.311422,1.897778,2.360186,-0.432366,-2.074236,1,8
case_07_Li2TeC2_peak_seed9533,Li2TeC2,peak,9533,88,0.195055,0.057718,0.45248,0.0,-0.553605,0.057718,-0.29618,-0.74866,-0.164406,0.163253,0.093972,0.539264,8,7,8,7,8,5.319642,1.65042,3.568479,-3.736974,0.295331,3,6
case_07_Li2TeC2_peak_seed9533,Li2TeC2,peak,9533,89,0.364541,0.063499,0.588099,0.0,-0.38412,0.063499,-0.160561,-0.74866,0.004826,0.179603,0.279061,0.402911,8,8,8,7,8,5.32696,1.794947,5.481974,11.718196,-3.27313,1,7
case_07_Li2TeC2_peak_seed9533,Li2TeC2,peak,9533,90,0.353465,0.032307,0.482331,0.181828,-0.395196,0.032307,-0.26633,-0.566832,-0.005938,0.091377,0.300001,0.097698,8,8,8,8,8,5.323741,2.448762,4.615026,2.625191,-2.433014,0,8
case_07_Li2TeC2_peak_seed9533,Li2TeC2,peak,9533,91,0.321633,0.055302,0.533368,0.0,-0.427027,0.055302,-0.215292,-0.74866,-0.035881,0.156419,0.279245,0.019528,8,6,8,8,8,5.304699,2.713599,3.644412,3.347244,-2.568825,1,8
case_07_Li2TeC2_peak_seed9533,Li2TeC2,peak,9533,92,0.302088,0.066234,0.506424,0.0,-0.446573,0.066234,-0.242237,-0.74866,-0.052655,0.187339,0.253504,0.124421,8,7,8,8,8,5.318351,2.521881,3.222147,1.963787,-0.943708,2,7
case_07_Li2TeC2_peak_seed9533,Li2TeC2,peak,9533,93,0.351526,0.042189,0.513722,0.203565,-0.397134,0.042189,-0.234938,-0.545095,-0.003056,0.119329,0.368469,-0.511519,8,8,7,8,8,5.302608,1.354584,2.870652,16.46023,-3.351782,0,8
case_07_Li2TeC2_peak_seed9533,Li2TeC2,peak,9533,94,0.340174,0.050752,0.443263,0.0,-0.408486,0.050752,-0.305397,-0.74866,-0.013687,0.143547,0.303488,0.048167,8,8,8,8,8,5.306914,2.51426,2.930755,-3.403306,-2.91421,1,8
case_07_Li2TeC2_peak_seed9533,Li2TeC2,peak,9533,95,0.250386,0.072987,0.652869,0.0,-0.498274,0.072987,-0.095792,-0.74866,-0.098301,0.206438,0.224419,0.013472,8,7,7,7,7,5.330666,2.953484,2.45488,2.05248,-1.132894,2,7
case_07_Li2TeC2_peak_seed9533,Li2TeC2,peak,9533,96,0.321294,0.054681,0.522764,0.0,-0.427366,0.054681,-0.225897,-0.74866,-0.026024,0.154661,0.336249,-0.364562,8,8,8,7,8,5.329256,1.541981,2.420884,3.662851,-3.748823,1,7
case_07_Li2TeC2_peak_seed9533,Li2TeC2,peak,9533,97,0.322257,0.052623,0.54841,0.0,-0.426403,0.052623,-0.20025,-0.74866,-0.023808,0.148841,0.202355,1.015389,8,8,8,8,8,5.329385,2.204655,4.537685,-3.143805,-1.926868,1,8
case_07_Li2TeC2_peak_seed9533,Li2TeC2,peak,9533,98,0.276782,0.064785,0.475936,0.0,-0.471879,0.064785,-0.272725,-0.74866,-0.065819,0.183241,0.250139,0.137037,8,8,7,8,8,5.318508,2.652932,6.334558,-5.436484,-1.409374,2,8
case_07_Li2TeC2_peak_seed9533,Li2TeC2,peak,9533,99,0.325347,0.033837,0.442371,0.140756,-0.423313,0.033837,-0.306289,-0.607904,-0.016391,0.095706,0.176251,1.384321,8,8,8,7,8,5.314545,3.097588,3.749313,-2.490928,-3.257637,0,8
case_07_Li2TeC2_peak_seed9533,Li2TeC2,peak,9533,100,0.29941,0.046714,0.434664,0.0,-0.44925,0.046714,-0.313996,-0.74866,-0.040211,0.132127,0.212895,0.796188,8,8,8,7,8,5.307715,2.890641,3.04787,-6.052949,-1.440002,1,8
case_08_NaNiH3_cosine_seed9541,NaNiH3,cosine,9541,1,0.205089,0.008121,0.249537,0.182732,-0.044447,0.008121,0.0,-0.066804,0.0,0.022969,1.99926,0.000867,8,3,7,6,7,1.164488,0.891761,2.337104,-3.520905,-6.25235,0,8
case_08_NaNiH3_cosine_seed9541,NaNiH3,cosine,9541,2,0.219714,0.01178,0.286388,0.183263,-0.066674,0.01178,0.0,-0.103125,-0.021115,0.033318,2.015273,-0.061696,8,4,7,6,7,1.401039,1.154524,2.186192,-5.553057,-5.363178,0,8
case_08_NaNiH3_cosine_seed9541,NaNiH3,cosine,9541,3,0.218332,0.008687,0.2467,0.18349,-0.068055,0.008687,-0.039687,-0.102897,-0.021372,0.024569,2.022169,0.104688,8,3,7,6,7,1.087608,1.328065,1.917534,-5.980059,-7.137087,0,8
case_08_NaNiH3_cosine_seed9541,NaNiH3,cosine,9541,4,0.209508,0.013043,0.26848,0.144583,-0.076879,0.013043,-0.017908,-0.141804,-0.028686,0.036891,2.030623,0.178304,8,4,8,7,8,1.441378,1.092564,2.985465,-6.754741,-6.222655,0,8
case_08_NaNiH3_cosine_seed9541,NaNiH3,cosine,9541,5,0.223485,0.009204,0.25332,0.183659,-0.062903,0.009204,-0.033068,-0.102728,-0.013974,0.026033,2.064935,0.183608,8,2,7,6,7,0.898099,1.503573,2.526464,-7.63174,-7.83998,0,8
case_08_NaNiH3_cosine_seed9541,NaNiH3,cosine,9541,6,0.199536,0.006857,0.233672,0.18344,-0.086852,0.006857,-0.052715,-0.102948,-0.036027,0.019394,2.058706,0.267647,8,3,5,4,5,1.435642,0.866459,1.423509,-5.268136,-4.521441,0,8
case_08_NaNiH3_cosine_seed9541,NaNiH3,cosine,9541,7,0.208976,0.012408,0.283723,0.183433,-0.077412,0.012408,-0.002665,-0.102955,-0.025257,0.035095,2.103543,0.091531,8,3,5,4,5,1.641653,0.908027,0.813113,-3.543525,-4.88256,0,8
case_08_NaNiH3_cosine_seed9541,NaNiH3,cosine,9541,8,0.225851,0.008042,0.256285,0.177696,-0.060536,0.008042,-0.030103,-0.108691,-0.007963,0.022746,2.125955,0.225931,8,5,7,8,8,1.860529,0.940455,2.557192,-5.189666,-5.190337,0,8
case_08_NaNiH3_cosine_seed9541,NaNiH3,cosine,9541,9,0.21877,0.00787,0.239855,0.182206,-0.067618,0.00787,-0.046533,-0.104181,-0.014293,0.022261,2.145867,0.134965,8,2,7,6,7,0.975067,1.31615,2.949758,-9.36824,-6.693975,0,8
case_08_NaNiH3_cosine_seed9541,NaNiH3,cosine,9541,10,0.219654,0.007853,0.239617,0.183026,-0.066733,0.007853,-0.04677,-0.103362,-0.012737,0.022212,2.142512,0.376825,8,4,8,8,8,1.453364,1.792144,3.070023,-7.428549,-6.771752,0,8
case_08_NaNiH3_cosine_seed9541,NaNiH3,cosine,9541,11,0.234412,0.007933,0.258214,0.181644,-0.051975,0.007933,-0.028173,-0.104744,0.001919,0.022437,2.140411,0.723687,8,2,8,7,8,0.82089,2.153302,1.956111,-10.728086,-6.590882,0,8
case_08_NaNiH3_cosine_seed9541,NaNiH3,cosine,9541,12,0.211427,0.010445,0.2593,0.182759,-0.07496,0.010445,-0.027088,-0.103629,-0.020012,0.029544,2.213511,-0.112973,8,4,6,6,7,1.518481,0.72692,1.939267,-4.186768,-5.794629,0,8
case_08_NaNiH3_cosine_seed9541,NaNiH3,cosine,9541,13,0.21816,0.007332,0.258723,0.189869,-0.068228,0.007332,-0.027665,-0.096518,-0.012616,0.020737,2.19377,0.287639,8,4,7,7,8,1.855745,1.034836,2.597901,-0.7666,-6.428663,0,8
case_08_NaNiH3_cosine_seed9541,NaNiH3,cosine,9541,14,0.215401,0.015994,0.270842,0.134948,-0.070986,0.015994,-0.015545,-0.151439,-0.014606,0.045238,2.192819,0.40567,8,4,7,8,8,1.483738,2.30531,1.991573,-2.952478,-6.729931,0,8
case_08_NaNiH3_cosine_seed9541,NaNiH3,cosine,9541,15,0.215657,0.00747,0.239073,0.183373,-0.070731,0.00747,-0.047314,-0.103014,-0.013632,0.021128,2.285036,-0.37709,8,5,7,7,7,1.836884,1.077843,3.056424,-5.128205,-5.607849,0,8
case_08_NaNiH3_cosine_seed9541,NaNiH3,cosine,9541,16,0.217299,0.012801,0.239926,0.127171,-0.069089,0.012801,-0.046461,-0.159216,-0.011391,0.036206,2.197275,0.62675,8,5,8,8,8,2.293514,1.710806,3.393826,-2.910723,-7.330953,0,8
case_08_NaNiH3_cosine_seed9541,NaNiH3,cosine,9541,17,0.210954,0.008232,0.237695,0.182681,-0.075433,0.008232,-0.048693,-0.103706,-0.016849,0.023283,2.199574,0.675838,8,3,7,6,7,1.164604,1.768057,1.914823,-5.3824,-6.232366,0,8
case_08_NaNiH3_cosine_seed9541,NaNiH3,cosine,9541,18,0.214175,0.009047,0.254654,0.183274,-0.072212,0.009047,-0.031734,-0.103113,-0.012946,0.02559,2.246517,0.352512,8,3,7,6,7,1.354219,0.946957,1.30094,-2.677508,-6.285525,0,8
case_08_NaNiH3_cosine_seed9541,NaNiH3,cosine,9541,19,0.214746,0.010605,0.251269,0.178084,-0.071642,0.010605,-0.035119,-0.108303,-0.011757,0.029994,2.215635,0.783339,8,4,7,6,7,1.324163,2.058599,1.800727,-4.793009,-6.264598,0,8
case_08_NaNiH3_cosine_seed9541,NaNiH3,cosine,9541,20,0.20216,0.008224,0.241223,0.181652,-0.084227,0.008224,-0.045164,-0.104736,-0.023125,0.02326,2.240309,0.510603,8,4,7,7,7,1.561022,1.353877,3.145272,-4.031299,-5.757084,0,8
case_08_NaNiH3_cosine_seed9541,NaNiH3,cosine,9541,21,0.228203,0.012785,0.290339,0.180742,-0.062137,0.012785,0.0,-0.109597,-0.000983,0.036162,2.28882,0.336083,8,5,8,6,8,1.907035,0.832252,1.432211,-5.166245,-5.491753,0,8
case_08_NaNiH3_cosine_seed9541,NaNiH3,cosine,9541,22,0.21178,0.013954,0.307793,0.183106,-0.096012,0.013954,0.0,-0.124686,-0.033116,0.039467,2.300279,-0.006267,8,4,6,5,6,1.478838,1.618343,1.9293,-2.64913,-4.18635,0,8
case_08_NaNiH3_cosine_seed9541,NaNiH3,cosine,9541,23,0.225055,0.010326,0.264135,0.183015,-0.082738,0.010326,-0.043658,-0.124778,-0.018849,0.029208,2.340215,-0.170956,8,4,6,7,7,1.561098,1.941225,3.194624,-3.499696,-6.391496,0,8
case_08_NaNiH3_cosine_seed9541,NaNiH3,cosine,9541,24,0.188609,0.018255,0.254694,0.097521,-0.119184,0.018255,-0.053098,-0.210272,-0.05253,0.051632,2.24449,0.543904,8,4,7,7,7,1.798085,1.161062,3.6492,-3.697253,-5.559146,0,8
case_08_NaNiH3_cosine_seed9541,NaNiH3,cosine,9541,25,0.195912,0.012514,0.239028,0.117894,-0.111881,0.012514,-0.068765,-0.189899,-0.042966,0.035394,2.286547,0.300937,8,4,7,6,7,1.401573,0.879113,2.176299,-6.172275,-5.662715,0,8
case_08_NaNiH3_cosine_seed9541,NaNiH3,cosine,9541,26,0.208812,0.009388,0.244393,0.181823,-0.098981,0.009388,-0.0634,-0.12597,-0.028563,0.026554,2.20274,1.358757,8,2,5,5,5,1.052261,1.420156,1.205666,-5.298659,-5.983252,0,8
case_08_NaNiH3_cosine_seed9541,NaNiH3,cosine,9541,27,0.227111,0.011326,0.269668,0.178028,-0.080682,0.011326,-0.038125,-0.129765,-0.009751,0.032035,2.357028,0.080797,8,4,7,6,7,1.806272,1.291618,1.711799,-5.790838,-6.099464,0,8
case_08_NaNiH3_cosine_seed9541,NaNiH3,cosine,9541,28,0.202341,0.013349,0.249225,0.128956,-0.105452,0.013349,-0.058567,-0.178837,-0.032795,0.037757,2.308568,0.398757,8,4,8,7,8,1.583957,1.648142,2.258564,2.79431,-5.311535,0,8
case_08_NaNiH3_cosine_seed9541,NaNiH3,cosine,9541,29,0.219921,0.010206,0.259196,0.183651,-0.087871,0.010206,-0.048597,-0.124142,-0.014453,0.028867,2.310549,0.626629,8,5,8,8,8,1.743561,1.588754,2.14355,-4.381056,-6.423689,0,8
case_08_NaNiH3_cosine_seed9541,NaNiH3,cosine,9541,30,0.198143,0.006447,0.241432,0.182357,-0.10965,0.006447,-0.066361,-0.125436,-0.034421,0.018234,2.312563,0.472013,8,2,5,4,5,1.129798,1.135624,1.445202,-5.003146,-5.333623,0,8
case_08_NaNiH3_cosine_seed9541,NaNiH3,cosine,9541,31,0.216673,0.007624,0.237746,0.181419,-0.09112,0.007624,-0.070047,-0.126373,-0.015096,0.021563,2.269828,1.153236,8,3,7,7,7,1.087003,1.486611,2.809121,-6.289031,-6.917117,0,8
case_08_NaNiH3_cosine_seed9541,NaNiH3,cosine,9541,32,0.214941,0.009065,0.259588,0.183637,-0.092852,0.009065,-0.048205,-0.124156,-0.015987,0.025641,2.187942,2.03195,8,4,7,6,7,1.471736,1.449259,1.135441,-3.073436,-5.624335,0,8
case_08_NaNiH3_cosine_seed9541,NaNiH3,cosine,9541,33,0.221114,0.014263,0.306659,0.182862,-0.086679,0.014263,-0.001134,-0.124931,-0.009323,0.04034,2.399603,0.026198,8,4,7,6,7,1.677923,1.484933,1.475184,-2.44447,-5.732247,0,8
case_08_NaNiH3_cosine_seed9541,NaNiH3,cosine,9541,34,0.219533,0.010549,0.262873,0.183304,-0.08826,0.010549,-0.04492,-0.124488,-0.010358,0.029837,2.187087,2.196573,8,4,7,6,7,2.287611,0.931985,2.500984,-9.958206,-5.343587,0,8
case_08_NaNiH3_cosine_seed9541,NaNiH3,cosine,9541,35,0.21998,0.013324,0.255253,0.148106,-0.087813,0.013324,-0.05254,-0.159686,-0.009416,0.037687,2.237251,1.768257,8,3,7,6,7,1.388523,1.589115,1.424693,-6.049422,-6.501977,0,8
case_08_NaNiH3_cosine_seed9541,NaNiH3,cosine,9541,36,0.221888,0.008389,0.248485,0.183339,-0.085905,0.008389,-0.059308,-0.124453,-0.007132,0.023727,2.337877,0.817858,8,3,7,7,7,1.365723,1.276083,2.721312,-9.937258,-7.268266,0,8
case_08_NaNiH3_cosine_seed9541,NaNiH3,cosine,9541,37,0.212228,0.007383,0.23669,0.180393,-0.095565,0.007383,-0.071103,-0.1274,-0.015953,0.020882,2.357121,0.573082,8,4,7,7,7,1.623749,1.405339,1.714367,-5.752521,-5.979749,0,8
case_08_NaNiH3_cosine_seed9541,NaNiH3,cosine,9541,38,0.203903,0.007992,0.244583,0.183339,-0.10389,0.007992,-0.06321,-0.124454,-0.023064,0.022605,2.465694,-0.544255,8,3,6,5,6,1.242223,0.885595,1.74121,-1.649437,-5.555731,0,8
case_08_NaNiH3_cosine_seed9541,NaNiH3,cosine,9541,39,0.224043,0.006176,0.242995,0.189839,-0.083749,0.006176,-0.064798,-0.117954,-0.002777,0.017468,2.319026,1.158733,8,2,5,6,6,0.896912,1.083252,2.789529,-10.204288,-7.35444,0,8
case_08_NaNiH3_cosine_seed9541,NaNiH3,cosine,9541,40,0.240088,0.010078,0.27991,0.182445,-0.067705,0.010078,-0.027883,-0.125348,0.012604,0.028506,2.360776,0.93813,8,3,8,7,8,1.199109,1.493962,1.724849,-7.042077,-7.083328,0,8
case_08_NaNiH3_cosine_seed9541,NaNiH3,cosine,9541,41,0.226201,0.009267,0.261238,0.17408,-0.081592,0.009267,-0.046555,-0.133713,-0.001219,0.026211,2.353498,0.910957,8,4,8,8,8,1.999779,1.098662,2.886854,-5.0714,-7.56999,0,8
case_08_NaNiH3_cosine_seed9541,NaNiH3,cosine,9541,42,0.22804,0.007139,0.24615,0.183615,-0.079753,0.007139,-0.061643,-0.124178,0.000589,0.020192,2.320722,1.296073,8,3,8,7,8,1.126432,1.500266,2.881998,-11.532581,-7.241894,0,8
case_08_NaNiH3_cosine_seed9541,NaNiH3,cosine,9541,43,0.210314,0.008008,0.25354,0.187241,-0.097478,0.008008,-0.054253,-0.120552,-0.01628,0.022649,2.317381,1.187755,8,4,6,6,6,1.560714,1.633976,1.199857,-4.725303,-6.056298,0,8
case_08_NaNiH3_cosine_seed9541,NaNiH3,cosine,9541,44,0.210905,0.008411,0.241148,0.177649,-0.096887,0.008411,-0.066645,-0.130143,-0.014904,0.02379,2.275651,1.650431,8,3,7,7,8,1.134112,1.330084,2.848526,-9.320887,-7.160821,0,8
case_08_NaNiH3_cosine_seed9541,NaNiH3,cosine,9541,45,0.208902,0.009,0.249762,0.182146,-0.098891,0.009,-0.05803,-0.125647,-0.016063,0.025457,2.356972,0.851108,8,4,7,6,7,1.845346,1.157553,2.337577,-4.807486,-6.397306,0,8
case_08_NaNiH3_cosine_seed9541,NaNiH3,cosine,9541,46,0.221574,0.007503,0.242934,0.182609,-0.086219,0.007503,-0.064859,-0.125184,-0.003221,0.021221,2.373826,0.840252,8,4,7,7,7,1.696402,1.61262,2.377881,-2.370545,-5.644486,0,8
case_08_NaNiH3_cosine_seed9541,NaNiH3,cosine,9541,47,0.212362,0.011281,0.261046,0.17496,-0.095431,0.011281,-0.046747,-0.132833,-0.011811,0.031908,2.3704,0.81298,8,3,6,6,7,1.521034,0.812734,1.48257,-6.295691,-6.178881,0,8
case_08_NaNiH3_cosine_seed9541,NaNiH3,cosine,9541,48,0.20845,0.009383,0.247028,0.180886,-0.099342,0.009383,-0.060764,-0.126907,-0.014937,0.02654,2.262068,1.895404,8,2,5,5,5,1.052306,1.605636,1.818534,-6.88035,-5.879963,0,8
case_08_NaNiH3_cosine_seed9541,NaNiH3,cosine,9541,49,0.223727,0.00688,0.243306,0.183241,-0.084066,0.00688,-0.064486,-0.124551,0.000323,0.019461,2.346756,1.234981,8,4,7,7,7,1.436354,1.704477,1.833687,-4.212365,-7.175175,0,8
case_08_NaNiH3_cosine_seed9541,NaNiH3,cosine,9541,50,0.231834,0.00756,0.260984,0.18295,-0.075959,0.00756,-0.046808,-0.124843,0.008008,0.021384,2.297761,1.8111,8,4,8,8,8,1.246306,2.408334,2.448387,-6.895145,-6.945148,0,8
case_08_NaNiH3_cosine_seed9541,NaNiH3,cosine,9541,51,0.205104,0.008158,0.240535,0.183434,-0.102689,0.008158,-0.067257,-0.124359,-0.017786,0.023074,2.366617,0.890955,8,4,7,6,7,1.711088,1.095364,2.739796,-0.727673,-5.878882,0,8
case_08_NaNiH3_cosine_seed9541,NaNiH3,cosine,9541,52,0.229477,0.008486,0.263442,0.187467,-0.078315,0.008486,-0.044351,-0.120325,0.006259,0.024001,2.426873,0.542892,8,3,7,7,7,1.409985,1.640343,2.122038,-9.456383,-6.70879,0,8
case_08_NaNiH3_cosine_seed9541,NaNiH3,cosine,9541,53,0.207715,0.010853,0.244164,0.14348,-0.100077,0.010853,-0.063629,-0.164313,-0.014728,0.030696,2.211605,2.496755,8,4,7,7,7,1.920195,1.441998,2.103749,-0.786177,-6.427543,0,8
case_08_NaNiH3_cosine_seed9541,NaNiH3,cosine,9541,54,0.230558,0.01383,0.309393,0.183541,-0.078835,0.01383,0.0,-0.125852,0.006189,0.039117,2.375298,1.092736,8,4,8,7,8,1.482945,1.088729,2.605557,-6.164345,-7.101447,0,8
case_08_NaNiH3_cosine_seed9541,NaNiH3,cosine,9541,55,0.220236,0.00685,0.246643,0.184341,-0.089157,0.00685,-0.06275,-0.125051,-0.003927,0.019374,2.27987,1.931411,8,3,7,8,8,1.056202,1.583598,2.409834,-6.717702,-7.856181,0,8
case_08_NaNiH3_cosine_seed9541,NaNiH3,cosine,9541,56,0.217712,0.008325,0.254005,0.182949,-0.091681,0.008325,-0.055388,-0.126444,-0.006128,0.023548,2.335857,1.39268,8,4,8,7,8,1.823367,1.305834,2.378351,0.372773,-5.374065,0,8
case_08_NaNiH3_cosine_seed9541,NaNiH3,cosine,9541,57,0.212713,0.008889,0.25447,0.181331,-0.09668,0.008889,-0.054922,-0.128062,-0.010571,0.025142,2.241245,2.304727,8,4,8,8,8,1.316279,1.3384,2.50701,-7.020864,-6.939465,0,8
case_08_NaNiH3_cosine_seed9541,NaNiH3,cosine,9541,58,0.233209,0.006831,0.266114,0.192844,-0.076184,0.006831,-0.043279,-0.116549,0.009429,0.019321,2.260203,2.317446,8,3,7,7,7,1.008873,2.265095,1.792083,-10.144258,-7.053152,0,8
case_08_NaNiH3_cosine_seed9541,NaNiH3,cosine,9541,59,0.224427,0.007529,0.256761,0.187448,-0.084966,0.007529,-0.052631,-0.121944,0.000615,0.021294,2.380662,1.030667,8,3,8,8,8,1.198961,2.237964,2.505136,1.222848,-7.104199,0,8
case_08_NaNiH3_cosine_seed9541,NaNiH3,cosine,9541,60,0.226231,0.009494,0.252374,0.182228,-0.083162,0.009494,-0.057018,-0.127165,0.002297,0.026852,2.330935,1.56311,8,3,8,7,8,1.134032,1.77637,1.578436,-8.353635,-6.823815,0,8
case_08_NaNiH3_cosine_seed9541,NaNiH3,cosine,9541,61,0.220335,0.009256,0.246941,0.180882,-0.089057,0.009256,-0.062451,-0.128511,-0.003418,0.026179,2.379733,1.024978,8,3,8,6,8,1.086723,1.938877,1.781032,-2.528495,-6.234299,0,8
case_08_NaNiH3_cosine_seed9541,NaNiH3,cosine,9541,62,0.218199,0.007725,0.23891,0.188017,-0.091194,0.007725,-0.070483,-0.121376,-0.005277,0.02185,2.236631,2.449176,8,3,7,7,7,1.086723,1.142684,2.068511,-7.690688,-6.994904,0,8
case_08_NaNiH3_cosine_seed9541,NaNiH3,cosine,9541,63,0.209373,0.010012,0.253788,0.179951,-0.10002,0.010012,-0.055605,-0.129441,-0.013398,0.028318,2.475613,-0.013313,8,4,6,5,6,1.54979,1.422362,1.38022,-4.218431,-4.737331,0,8
case_08_NaNiH3_cosine_seed9541,NaNiH3,cosine,9541,64,0.217109,0.007813,0.248886,0.183416,-0.092283,0.007813,-0.060506,-0.125977,-0.005378,0.022097,2.380812,1.036004,8,4,7,6,7,1.471965,1.034023,2.063056,-3.551756,-5.530284,0,8
case_08_NaNiH3_cosine_seed9541,NaNiH3,cosine,9541,65,0.214485,0.008571,0.24148,0.183126,-0.094907,0.008571,-0.067913,-0.126266,-0.007602,0.024243,2.349978,1.342136,8,3,6,6,7,1.211874,1.033917,2.35932,-7.578148,-6.454051,0,8
case_08_NaNiH3_cosine_seed9541,NaNiH3,cosine,9541,66,0.206129,0.011359,0.241138,0.153439,-0.103264,0.011359,-0.068255,-0.155954,-0.01516,0.032127,2.226252,2.516104,8,4,7,7,7,1.483667,1.731606,3.154768,-6.507654,-6.976917,0,8
case_08_NaNiH3_cosine_seed9541,NaNiH3,cosine,9541,67,0.229736,0.007726,0.251898,0.183654,-0.079657,0.007726,-0.057494,-0.125739,0.008024,0.021852,2.245931,2.564726,8,2,6,7,8,0.818763,2.396376,2.691648,-8.627478,-7.693974,0,8
case_08_NaNiH3_cosine_seed9541,NaNiH3,cosine,9541,68,0.22044,0.01292,0.244889,0.12645,-0.088952,0.01292,-0.064503,-0.182943,-0.001208,0.036545,2.382235,1.135562,8,4,8,8,8,1.660081,1.669503,2.739848,-2.727849,-7.075664,0,8
case_08_NaNiH3_cosine_seed9541,NaNiH3,cosine,9541,69,0.207084,0.008041,0.245636,0.183618,-0.102308,0.008041,-0.063757,-0.125775,-0.013836,0.022742,2.38118,1.042677,8,3,6,5,6,1.589356,0.978068,0.917869,-3.710412,-5.378799,0,8
case_08_NaNiH3_cosine_seed9541,NaNiH3,cosine,9541,70,0.221634,0.010958,0.256388,0.174906,-0.087759,0.010958,-0.053005,-0.134487,0.000678,0.030993,2.2651,2.365924,8,4,7,6,7,1.43634,1.20851,2.341285,-6.272707,-6.212059,0,8
case_08_NaNiH3_cosine_seed9541,NaNiH3,cosine,9541,71,0.210523,0.005526,0.227851,0.182018,-0.09887,0.005526,-0.081542,-0.127375,-0.009911,0.015629,2.406097,0.871364,8,4,7,7,8,1.482919,1.335575,2.596814,-4.250351,-6.533629,0,8
case_08_NaNiH3_cosine_seed9541,NaNiH3,cosine,9541,72,0.210366,0.009078,0.252749,0.182545,-0.099027,0.009078,-0.056644,-0.126847,-0.009565,0.025677,2.416339,0.790721,8,3,6,5,6,1.44854,1.560537,1.610878,-6.690391,-6.028275,0,8
case_08_NaNiH3_cosine_seed9541,NaNiH3,cosine,9541,73,0.194161,0.0067,0.228465,0.16317,-0.115231,0.0067,-0.080927,-0.146223,-0.024481,0.018951,2.366623,1.153488,8,4,6,5,6,1.685957,1.150251,1.293616,-3.329248,-5.743525,0,8
case_08_NaNiH3_cosine_seed9541,NaNiH3,cosine,9541,74,0.221377,0.009324,0.256382,0.183195,-0.088016,0.009324,-0.053011,-0.126198,0.002598,0.026372,2.44637,0.645889,8,3,7,7,8,1.466856,1.468487,1.549076,-5.154424,-5.67415,0,8
case_08_NaNiH3_cosine_seed9541,NaNiH3,cosine,9541,75,0.234009,0.006484,0.252974,0.190417,-0.075384,0.006484,-0.056419,-0.118976,0.014468,0.018339,2.291014,2.337747,8,2,8,8,8,0.81875,2.707026,2.642509,-12.341364,-8.580113,0,8
case_08_NaNiH3_cosine_seed9541,NaNiH3,cosine,9541,76,0.227355,0.01007,0.280998,0.183365,-0.082037,0.01007,-0.028395,-0.126028,0.007424,0.028481,2.252402,2.665177,8,3,8,8,8,1.198907,1.126217,3.816623,-8.934909,-7.184453,0,8
case_08_NaNiH3_cosine_seed9541,NaNiH3,cosine,9541,77,0.204565,0.009897,0.267567,0.18305,-0.104828,0.009897,-0.041826,-0.126343,-0.014598,0.027994,2.46256,0.359817,8,4,6,5,6,1.739966,1.470546,1.541434,-0.96527,-4.700345,0,8
case_08_NaNiH3_cosine_seed9541,NaNiH3,cosine,9541,78,0.214528,0.006996,0.244773,0.183625,-0.094865,0.006996,-0.06462,-0.125768,-0.004403,0.019787,2.470153,0.408142,8,3,6,6,7,1.656937,1.316381,3.444787,0.579831,-5.930784,0,8
case_08_NaNiH3_cosine_seed9541,NaNiH3,cosine,9541,79,0.220362,0.009416,0.246617,0.1834,-0.089031,0.009416,-0.062776,-0.125993,0.001359,0.026633,2.206757,3.128103,8,2,7,6,7,0.97447,1.52457,1.45797,-8.357747,-6.867948,0,8
case_08_NaNiH3_cosine_seed9541,NaNiH3,cosine,9541,80,0.211789,0.013446,0.293343,0.178977,-0.097603,0.013446,-0.016049,-0.130416,-0.006853,0.038031,2.453417,0.598953,8,5,7,7,7,1.821689,0.961995,2.323875,-2.809893,-4.971696,0,8
case_08_NaNiH3_cosine_seed9541,NaNiH3,cosine,9541,81,0.203051,0.010521,0.251569,0.140479,-0.106342,0.010521,-0.057824,-0.168914,-0.014812,0.029758,2.301921,2.052992,8,4,8,8,8,1.903345,1.039708,3.343801,1.385129,-5.981073,0,8
case_08_NaNiH3_cosine_seed9541,NaNiH3,cosine,9541,82,0.205961,0.010881,0.273339,0.182637,-0.103432,0.010881,-0.036054,-0.126755,-0.011307,0.030776,2.480046,0.326795,8,3,5,4,5,1.320354,1.175483,1.585366,-4.642454,-4.608568,0,8
case_08_NaNiH3_cosine_seed9541,NaNiH3,cosine,9541,83,0.218686,0.008993,0.254514,0.182875,-0.090706,0.008993,-0.054879,-0.126517,0.001348,0.025435,2.376822,1.507785,8,3,7,7,7,1.371397,0.977337,2.352621,-5.286626,-6.492579,0,8
case_08_NaNiH3_cosine_seed9541,NaNiH3,cosine,9541,84,0.206364,0.009608,0.250535,0.180972,-0.103029,0.009608,-0.058857,-0.128421,-0.010426,0.027175,2.28751,2.296546,8,4,6,4,6,1.549978,1.654388,0.896636,0.515051,-4.94692,0,8
case_08_NaNiH3_cosine_seed9541,NaNiH3,cosine,9541,85,0.228809,0.004822,0.241892,0.196332,-0.080583,0.004822,-0.0675,-0.11306,0.011419,0.013638,2.381379,1.593414,8,2,6,7,7,0.818616,1.331578,2.055521,-11.598848,-8.182871,0,8
case_08_NaNiH3_cosine_seed9541,NaNiH3,cosine,9541,86,0.215334,0.011028,0.249498,0.156749,-0.094059,0.011028,-0.059895,-0.152644,-0.001954,0.031192,2.401916,1.280617,8,4,8,7,8,1.530223,1.325044,2.796778,-7.832833,-6.407485,0,8
case_08_NaNiH3_cosine_seed9541,NaNiH3,cosine,9541,87,0.200095,0.015149,0.254034,0.107014,-0.109297,0.015149,-0.055359,-0.202379,-0.016333,0.042848,2.370018,1.459461,8,4,8,8,8,1.689731,1.471691,3.067338,-6.506192,-7.165188,0,8
case_08_NaNiH3_cosine_seed9541,NaNiH3,cosine,9541,88,0.213548,0.007445,0.24869,0.183318,-0.095845,0.007445,-0.060703,-0.126075,-0.002736,0.021057,2.450927,0.794419,8,5,8,8,8,2.118177,0.965479,2.847679,4.644347,-6.191744,0,8
case_08_NaNiH3_cosine_seed9541,NaNiH3,cosine,9541,89,0.222048,0.009358,0.251078,0.183653,-0.087344,0.009358,-0.058315,-0.12574,0.005476,0.026468,2.22227,3.180507,8,2,6,5,6,0.974434,1.42994,1.801357,-7.511051,-6.868418,0,8
case_08_NaNiH3_cosine_seed9541,NaNiH3,cosine,9541,90,0.216136,0.010648,0.264112,0.183326,-0.093257,0.010648,-0.045281,-0.126067,-0.000415,0.030116,2.46036,0.754992,8,4,7,6,7,1.472094,1.378479,1.82392,-3.163033,-5.117429,0,8
case_08_NaNiH3_cosine_seed9541,NaNiH3,cosine,9541,91,0.214481,0.013535,0.257082,0.130461,-0.094912,0.013535,-0.05231,-0.178932,-0.001966,0.038283,2.253279,2.802864,8,3,8,8,8,1.293426,2.469266,2.519295,-4.111523,-6.507788,0,8
case_08_NaNiH3_cosine_seed9541,NaNiH3,cosine,9541,92,0.213748,0.008196,0.258169,0.182649,-0.095645,0.008196,-0.051223,-0.126744,-0.002564,0.023182,2.506253,0.27709,8,5,8,7,8,2.142956,1.271101,2.621025,-7.500792,-6.95563,0,8
case_08_NaNiH3_cosine_seed9541,NaNiH3,cosine,9541,93,0.213113,0.00887,0.251553,0.182913,-0.09628,0.00887,-0.05784,-0.12648,-0.003039,0.025088,2.356659,1.775384,8,3,7,6,7,1.164605,1.462913,1.755558,-4.971138,-6.406462,0,8
case_08_NaNiH3_cosine_seed9541,NaNiH3,cosine,9541,94,0.215971,0.011601,0.273838,0.183269,-0.093422,0.011601,-0.035555,-0.126124,-0.000172,0.032814,2.496855,0.395554,8,3,6,5,6,1.527244,0.786515,1.264953,-1.213598,-5.362705,0,8
case_08_NaNiH3_cosine_seed9541,NaNiH3,cosine,9541,95,0.203367,0.011828,0.242945,0.140573,-0.106026,0.011828,-0.066447,-0.168819,-0.012137,0.033455,2.375091,1.496439,8,3,6,6,7,1.521059,1.201861,2.40176,-4.235675,-5.624273,0,8
case_08_NaNiH3_cosine_seed9541,NaNiH3,cosine,9541,96,0.228785,0.007685,0.257878,0.183654,-0.080608,0.007685,-0.051514,-0.125738,0.012617,0.021735,2.323649,2.278409,8,3,8,7,8,1.125997,1.344823,2.692425,-10.719873,-6.920041,0,8
case_08_NaNiH3_cosine_seed9541,NaNiH3,cosine,9541,97,0.208782,0.006815,0.238966,0.183444,-0.10061,0.006815,-0.070426,-0.125949,-0.007017,0.019276,2.363309,1.678954,8,4,8,7,8,1.584328,1.253165,1.978424,-1.869691,-5.423926,0,8
case_08_NaNiH3_cosine_seed9541,NaNiH3,cosine,9541,98,0.197916,0.007077,0.23142,0.16845,-0.111476,0.007077,-0.077973,-0.140943,-0.016988,0.020017,2.451322,0.702245,8,5,6,7,7,2.263976,0.995569,3.071092,-5.443351,-5.083241,0,8
case_08_NaNiH3_cosine_seed9541,NaNiH3,cosine,9541,99,0.219004,0.009355,0.245215,0.171749,-0.090389,0.009355,-0.064178,-0.137644,0.003894,0.02646,2.335355,2.068516,8,4,6,6,6,1.569345,1.454676,2.732599,-9.833897,-6.493455,0,8
case_08_NaNiH3_cosine_seed9541,NaNiH3,cosine,9541,100,0.227473,0.004849,0.245306,0.208075,-0.081919,0.004849,-0.064087,-0.101318,0.011745,0.013716,2.347935,2.029275,8,3,7,7,7,1.285483,1.594202,3.052974,-10.391574,-7.075153,0,8
case_08_NaNiH3_peak_seed9541,NaNiH3,peak,9541,1,0.462343,0.03746,0.588958,0.32225,-0.126616,0.03746,0.0,-0.266708,-0.0,0.105953,0.147773,-0.001138,8,3,7,6,7,1.164405,0.891583,2.337186,-3.520415,-6.250171,0,8
case_08_NaNiH3_peak_seed9541,NaNiH3,peak,9541,2,0.426563,0.04462,0.588775,0.3126,-0.162395,0.04462,-0.000183,-0.276358,-0.033991,0.126205,0.115708,0.067671,8,4,7,6,7,1.40098,1.150556,2.18567,-5.561265,-5.364563,0,8
case_08_NaNiH3_peak_seed9541,NaNiH3,peak,9541,3,0.405674,0.037988,0.588181,0.306046,-0.183284,0.037988,-0.000777,-0.282913,-0.052136,0.107445,0.121995,-0.134148,8,3,7,6,7,1.087641,1.332199,1.914405,-5.963721,-7.141204,0,8
case_08_NaNiH3_peak_seed9541,NaNiH3,peak,9541,4,0.433848,0.056043,0.710384,0.259207,-0.276536,0.056043,0.0,-0.451177,-0.138118,0.158515,0.031416,-0.049839,8,4,8,7,8,1.441405,1.093493,3.002225,-6.734579,-6.225399,0,8
case_08_NaNiH3_peak_seed9541,NaNiH3,peak,9541,5,0.394281,0.039849,0.589156,0.308386,-0.316103,0.039849,-0.121228,-0.401998,-0.168801,0.11271,-0.021127,0.18955,8,2,7,6,7,0.898409,1.502242,2.523508,-7.627368,-7.83721,0,8
case_08_NaNiH3_peak_seed9541,NaNiH3,peak,9541,6,0.54929,0.047211,0.769583,0.341261,-0.220293,0.047211,0.0,-0.428321,-0.069341,0.133532,0.086926,0.126624,8,3,5,4,5,1.434946,0.870658,1.419901,-5.317999,-4.526194,0,8
case_08_NaNiH3_peak_seed9541,NaNiH3,peak,9541,7,0.537078,0.02605,0.588544,0.390796,-0.232505,0.02605,-0.181039,-0.378786,-0.077475,0.073681,0.077912,0.16445,8,3,5,4,5,1.640777,0.916347,0.811774,-3.540612,-4.878353,0,8
case_08_NaNiH3_peak_seed9541,NaNiH3,peak,9541,8,0.466108,0.063319,0.7677,0.310278,-0.303474,0.063319,-0.001883,-0.459305,-0.141023,0.179093,0.032774,0.007856,8,5,7,8,8,1.860589,1.171848,2.528748,-5.494378,-5.194699,0,8
case_08_NaNiH3_peak_seed9541,NaNiH3,peak,9541,9,0.42566,0.045169,0.589094,0.294849,-0.343923,0.045169,-0.180489,-0.474734,-0.172398,0.127758,-0.031331,0.368429,8,2,7,6,7,0.975088,1.309793,2.947982,-9.404144,-6.685948,0,8
case_08_NaNiH3_peak_seed9541,NaNiH3,peak,9541,10,0.413908,0.030188,0.587887,0.312921,-0.355675,0.030188,-0.181696,-0.456662,-0.174942,0.085385,-0.012693,0.181611,8,4,8,8,8,1.453971,1.79461,3.076226,-7.445745,-6.798458,0,8
case_08_NaNiH3_peak_seed9541,NaNiH3,peak,9541,11,0.412515,0.027773,0.589366,0.331143,-0.357067,0.027773,-0.180216,-0.438439,-0.167518,0.078553,0.027137,-0.115188,8,2,7,7,8,0.821972,1.787937,1.884118,-10.67572,-6.589939,0,8
case_08_NaNiH3_peak_seed9541,NaNiH3,peak,9541,12,0.461963,0.05061,0.607843,0.199297,-0.30762,0.05061,-0.16174,-0.570286,-0.112167,0.143147,0.060879,0.126085,8,4,6,6,7,1.517933,1.215351,1.945144,-5.19246,-5.804015,0,8
case_08_NaNiH3_peak_seed9541,NaNiH3,peak,9541,13,0.390174,0.034137,0.60808,0.301348,-0.379409,0.034137,-0.161503,-0.468235,-0.174758,0.096555,0.000602,0.116353,8,4,7,7,8,1.856247,1.043049,2.60233,-0.749619,-6.418838,0,8
case_08_NaNiH3_peak_seed9541,NaNiH3,peak,9541,14,0.392128,0.035789,0.58915,0.229686,-0.377455,0.035789,-0.180433,-0.539896,-0.164164,0.101228,0.023825,0.011644,8,4,8,8,8,1.48412,2.422975,1.990276,-3.241195,-6.746445,0,8
case_08_NaNiH3_peak_seed9541,NaNiH3,peak,9541,15,0.410957,0.037432,0.587822,0.301542,-0.358626,0.037432,-0.181761,-0.468041,-0.138068,0.105874,0.049567,0.032262,8,5,7,7,7,1.836585,1.096554,3.057426,-5.120272,-5.616839,0,8
case_08_NaNiH3_peak_seed9541,NaNiH3,peak,9541,16,0.3638,0.016808,0.435699,0.295994,-0.405782,0.016808,-0.333884,-0.473589,-0.175964,0.047541,0.003245,0.133271,8,5,8,8,8,2.293962,1.717579,3.387624,-2.906368,-7.331285,0,8
case_08_NaNiH3_peak_seed9541,NaNiH3,peak,9541,17,0.440396,0.041503,0.589034,0.319668,-0.329187,0.041503,-0.180548,-0.449914,-0.0944,0.117389,0.105575,-0.050801,8,3,7,6,7,1.164359,1.792752,1.91202,-5.361079,-6.232452,0,8
case_08_NaNiH3_peak_seed9541,NaNiH3,peak,9541,18,0.439563,0.041922,0.58897,0.316433,-0.330019,0.041922,-0.180613,-0.453149,-0.090471,0.118573,0.108111,-0.009723,8,3,7,6,7,1.353646,0.892416,1.297816,-2.781692,-6.29852,0,8
case_08_NaNiH3_peak_seed9541,NaNiH3,peak,9541,19,0.406745,0.044296,0.588609,0.175235,-0.362838,0.044296,-0.180974,-0.594348,-0.117125,0.125288,0.064621,0.183949,8,4,7,6,7,1.324271,2.066298,1.807984,-4.629187,-6.278741,0,8
case_08_NaNiH3_peak_seed9541,NaNiH3,peak,9541,20,0.400677,0.041743,0.587985,0.262715,-0.368906,0.041743,-0.181597,-0.506867,-0.117033,0.118066,0.081346,0.041712,8,4,7,7,7,1.56072,1.335253,3.149666,-4.077778,-5.76143,0,8
case_08_NaNiH3_peak_seed9541,NaNiH3,peak,9541,21,0.508548,0.051856,0.710667,0.327204,-0.261034,0.051856,-0.058916,-0.442378,-0.008703,0.14667,0.182062,0.140493,8,5,8,6,8,1.906673,0.832472,1.447285,-5.07475,-5.48308,0,8
case_08_NaNiH3_peak_seed9541,NaNiH3,peak,9541,22,0.490059,0.039685,0.589343,0.309222,-0.279524,0.039685,-0.18024,-0.46036,-0.025833,0.112247,0.177771,0.039261,8,4,6,5,6,1.477048,1.644353,1.962224,-2.546681,-4.185267,0,8
case_08_NaNiH3_peak_seed9541,NaNiH3,peak,9541,23,0.395791,0.041664,0.588124,0.273051,-0.373792,0.041664,-0.181458,-0.496532,-0.114096,0.117844,0.118256,-0.220709,8,4,6,7,7,1.560716,1.417116,3.685996,-2.584061,-6.383474,0,8
case_08_NaNiH3_peak_seed9541,NaNiH3,peak,9541,24,0.376511,0.050043,0.58921,0.199577,-0.393071,0.050043,-0.180372,-0.570005,-0.126707,0.141543,0.066544,0.194923,8,4,7,7,7,1.797095,1.17116,3.632567,-2.835519,-5.571714,0,8
case_08_NaNiH3_peak_seed9541,NaNiH3,peak,9541,25,0.441254,0.044317,0.589147,0.248016,-0.328329,0.044317,-0.180435,-0.521567,-0.058866,0.125346,0.163427,-0.070438,8,4,7,6,7,1.400631,0.884757,2.172789,-6.158166,-5.661879,0,8
case_08_NaNiH3_peak_seed9541,NaNiH3,peak,9541,26,0.474016,0.040953,0.588327,0.320542,-0.295567,0.040953,-0.181256,-0.44904,-0.024799,0.115833,0.13854,0.539893,8,2,5,5,5,1.051107,1.516401,1.015801,-4.915105,-5.985981,0,8
case_08_NaNiH3_peak_seed9541,NaNiH3,peak,9541,27,0.460074,0.046455,0.68822,0.332093,-0.309508,0.046455,-0.081362,-0.43749,-0.036803,0.131395,0.179642,0.036839,8,4,7,7,7,1.806272,1.320564,1.737553,-6.495699,-6.106968,0,8
case_08_NaNiH3_peak_seed9541,NaNiH3,peak,9541,28,0.40762,0.039957,0.588397,0.288508,-0.361963,0.039957,-0.181186,-0.481075,-0.084795,0.113016,0.162837,-0.254764,8,4,8,7,8,1.583789,1.603449,2.26036,2.828382,-5.305875,0,8
case_08_NaNiH3_peak_seed9541,NaNiH3,peak,9541,29,0.444023,0.049281,0.711366,0.30925,-0.32556,0.049281,-0.058217,-0.460332,-0.045972,0.139388,0.17225,0.063372,8,5,8,8,8,1.743964,1.713181,2.174525,-3.885484,-6.432341,0,8
case_08_NaNiH3_peak_seed9541,NaNiH3,peak,9541,30,0.496326,0.042232,0.589295,0.32627,-0.273256,0.042232,-0.180288,-0.443312,0.006014,0.119451,0.207185,0.252062,8,2,5,4,5,1.127135,1.123192,1.559386,-4.999014,-5.344706,0,8
case_08_NaNiH3_peak_seed9541,NaNiH3,peak,9541,31,0.406199,0.037597,0.588038,0.324973,-0.363384,0.037597,-0.181545,-0.444609,-0.079907,0.106342,0.083128,0.658304,8,3,7,7,7,1.088044,1.537314,2.797166,-6.401912,-6.907107,0,8
case_08_NaNiH3_peak_seed9541,NaNiH3,peak,9541,32,0.491778,0.0489,0.711422,0.327469,-0.277804,0.0489,-0.058161,-0.442113,0.005388,0.13831,0.114303,1.21434,8,4,7,6,7,1.470553,1.094345,1.124249,-4.713145,-5.613684,0,8
case_08_NaNiH3_peak_seed9541,NaNiH3,peak,9541,33,0.479951,0.053092,0.723308,0.27816,-0.289631,0.053092,-0.046275,-0.491423,-0.006116,0.150166,0.249503,-0.236111,8,4,7,6,7,1.676428,1.719945,1.555037,-2.46127,-5.726626,0,8
case_08_NaNiH3_peak_seed9541,NaNiH3,peak,9541,34,0.461395,0.041395,0.589147,0.265966,-0.308187,0.041395,-0.180436,-0.503617,-0.023439,0.117082,0.149605,0.600836,8,4,7,6,7,2.285403,0.96872,2.46501,-10.049018,-5.345372,0,8
case_08_NaNiH3_peak_seed9541,NaNiH3,peak,9541,35,0.395403,0.040248,0.588518,0.297532,-0.374179,0.040248,-0.181065,-0.472051,-0.08496,0.113837,0.085637,0.633808,8,3,7,6,7,1.389225,1.379498,1.439963,-5.835089,-6.489525,0,8
case_08_NaNiH3_peak_seed9541,NaNiH3,peak,9541,36,0.383873,0.030915,0.587822,0.302577,-0.38571,0.030915,-0.18176,-0.467005,-0.091666,0.08744,0.117577,0.265509,8,3,8,8,8,1.368128,1.328418,3.182979,-9.78964,-7.258853,0,8
case_08_NaNiH3_peak_seed9541,NaNiH3,peak,9541,37,0.483523,0.054288,0.714843,0.343843,-0.28606,0.054288,-0.05474,-0.42574,0.007586,0.15355,0.221812,0.223753,8,4,7,7,7,1.62465,1.371167,1.665305,-5.627759,-5.978925,0,8
case_08_NaNiH3_peak_seed9541,NaNiH3,peak,9541,38,0.488367,0.039589,0.589023,0.292255,-0.281216,0.039589,-0.18056,-0.477328,0.011808,0.111973,0.248023,0.018588,8,3,6,5,6,1.240181,0.872273,1.733864,-1.692555,-5.544054,0,8
case_08_NaNiH3_peak_seed9541,NaNiH3,peak,9541,39,0.391077,0.041402,0.588748,0.278411,-0.378506,0.041402,-0.180834,-0.491172,-0.081208,0.117103,0.103882,0.544357,8,2,5,6,6,0.89887,1.126206,2.782577,-10.304562,-7.354795,0,8
case_08_NaNiH3_peak_seed9541,NaNiH3,peak,9541,40,0.372973,0.029719,0.589664,0.320877,-0.396609,0.029719,-0.179918,-0.448706,-0.094346,0.084057,0.118842,0.273222,8,3,8,7,8,1.201809,1.717124,1.926557,-7.528775,-7.065154,0,8
case_08_NaNiH3_peak_seed9541,NaNiH3,peak,9541,41,0.402005,0.030153,0.589074,0.318389,-0.367577,0.030153,-0.180509,-0.451193,-0.062048,0.085286,0.14971,0.301398,8,4,8,8,8,2.00141,1.111107,2.875294,-5.179379,-7.563528,0,8
case_08_NaNiH3_peak_seed9541,NaNiH3,peak,9541,42,0.416432,0.05663,0.769016,0.298608,-0.35315,0.05663,-0.000567,-0.470974,-0.04524,0.160174,0.139682,0.581273,8,3,8,7,8,1.129273,1.238011,3.220906,-11.135363,-7.226064,0,8
case_08_NaNiH3_peak_seed9541,NaNiH3,peak,9541,43,0.486998,0.030594,0.589106,0.367957,-0.282585,0.030594,-0.180477,-0.401626,0.024059,0.086532,0.175388,0.930424,8,4,6,6,6,1.559407,2.066572,1.687375,-6.010835,-6.053018,0,8
case_08_NaNiH3_peak_seed9541,NaNiH3,peak,9541,44,0.413712,0.037681,0.588681,0.319231,-0.35587,0.037681,-0.180902,-0.450352,-0.046765,0.106578,0.181706,0.169879,8,3,7,7,8,1.135164,1.360337,2.832285,-9.138359,-7.154488,0,8
case_08_NaNiH3_peak_seed9541,NaNiH3,peak,9541,45,0.416189,0.047802,0.588552,0.27271,-0.353394,0.047802,-0.181031,-0.496873,-0.042074,0.135204,0.193085,0.118323,8,4,7,6,7,1.842171,1.271123,2.416553,-3.220052,-6.409201,0,8
case_08_NaNiH3_peak_seed9541,NaNiH3,peak,9541,46,0.438699,0.054825,0.769264,0.306567,-0.330884,0.054825,-0.000319,-0.463015,-0.018586,0.155068,0.189384,0.400355,8,4,8,8,8,1.697333,1.640895,2.748831,-2.089245,-5.63368,0,8
case_08_NaNiH3_peak_seed9541,NaNiH3,peak,9541,47,0.468461,0.036594,0.588798,0.313173,-0.301122,0.036594,-0.180785,-0.45641,0.010617,0.103502,0.252698,0.075744,8,3,6,6,7,1.52009,0.766325,1.495944,-6.472621,-6.176829,0,8
case_08_NaNiH3_peak_seed9541,NaNiH3,peak,9541,48,0.464482,0.043969,0.588708,0.31798,-0.305101,0.043969,-0.180875,-0.451603,0.006306,0.124364,0.23407,0.237371,8,2,6,5,6,1.050466,1.563216,1.739777,-7.437109,-5.866321,0,8
case_08_NaNiH3_peak_seed9541,NaNiH3,peak,9541,49,0.404763,0.027944,0.588016,0.340083,-0.364819,0.027944,-0.181567,-0.429499,-0.050742,0.079037,0.156265,0.466058,8,4,7,7,7,1.438223,1.77299,1.803734,-4.201749,-7.163046,0,8
case_08_NaNiH3_peak_seed9541,NaNiH3,peak,9541,50,0.38223,0.032441,0.587831,0.279823,-0.387352,0.032441,-0.181751,-0.48976,-0.069611,0.091758,0.145744,0.390011,8,4,8,8,8,1.249013,2.36514,2.427672,-8.360872,-6.913191,0,8
case_08_NaNiH3_peak_seed9541,NaNiH3,peak,9541,51,0.425017,0.045805,0.589017,0.258401,-0.344566,0.045805,-0.180565,-0.511181,-0.025483,0.129555,0.191552,0.383205,8,4,7,6,7,1.709283,1.058727,2.744828,-0.958367,-5.854842,0,8
case_08_NaNiH3_peak_seed9541,NaNiH3,peak,9541,52,0.415023,0.03598,0.589316,0.323237,-0.35456,0.03598,-0.180267,-0.446346,-0.033703,0.101766,0.17613,0.483213,8,3,7,7,7,1.41116,1.583403,2.401762,-8.544857,-6.662414,0,8
case_08_NaNiH3_peak_seed9541,NaNiH3,peak,9541,53,0.431632,0.042631,0.710957,0.310268,-0.337951,0.042631,-0.058626,-0.459315,-0.016239,0.120578,0.229095,0.136894,8,4,7,7,7,1.922923,1.458906,1.636976,-0.8183,-6.424809,0,8
case_08_NaNiH3_peak_seed9541,NaNiH3,peak,9541,54,0.397573,0.039354,0.58886,0.305822,-0.372009,0.039354,-0.180723,-0.463761,-0.047783,0.111311,0.182904,0.298887,8,4,8,7,8,1.483793,1.255025,2.76548,-6.507229,-7.108906,0,8
case_08_NaNiH3_peak_seed9541,NaNiH3,peak,9541,55,0.366729,0.030116,0.588613,0.313586,-0.402853,0.030116,-0.18097,-0.455997,-0.074696,0.085181,0.131949,0.55457,8,3,7,8,8,1.060122,1.233548,2.578255,-6.952645,-7.849879,0,8
case_08_NaNiH3_peak_seed9541,NaNiH3,peak,9541,56,0.438065,0.041659,0.588557,0.313985,-0.331518,0.041659,-0.181025,-0.455597,-0.003193,0.117829,0.233298,0.264667,8,4,8,7,8,1.82295,1.291701,2.33286,0.367674,-5.354347,0,8
case_08_NaNiH3_peak_seed9541,NaNiH3,peak,9541,57,0.407036,0.037898,0.588347,0.313209,-0.362547,0.037898,-0.181235,-0.456373,-0.03251,0.107193,0.217742,0.139556,8,4,8,8,8,1.319262,1.393878,2.314476,-7.477771,-6.949813,0,8
case_08_NaNiH3_peak_seed9541,NaNiH3,peak,9541,58,0.368541,0.032997,0.588559,0.257299,-0.401042,0.032997,-0.181024,-0.512284,-0.067455,0.093331,0.203988,-0.06058,8,3,7,7,7,1.013659,2.301858,1.788808,-9.686369,-7.067595,0,8
case_08_NaNiH3_peak_seed9541,NaNiH3,peak,9541,59,0.34125,0.03557,0.588558,0.249281,-0.428332,0.03557,-0.181025,-0.520302,-0.090008,0.100607,0.146194,0.302964,8,4,7,7,7,1.438535,2.261999,2.504542,1.738305,-6.7676,0,8
case_08_NaNiH3_peak_seed9541,NaNiH3,peak,9541,60,0.404131,0.04004,0.589032,0.2949,-0.365452,0.04004,-0.180551,-0.474683,-0.025772,0.113249,0.257624,-0.158275,8,3,8,7,8,1.135482,1.805129,1.610538,-8.233123,-6.80254,0,8
case_08_NaNiH3_peak_seed9541,NaNiH3,peak,9541,61,0.405086,0.039255,0.588942,0.286522,-0.364497,0.039255,-0.18064,-0.483061,-0.023576,0.111031,0.25309,-0.074689,8,3,8,6,8,1.088939,1.728152,1.868674,-2.506449,-6.208307,0,8
case_08_NaNiH3_peak_seed9541,NaNiH3,peak,9541,62,0.40286,0.038652,0.589095,0.30857,-0.366722,0.038652,-0.180488,-0.461013,-0.024511,0.109325,0.236085,0.092205,8,3,7,7,7,1.088967,1.219288,2.034956,-7.471139,-6.973206,0,8
case_08_NaNiH3_peak_seed9541,NaNiH3,peak,9541,63,0.501671,0.06076,0.768631,0.225591,-0.267911,0.06076,-0.000952,-0.543992,0.070585,0.171855,0.304233,0.370576,8,4,5,5,5,1.544704,1.769414,1.377163,-0.917763,-4.749982,0,8
case_08_NaNiH3_peak_seed9541,NaNiH3,peak,9541,64,0.481131,0.057841,0.767891,0.273489,-0.288452,0.057841,-0.001692,-0.496093,0.047542,0.1636,0.261719,0.579545,8,4,7,6,7,1.469627,0.980329,1.966911,-4.367286,-5.518097,0,8
case_08_NaNiH3_peak_seed9541,NaNiH3,peak,9541,65,0.430228,0.043514,0.589148,0.317312,-0.339355,0.043514,-0.180435,-0.45227,-0.003193,0.123076,0.184918,0.842612,8,3,7,6,7,1.210525,0.79498,2.69572,-8.255483,-6.449803,0,8
case_08_NaNiH3_peak_seed9541,NaNiH3,peak,9541,66,0.348681,0.034329,0.58786,0.251123,-0.420902,0.034329,-0.181722,-0.51846,-0.080503,0.097097,0.17086,0.227548,8,4,8,8,8,1.485255,2.005275,3.232561,-7.328366,-6.96354,0,8
case_08_NaNiH3_peak_seed9541,NaNiH3,peak,9541,67,0.368479,0.031625,0.588297,0.293691,-0.401104,0.031625,-0.181286,-0.475891,-0.05767,0.089448,0.204131,0.131676,8,2,5,6,7,0.825129,1.592949,2.703182,-8.108271,-7.689178,0,8
case_08_NaNiH3_peak_seed9541,NaNiH3,peak,9541,68,0.371587,0.023852,0.509114,0.30325,-0.397996,0.023852,-0.260468,-0.466333,-0.051833,0.067463,0.219501,0.046611,8,4,8,8,8,1.664627,1.712258,2.666299,-2.553553,-7.048758,0,8
case_08_NaNiH3_peak_seed9541,NaNiH3,peak,9541,69,0.52764,0.05386,0.715173,0.320493,-0.241942,0.05386,-0.054409,-0.449089,0.099009,0.15234,0.402104,-0.256829,8,3,6,5,6,1.585832,1.117124,0.951119,-4.769139,-5.379098,0,8
case_08_NaNiH3_peak_seed9541,NaNiH3,peak,9541,70,0.394131,0.031388,0.588637,0.320019,-0.375452,0.031388,-0.180945,-0.449564,-0.032776,0.088778,0.154309,0.905937,8,5,7,7,7,1.950264,0.943037,2.512821,-5.610806,-5.638349,0,8
case_08_NaNiH3_peak_seed9541,NaNiH3,peak,9541,71,0.419832,0.035857,0.588874,0.321417,-0.349751,0.035857,-0.180708,-0.448166,-0.006721,0.10142,0.255713,0.154135,8,4,7,7,8,1.483973,1.436881,2.399457,-4.210389,-6.523458,0,8
case_08_NaNiH3_peak_seed9541,NaNiH3,peak,9541,72,0.48182,0.03942,0.588505,0.315551,-0.287762,0.03942,-0.181078,-0.454032,0.052505,0.111496,0.307724,0.241886,8,3,6,5,6,1.44447,1.238158,1.407773,-7.234364,-6.017601,0,8
case_08_NaNiH3_peak_seed9541,NaNiH3,peak,9541,73,0.467649,0.043141,0.588912,0.315692,-0.301934,0.043141,-0.180671,-0.453891,0.036416,0.122021,0.283612,0.3307,8,4,6,5,6,1.679878,1.333981,1.30565,-4.343081,-5.726233,0,8
case_08_NaNiH3_peak_seed9541,NaNiH3,peak,9541,74,0.470901,0.034028,0.588665,0.354799,-0.298682,0.034028,-0.180918,-0.414783,0.037685,0.096246,0.327288,-0.079279,8,3,7,6,7,1.352974,1.221722,1.377445,-4.888406,-5.384806,0,8
case_08_NaNiH3_peak_seed9541,NaNiH3,peak,9541,75,0.375083,0.03119,0.588847,0.306066,-0.3945,0.03119,-0.180736,-0.463517,-0.055227,0.088218,0.12276,1.046897,8,2,8,8,8,0.82558,2.509661,2.586032,-11.821375,-8.550598,0,8
case_08_NaNiH3_peak_seed9541,NaNiH3,peak,9541,76,0.381004,0.031592,0.588482,0.305088,-0.388578,0.031592,-0.1811,-0.464495,-0.04684,0.089355,0.181757,0.546648,8,3,8,8,8,1.203694,1.136604,3.705195,-9.041512,-7.173797,0,8
case_08_NaNiH3_peak_seed9541,NaNiH3,peak,9541,77,0.510385,0.048694,0.707721,0.318756,-0.259197,0.048694,-0.061861,-0.450826,0.078414,0.137728,0.369605,-0.071722,8,4,6,5,6,1.732787,1.585982,1.502868,-0.623332,-4.692737,0,8
case_08_NaNiH3_peak_seed9541,NaNiH3,peak,9541,78,0.411875,0.038109,0.588597,0.307625,-0.357708,0.038109,-0.180985,-0.461958,-0.019092,0.107789,0.209674,0.560642,8,3,6,6,7,1.656509,1.193482,3.471273,2.113242,-5.926346,0,8
case_08_NaNiH3_peak_seed9541,NaNiH3,peak,9541,79,0.439409,0.040968,0.58867,0.331579,-0.330174,0.040968,-0.180912,-0.438003,0.00802,0.115875,0.144269,1.498711,8,2,7,6,7,0.974858,1.393035,1.447197,-7.87668,-6.865433,0,8
case_08_NaNiH3_peak_seed9541,NaNiH3,peak,9541,80,0.458457,0.037112,0.588572,0.325617,-0.311126,0.037112,-0.181011,-0.443966,0.025715,0.104967,0.283659,0.282509,8,5,7,7,7,1.819032,0.945228,2.496045,-2.483513,-4.97128,0,8
case_08_NaNiH3_peak_seed9541,NaNiH3,peak,9541,81,0.379081,0.035248,0.608053,0.301696,-0.390502,0.035248,-0.16153,-0.467887,-0.050978,0.099696,0.228341,0.076391,8,4,8,8,8,1.90551,1.147306,3.530441,0.899079,-5.972816,0,8
case_08_NaNiH3_peak_seed9541,NaNiH3,peak,9541,82,0.520618,0.035709,0.588919,0.346341,-0.248965,0.035709,-0.180664,-0.423242,0.086031,0.101,0.349808,0.240373,8,3,5,4,5,1.312618,1.29102,1.461829,-4.470633,-4.585999,0,8
case_08_NaNiH3_peak_seed9541,NaNiH3,peak,9541,83,0.408549,0.039645,0.589059,0.274171,-0.361034,0.039645,-0.180523,-0.495412,-0.024736,0.112133,0.248479,0.154876,8,3,7,7,7,1.371107,1.164231,2.418476,-5.524253,-6.504221,0,8
case_08_NaNiH3_peak_seed9541,NaNiH3,peak,9541,84,0.510154,0.050944,0.713621,0.286155,-0.259428,0.050944,-0.055961,-0.483428,0.073026,0.144092,0.350035,0.126622,8,4,6,4,6,1.543255,1.610734,0.92922,0.562883,-4.934374,0,8
case_08_NaNiH3_peak_seed9541,NaNiH3,peak,9541,85,0.381712,0.030702,0.588935,0.319252,-0.387871,0.030702,-0.180648,-0.450331,-0.052646,0.08684,0.185685,0.51999,8,2,7,7,7,0.826251,1.936274,2.51896,-12.088058,-8.186323,0,8
case_08_NaNiH3_peak_seed9541,NaNiH3,peak,9541,86,0.395231,0.040558,0.588709,0.273659,-0.374352,0.040558,-0.180874,-0.495924,-0.03717,0.114716,0.242299,0.117351,8,4,7,6,7,1.530457,1.006096,2.564617,-7.664298,-6.410213,0,8
case_08_NaNiH3_peak_seed9541,NaNiH3,peak,9541,87,0.348212,0.039519,0.588159,0.208583,-0.42137,0.039519,-0.181423,-0.561,-0.079979,0.111777,0.245047,-0.329508,8,4,8,8,8,1.691536,1.609034,2.957248,-5.792143,-7.182854,0,8
case_08_NaNiH3_peak_seed9541,NaNiH3,peak,9541,88,0.387007,0.034058,0.58855,0.288729,-0.382576,0.034058,-0.181033,-0.480853,-0.039126,0.096331,0.23481,0.189162,8,5,8,8,8,2.118124,0.905774,2.784697,4.581771,-6.165957,0,8
case_08_NaNiH3_peak_seed9541,NaNiH3,peak,9541,89,0.447145,0.042233,0.588964,0.302486,-0.322438,0.042233,-0.180618,-0.467097,0.019962,0.119454,0.276181,0.381958,8,2,7,5,7,0.974772,1.220442,2.153987,-7.314029,-6.860524,0,8
case_08_NaNiH3_peak_seed9541,NaNiH3,peak,9541,90,0.484759,0.050054,0.710416,0.292515,-0.284824,0.050054,-0.059166,-0.477068,0.054697,0.141574,0.348947,0.006144,8,4,7,6,7,1.468764,1.354412,1.762857,-3.002658,-5.116683,0,8
case_08_NaNiH3_peak_seed9541,NaNiH3,peak,9541,91,0.376259,0.036291,0.588693,0.219092,-0.393323,0.036291,-0.18089,-0.550491,-0.051113,0.102646,0.243426,0.008668,8,3,8,8,8,1.296991,2.15766,2.811203,-4.722915,-6.479339,0,8
case_08_NaNiH3_peak_seed9541,NaNiH3,peak,9541,92,0.426905,0.038263,0.589324,0.298341,-0.342678,0.038263,-0.180259,-0.471242,-0.000443,0.108224,0.258936,0.365143,8,5,8,7,8,2.139549,1.317681,2.668639,-6.489608,-6.946366,0,8
case_08_NaNiH3_peak_seed9541,NaNiH3,peak,9541,93,0.450202,0.043547,0.588739,0.257288,-0.319381,0.043547,-0.180843,-0.512294,0.021711,0.123169,0.284721,0.339035,8,3,7,6,7,1.163765,1.603498,1.734881,-6.078532,-6.392888,0,8
case_08_NaNiH3_peak_seed9541,NaNiH3,peak,9541,94,0.489071,0.037617,0.588953,0.310599,-0.280512,0.037617,-0.180629,-0.458983,0.057551,0.106397,0.31874,0.364623,8,3,6,5,6,1.518982,0.791736,1.284335,-0.789708,-5.360712,0,8
case_08_NaNiH3_peak_seed9541,NaNiH3,peak,9541,95,0.430392,0.044325,0.589031,0.29311,-0.33919,0.044325,-0.180551,-0.476473,-0.001071,0.125371,0.229519,0.672464,8,3,6,6,7,1.519208,1.17897,2.226423,-4.931264,-5.601468,0,8
case_08_NaNiH3_peak_seed9541,NaNiH3,peak,9541,96,0.40079,0.04063,0.608567,0.315356,-0.368792,0.04063,-0.161015,-0.454227,-0.02914,0.114918,0.265568,0.035722,8,3,8,8,8,1.131858,1.456363,2.704194,-10.668644,-6.939057,0,8
case_08_NaNiH3_peak_seed9541,NaNiH3,peak,9541,97,0.459134,0.049036,0.711737,0.31623,-0.310448,0.049036,-0.057845,-0.453353,0.027744,0.138696,0.330618,-0.043064,8,4,8,7,8,1.583654,1.455394,1.951184,-1.379909,-5.422769,0,8
case_08_NaNiH3_peak_seed9541,NaNiH3,peak,9541,98,0.515308,0.045533,0.735664,0.33821,-0.254274,0.045533,-0.033919,-0.431373,0.079722,0.128788,0.353504,0.252754,8,5,6,7,7,2.260902,1.103625,3.047731,-5.271047,-5.066419,0,8
case_08_NaNiH3_peak_seed9541,NaNiH3,peak,9541,99,0.434844,0.038157,0.608034,0.288363,-0.334739,0.038157,-0.161548,-0.48122,-0.000705,0.107924,0.327692,-0.277108,8,4,6,6,6,1.573043,1.42529,2.54447,-9.701296,-6.488223,0,8
case_08_NaNiH3_peak_seed9541,NaNiH3,peak,9541,100,0.427213,0.050518,0.768061,0.261851,-0.34237,0.050518,-0.001521,-0.507731,-0.00792,0.142888,0.231782,0.61744,8,3,7,7,7,1.293266,1.584101,2.809876,-9.722525,-7.044446,0,8
case_08_NaNiH3_cosine_seed9542,NaNiH3,cosine,9542,1,0.206621,0.011874,0.25246,0.142716,-0.045839,0.011874,0.0,-0.109744,0.0,0.033583,0.829481,0.001077,8,3,7,7,7,1.087716,1.527628,2.775798,-0.160421,-6.620977,0,8
case_08_NaNiH3_cosine_seed9542,NaNiH3,cosine,9542,2,0.214277,0.008752,0.250122,0.183284,-0.038183,0.008752,-0.002338,-0.069176,0.007274,0.024756,0.872426,0.056803,8,4,7,7,7,1.560715,1.286409,2.449046,-5.222783,-6.15428,0,8
case_08_NaNiH3_cosine_seed9542,NaNiH3,cosine,9542,3,0.22397,0.008659,0.254456,0.183509,-0.030486,0.008659,0.0,-0.070947,0.014222,0.024492,0.921972,0.064831,8,2,7,7,7,0.898268,1.420708,2.388204,-9.125622,-7.200228,0,8
case_08_NaNiH3_cosine_seed9542,NaNiH3,cosine,9542,4,0.215536,0.008766,0.249894,0.18319,-0.03892,0.008766,-0.004562,-0.071266,0.005499,0.024795,0.952724,0.064441,8,4,7,7,7,1.324202,1.949425,2.740905,-6.486795,-7.192002,0,8
case_08_NaNiH3_cosine_seed9542,NaNiH3,cosine,9542,5,0.229683,0.008373,0.265561,0.183272,-0.035878,0.008373,0.0,-0.082289,0.008113,0.023682,0.99599,0.026456,8,5,8,8,8,1.738362,1.604877,4.214613,-6.056447,-7.038043,0,8
case_08_NaNiH3_cosine_seed9542,NaNiH3,cosine,9542,6,0.21999,0.011696,0.266133,0.172337,-0.046143,0.011696,0.0,-0.093797,-0.002044,0.033081,1.028533,-0.03537,8,4,7,7,7,1.647287,1.619409,2.148239,-8.532995,-6.886511,0,8
case_08_NaNiH3_cosine_seed9542,NaNiH3,cosine,9542,7,0.222203,0.007186,0.249191,0.186995,-0.04393,0.007186,-0.016942,-0.079138,0.00016,0.020326,1.028779,0.336574,8,3,7,7,7,1.134658,1.78433,2.581202,-3.8368,-7.092059,0,8
case_08_NaNiH3_cosine_seed9542,NaNiH3,cosine,9542,8,0.19507,0.018416,0.249592,0.111263,-0.071063,0.018416,-0.016542,-0.15487,-0.025624,0.052087,1.054031,0.18629,8,4,8,8,8,1.875564,1.362588,3.414736,-14.424644,-8.333868,0,8
case_08_NaNiH3_cosine_seed9542,NaNiH3,cosine,9542,9,0.217235,0.008913,0.244704,0.183631,-0.048898,0.008913,-0.02143,-0.082502,-0.003286,0.02521,1.110036,0.130164,8,4,7,6,7,1.471257,0.998956,1.130466,-3.795225,-5.56407,0,8
case_08_NaNiH3_cosine_seed9542,NaNiH3,cosine,9542,10,0.226257,0.006716,0.244041,0.183331,-0.039877,0.006716,-0.022092,-0.082803,0.005449,0.018997,1.159216,0.033356,8,3,8,8,8,1.127633,1.609607,3.076207,-11.245283,-7.621512,0,8
case_08_NaNiH3_cosine_seed9542,NaNiH3,cosine,9542,11,0.217847,0.010068,0.247848,0.168214,-0.048287,0.010068,-0.018285,-0.09792,-0.002813,0.028478,1.1607,0.272625,8,3,8,7,8,1.479158,1.452591,3.588561,-16.928381,-7.713724,0,8
case_08_NaNiH3_cosine_seed9542,NaNiH3,cosine,9542,12,0.218335,0.009645,0.25443,0.181902,-0.047799,0.009645,-0.011703,-0.084231,-0.002209,0.027279,1.215433,0.032058,8,4,8,7,8,1.483224,1.947339,2.583247,-6.458726,-6.130054,0,8
case_08_NaNiH3_cosine_seed9542,NaNiH3,cosine,9542,13,0.21373,0.007197,0.238832,0.188386,-0.052403,0.007197,-0.027301,-0.077747,-0.006473,0.020357,1.23126,0.084761,8,2,6,6,6,0.974851,1.303449,1.443772,-5.696057,-6.444087,0,8
case_08_NaNiH3_cosine_seed9542,NaNiH3,cosine,9542,14,0.204395,0.011889,0.252176,0.147252,-0.061738,0.011889,-0.013957,-0.118882,-0.015017,0.033627,1.211985,0.491111,8,3,7,6,7,1.371249,1.472056,2.113019,-7.232891,-6.708785,0,8
case_08_NaNiH3_cosine_seed9542,NaNiH3,cosine,9542,15,0.217164,0.008497,0.245467,0.183309,-0.04897,0.008497,-0.020666,-0.082824,-0.002137,0.024034,1.248211,0.491664,8,3,7,6,7,1.511495,1.213045,2.379949,-6.200679,-6.261692,0,8
case_08_NaNiH3_cosine_seed9542,NaNiH3,cosine,9542,16,0.236609,0.008716,0.2652,0.183592,-0.029525,0.008716,-0.000933,-0.082542,0.016443,0.024653,1.350308,-0.076907,8,4,8,8,8,1.640079,1.422326,2.307422,-6.822413,-6.673315,0,8
case_08_NaNiH3_cosine_seed9542,NaNiH3,cosine,9542,17,0.229861,0.006181,0.254088,0.197095,-0.036272,0.006181,-0.012045,-0.069039,0.009211,0.017483,1.317758,0.450741,8,3,6,6,6,1.010111,1.494627,2.685171,-9.476616,-6.549095,0,8
case_08_NaNiH3_cosine_seed9542,NaNiH3,cosine,9542,18,0.214969,0.01058,0.240068,0.151543,-0.051164,0.01058,-0.026066,-0.11459,-0.005397,0.029924,1.392306,-0.250249,8,4,8,8,8,1.691098,1.564776,1.688842,-0.970278,-6.582829,0,8
case_08_NaNiH3_cosine_seed9542,NaNiH3,cosine,9542,19,0.209905,0.008374,0.242708,0.182185,-0.056228,0.008374,-0.023425,-0.083948,-0.009938,0.023684,1.368823,0.176497,8,4,6,6,6,2.068887,1.529822,2.298534,-12.876587,-6.943029,0,8
case_08_NaNiH3_cosine_seed9542,NaNiH3,cosine,9542,20,0.219726,0.008444,0.247976,0.180595,-0.046408,0.008444,-0.018158,-0.085538,-0.000112,0.023884,1.28418,1.364141,8,4,8,8,8,1.660889,1.44593,3.919166,-4.386775,-6.749196,0,8
case_08_NaNiH3_cosine_seed9542,NaNiH3,cosine,9542,21,0.210495,0.008468,0.240328,0.183158,-0.055639,0.008468,-0.025805,-0.082976,-0.008876,0.02395,1.395094,0.371762,8,4,6,5,6,1.754615,0.489229,2.445225,-2.806051,-5.388239,0,8
case_08_NaNiH3_cosine_seed9542,NaNiH3,cosine,9542,22,0.212908,0.006592,0.24249,0.193028,-0.053225,0.006592,-0.023643,-0.073106,-0.006139,0.018646,1.420741,0.383979,8,5,7,7,7,1.631195,1.494525,2.141345,-4.436127,-6.284981,0,8
case_08_NaNiH3_cosine_seed9542,NaNiH3,cosine,9542,23,0.221052,0.008558,0.259906,0.180012,-0.045081,0.008558,-0.006227,-0.086121,0.001905,0.024207,1.396414,0.902883,8,3,8,7,8,1.199782,1.016613,3.095142,-2.745446,-7.095147,0,8
case_08_NaNiH3_cosine_seed9542,NaNiH3,cosine,9542,24,0.223328,0.01064,0.26537,0.183084,-0.042805,0.01064,-0.000764,-0.08305,0.003972,0.030094,1.438619,0.670404,8,3,6,5,6,1.410165,1.340768,1.625813,-7.744341,-6.481198,0,8
case_08_NaNiH3_cosine_seed9542,NaNiH3,cosine,9542,25,0.211556,0.008087,0.239774,0.183611,-0.054577,0.008087,-0.026359,-0.082522,-0.00741,0.022874,1.374721,1.39305,8,3,7,6,7,1.211575,0.931882,2.089231,-5.983088,-6.047363,0,8
case_08_NaNiH3_cosine_seed9542,NaNiH3,cosine,9542,26,0.209044,0.012747,0.24948,0.125885,-0.057089,0.012747,-0.016654,-0.140248,-0.009426,0.036053,1.392194,1.378874,8,4,8,8,8,1.50689,1.475921,2.117544,1.669501,-5.788306,0,8
case_08_NaNiH3_cosine_seed9542,NaNiH3,cosine,9542,27,0.206,0.007715,0.243413,0.181442,-0.060134,0.007715,-0.02272,-0.084692,-0.011847,0.021822,1.415586,1.285044,8,2,6,5,6,1.051982,1.932857,1.773015,-5.651773,-6.003133,0,8
case_08_NaNiH3_cosine_seed9542,NaNiH3,cosine,9542,28,0.22789,0.012038,0.277586,0.183608,-0.049696,0.012038,0.0,-0.093978,-0.001339,0.034049,1.46243,1.04401,8,4,7,6,7,1.560524,1.323354,1.889282,-5.06234,-5.59798,0,8
case_08_NaNiH3_cosine_seed9542,NaNiH3,cosine,9542,29,0.226892,0.00948,0.273323,0.183526,-0.050693,0.00948,-0.004263,-0.09406,-0.00222,0.026812,1.370128,2.112619,8,4,7,8,8,1.624098,1.257636,1.740969,-1.786679,-5.667755,0,8
case_08_NaNiH3_cosine_seed9542,NaNiH3,cosine,9542,30,0.21052,0.01491,0.27952,0.148833,-0.069001,0.01491,0.0,-0.130687,-0.0195,0.042171,1.561846,0.148652,8,6,7,7,8,2.773142,1.234243,2.312846,1.808627,-4.70828,0,8
case_08_NaNiH3_cosine_seed9542,NaNiH3,cosine,9542,31,0.22202,0.009508,0.25718,0.184063,-0.057501,0.009508,-0.022341,-0.095457,-0.0076,0.026893,1.492742,1.097402,8,3,7,6,7,1.08708,1.253299,2.263341,-2.441897,-6.545313,0,8
case_08_NaNiH3_cosine_seed9542,NaNiH3,cosine,9542,32,0.21597,0.008597,0.244367,0.18349,-0.063551,0.008597,-0.035153,-0.09603,-0.012968,0.024317,1.469248,1.376553,8,2,7,6,7,0.974489,1.990732,1.351351,-5.984676,-6.931352,0,8
case_08_NaNiH3_cosine_seed9542,NaNiH3,cosine,9542,33,0.205805,0.00819,0.241276,0.182105,-0.073715,0.00819,-0.038245,-0.097415,-0.021976,0.023165,1.526308,0.823707,8,4,7,6,7,1.4718,1.192734,2.237569,-4.748946,-5.87193,0,8
case_08_NaNiH3_cosine_seed9542,NaNiH3,cosine,9542,34,0.223458,0.00779,0.251862,0.183605,-0.056062,0.00779,-0.027658,-0.095916,-0.004107,0.022033,1.543103,0.956547,8,4,8,7,8,1.514187,1.169473,3.019506,-5.389631,-5.595978,0,8
case_08_NaNiH3_cosine_seed9542,NaNiH3,cosine,9542,35,0.213583,0.010826,0.255541,0.182678,-0.065937,0.010826,-0.02398,-0.096843,-0.013283,0.03062,1.592457,0.493951,8,3,6,5,6,1.354621,1.478176,1.189342,1.193863,-6.069821,0,8
case_08_NaNiH3_cosine_seed9542,NaNiH3,cosine,9542,36,0.20515,0.01505,0.238201,0.106627,-0.07437,0.01505,-0.04132,-0.172893,-0.02063,0.042567,1.538853,1.077184,8,4,8,8,8,1.452542,1.941028,3.274004,-5.822494,-7.64363,0,8
case_08_NaNiH3_cosine_seed9542,NaNiH3,cosine,9542,37,0.189386,0.012037,0.239749,0.119804,-0.090134,0.012037,-0.039771,-0.159716,-0.034574,0.034045,1.577178,0.657934,8,3,6,5,6,1.289096,1.493425,2.412661,-2.603279,-5.20544,0,8
case_08_NaNiH3_cosine_seed9542,NaNiH3,cosine,9542,38,0.214353,0.010945,0.255822,0.180929,-0.065168,0.010945,-0.023698,-0.098591,-0.009127,0.030958,1.524895,1.555835,8,2,6,5,6,1.05198,1.092312,1.624288,-6.147269,-5.353272,0,8
case_08_NaNiH3_cosine_seed9542,NaNiH3,cosine,9542,39,0.211402,0.01377,0.245776,0.148986,-0.068119,0.01377,-0.033745,-0.130534,-0.011474,0.038947,1.429263,2.584691,8,4,8,8,8,1.24651,2.524009,2.744497,-6.177764,-7.306524,0,8
case_08_NaNiH3_cosine_seed9542,NaNiH3,cosine,9542,40,0.211323,0.013396,0.24522,0.129207,-0.068198,0.013396,-0.0343,-0.150313,-0.010976,0.037889,1.595668,1.019801,8,4,7,8,8,1.483606,2.56586,2.825241,-2.796581,-6.582242,0,8
case_08_NaNiH3_cosine_seed9542,NaNiH3,cosine,9542,41,0.214545,0.007894,0.254246,0.183226,-0.064976,0.007894,-0.025274,-0.096295,-0.007366,0.022327,1.589956,1.189615,8,5,7,6,7,2.24194,0.743251,2.781922,-5.642965,-6.159789,0,8
case_08_NaNiH3_cosine_seed9542,NaNiH3,cosine,9542,42,0.218465,0.009359,0.254561,0.178837,-0.061056,0.009359,-0.024959,-0.100683,-0.003274,0.026471,1.470995,2.514303,8,5,8,8,8,1.910136,1.947366,2.555586,-3.809635,-6.48302,0,8
case_08_NaNiH3_cosine_seed9542,NaNiH3,cosine,9542,43,0.211847,0.009762,0.256614,0.182889,-0.067674,0.009762,-0.022906,-0.096632,-0.009397,0.02761,1.609834,1.133805,8,3,6,5,6,1.24222,1.302734,1.292522,-6.410215,-5.967895,0,8
case_08_NaNiH3_cosine_seed9542,NaNiH3,cosine,9542,44,0.2155,0.013554,0.272549,0.152609,-0.06402,0.013554,-0.006972,-0.126911,-0.005457,0.038336,1.668605,0.658687,8,4,7,8,8,1.720732,1.448057,3.978218,-3.940073,-5.564164,0,8
case_08_NaNiH3_cosine_seed9542,NaNiH3,cosine,9542,45,0.222671,0.010159,0.259397,0.1858,-0.05685,0.010159,-0.020124,-0.09372,0.001628,0.028735,1.498329,2.512895,8,4,7,7,7,1.584521,1.906544,1.707257,-4.937743,-5.593993,0,8
case_08_NaNiH3_cosine_seed9542,NaNiH3,cosine,9542,46,0.231692,0.010732,0.263157,0.183654,-0.047829,0.010732,-0.016363,-0.095866,0.010117,0.030354,1.668453,0.931133,8,5,7,7,7,1.905691,1.682193,2.450265,-10.688115,-6.400961,0,8
case_08_NaNiH3_cosine_seed9542,NaNiH3,cosine,9542,47,0.219912,0.008417,0.247513,0.181265,-0.059609,0.008417,-0.032008,-0.098255,-0.00158,0.023806,1.621328,1.326806,8,6,8,8,8,1.950002,1.394085,3.564754,-3.678082,-5.77261,0,8
case_08_NaNiH3_cosine_seed9542,NaNiH3,cosine,9542,48,0.212003,0.008955,0.245681,0.182989,-0.067517,0.008955,-0.033839,-0.096532,-0.009014,0.025327,1.636971,1.132623,8,3,6,6,6,1.281782,1.078469,1.376819,-4.598072,-6.443689,0,8
case_08_NaNiH3_cosine_seed9542,NaNiH3,cosine,9542,49,0.232992,0.007557,0.257062,0.193582,-0.046528,0.007557,-0.022458,-0.085938,0.011376,0.021374,1.629256,1.454442,8,3,8,8,8,1.405897,1.3397,5.175677,-8.607726,-7.278102,0,8
case_08_NaNiH3_cosine_seed9542,NaNiH3,cosine,9542,50,0.207351,0.009886,0.245697,0.168026,-0.072169,0.009886,-0.033824,-0.111495,-0.013551,0.027961,1.584241,1.712317,8,3,6,6,6,1.52092,1.181873,2.921189,-3.84723,-5.65949,0,8
case_08_NaNiH3_cosine_seed9542,NaNiH3,cosine,9542,51,0.188521,0.005583,0.225117,0.165278,-0.091,0.005583,-0.054403,-0.114243,-0.030763,0.015791,1.682255,0.582506,8,3,5,4,5,2.000095,1.448466,1.00563,0.078934,-4.22765,0,8
case_08_NaNiH3_cosine_seed9542,NaNiH3,cosine,9542,52,0.197973,0.006493,0.241487,0.183437,-0.081547,0.006493,-0.038034,-0.096084,-0.020245,0.018366,1.648942,1.061039,8,3,5,5,6,1.666861,0.670921,1.68123,-3.032253,-4.650861,0,8
case_08_NaNiH3_cosine_seed9542,NaNiH3,cosine,9542,53,0.201838,0.013742,0.2353,0.123467,-0.077682,0.013742,-0.04422,-0.156054,-0.015561,0.038868,1.63119,1.342594,8,4,8,8,8,1.483523,2.080537,3.680903,-5.732359,-7.184347,0,8
case_08_NaNiH3_cosine_seed9542,NaNiH3,cosine,9542,54,0.221062,0.007681,0.253406,0.184016,-0.058458,0.007681,-0.026114,-0.095504,0.00348,0.021725,1.558044,2.316018,8,4,8,7,8,1.595722,1.760146,1.95624,-4.00361,-6.939193,0,8
case_08_NaNiH3_cosine_seed9542,NaNiH3,cosine,9542,55,0.20535,0.014753,0.268501,0.119246,-0.07417,0.014753,-0.011019,-0.160274,-0.01162,0.041728,1.728655,0.515675,8,4,7,6,7,1.751473,1.624823,1.854579,-0.19423,-5.812467,0,8
case_08_NaNiH3_cosine_seed9542,NaNiH3,cosine,9542,56,0.207278,0.01583,0.253263,0.11936,-0.072243,0.01583,-0.026257,-0.160161,-0.009208,0.044774,1.616881,1.718085,8,4,6,6,6,1.401774,0.989556,1.735392,-3.598164,-5.720841,0,8
case_08_NaNiH3_cosine_seed9542,NaNiH3,cosine,9542,57,0.220178,0.0058,0.237352,0.183366,-0.059342,0.0058,-0.042168,-0.096154,0.003507,0.016405,1.510912,2.938528,8,3,8,8,8,1.009207,1.403931,3.116339,-8.635566,-7.207641,0,8
case_08_NaNiH3_cosine_seed9542,NaNiH3,cosine,9542,58,0.208437,0.010075,0.261381,0.182478,-0.071083,0.010075,-0.018139,-0.097043,-0.007822,0.028497,1.768172,0.307626,8,5,5,6,6,1.709228,0.853261,2.111495,0.170406,-4.804081,0,8
case_08_NaNiH3_cosine_seed9542,NaNiH3,cosine,9542,59,0.210659,0.009538,0.244718,0.168834,-0.068861,0.009538,-0.034803,-0.110686,-0.00532,0.026976,1.688415,1.191355,8,5,8,7,8,1.870657,1.635789,3.571913,1.032976,-5.870141,0,8
case_08_NaNiH3_cosine_seed9542,NaNiH3,cosine,9542,60,0.208307,0.007545,0.237844,0.183114,-0.071213,0.007545,-0.041677,-0.096406,-0.007288,0.021341,1.679811,1.295112,8,4,7,6,7,1.51899,1.024235,1.568551,-4.888786,-5.219232,0,8
case_08_NaNiH3_cosine_seed9542,NaNiH3,cosine,9542,61,0.229637,0.007942,0.253145,0.188522,-0.049883,0.007942,-0.026375,-0.090999,0.01334,0.022463,1.661261,1.732427,8,3,6,6,6,1.086903,1.92754,1.584054,-6.674253,-6.796375,0,8
case_08_NaNiH3_cosine_seed9542,NaNiH3,cosine,9542,62,0.215702,0.00874,0.248934,0.181785,-0.063818,0.00874,-0.030586,-0.097735,-0.000566,0.02472,1.798922,0.25558,8,3,7,6,7,1.281841,0.922626,1.995154,-5.607026,-4.760075,0,8
case_08_NaNiH3_cosine_seed9542,NaNiH3,cosine,9542,63,0.215547,0.012079,0.249891,0.14492,-0.063974,0.012079,-0.029629,-0.1346,-0.000685,0.034165,1.799901,0.303048,8,3,7,7,7,1.370944,1.361433,3.408073,-4.491998,-6.4757,0,8
case_08_NaNiH3_cosine_seed9542,NaNiH3,cosine,9542,64,0.211828,0.009959,0.262205,0.182975,-0.067693,0.009959,-0.017316,-0.096545,-0.004184,0.02817,1.746438,0.85298,8,3,7,6,7,1.545224,1.278263,2.199884,0.919903,-5.215548,0,8
case_08_NaNiH3_cosine_seed9542,NaNiH3,cosine,9542,65,0.216146,0.009464,0.243874,0.18248,-0.063375,0.009464,-0.035647,-0.09704,0.000128,0.02677,1.788375,0.556717,8,3,6,6,6,1.164652,1.147892,2.163867,-5.177521,-6.873212,0,8
case_08_NaNiH3_cosine_seed9542,NaNiH3,cosine,9542,66,0.212726,0.010037,0.245038,0.171277,-0.066795,0.010037,-0.034483,-0.108243,-0.003128,0.028389,1.735145,1.131896,8,4,7,7,7,2.000054,1.017601,2.356217,-5.582469,-6.533988,0,8
case_08_NaNiH3_cosine_seed9542,NaNiH3,cosine,9542,67,0.207963,0.012839,0.254994,0.140214,-0.071558,0.012839,-0.024526,-0.139306,-0.007496,0.036314,1.712008,1.361473,8,4,8,7,8,1.324058,1.486949,2.317217,-5.186863,-6.285998,0,8
case_08_NaNiH3_cosine_seed9542,NaNiH3,cosine,9542,68,0.221415,0.011468,0.278663,0.183151,-0.058106,0.011468,-0.000858,-0.096369,0.005658,0.032436,1.812561,0.532296,8,4,6,7,7,1.701976,1.808116,2.309788,-5.627698,-5.667709,0,8
case_08_NaNiH3_cosine_seed9542,NaNiH3,cosine,9542,69,0.224959,0.009633,0.260197,0.183111,-0.054561,0.009633,-0.019323,-0.096409,0.008742,0.027245,1.5926,2.814634,8,3,6,7,7,1.204084,1.099046,1.818278,-7.134639,-6.633584,0,8
case_08_NaNiH3_cosine_seed9542,NaNiH3,cosine,9542,70,0.219571,0.01249,0.253036,0.150971,-0.05995,0.01249,-0.026484,-0.12855,0.003186,0.035327,1.596241,2.790821,8,3,7,7,8,1.387978,1.763089,1.49008,-2.732653,-7.037193,0,8
case_08_NaNiH3_cosine_seed9542,NaNiH3,cosine,9542,71,0.227378,0.014374,0.306807,0.173747,-0.079429,0.014374,0.0,-0.13306,-0.015478,0.040656,1.613402,2.46957,8,5,8,8,8,1.863231,2.685605,2.155109,-1.647123,-6.622383,0,8
case_08_NaNiH3_cosine_seed9542,NaNiH3,cosine,9542,72,0.219286,0.00746,0.257311,0.183619,-0.087521,0.00746,-0.049496,-0.123188,-0.022392,0.0211,1.604552,2.531515,8,5,8,8,8,1.712812,1.582601,2.90598,-4.497372,-6.679254,0,8
case_08_NaNiH3_cosine_seed9542,NaNiH3,cosine,9542,73,0.211224,0.008422,0.245036,0.183009,-0.095583,0.008422,-0.061771,-0.123798,-0.028931,0.023822,1.587355,2.672544,8,3,7,6,7,1.28197,1.253473,1.678566,-7.027227,-6.159571,0,8
case_08_NaNiH3_cosine_seed9542,NaNiH3,cosine,9542,74,0.22857,0.00664,0.256776,0.195923,-0.078238,0.00664,-0.050031,-0.110884,-0.011007,0.018781,1.667066,2.090736,8,4,7,7,7,1.324033,1.534193,2.51616,-7.442494,-6.253611,0,8
case_08_NaNiH3_cosine_seed9542,NaNiH3,cosine,9542,75,0.213666,0.013414,0.24603,0.13205,-0.093141,0.013414,-0.060777,-0.174757,-0.024614,0.037941,1.68762,1.793801,8,4,8,8,8,1.246126,1.710647,2.851455,-6.109015,-7.704563,0,8
case_08_NaNiH3_cosine_seed9542,NaNiH3,cosine,9542,76,0.213943,0.021005,0.307602,0.106494,-0.093659,0.021005,0.0,-0.201108,-0.023876,0.059411,1.730306,1.408314,8,5,8,7,8,2.07002,1.344928,3.145277,2.897115,-5.439032,0,8
case_08_NaNiH3_cosine_seed9542,NaNiH3,cosine,9542,77,0.195295,0.007932,0.236083,0.170225,-0.112307,0.007932,-0.071519,-0.137377,-0.040398,0.022434,1.624567,2.332633,8,4,6,6,6,1.607814,0.695534,3.217891,-3.071659,-5.726028,0,8
case_08_NaNiH3_cosine_seed9542,NaNiH3,cosine,9542,78,0.242685,0.00316,0.26234,0.231129,-0.064917,0.00316,-0.045262,-0.076473,0.006643,0.008939,1.630039,2.774679,8,2,6,7,7,1.253634,0.880412,2.749289,-10.55461,-8.891655,0,8
case_08_NaNiH3_cosine_seed9542,NaNiH3,cosine,9542,79,0.222957,0.011213,0.289324,0.184847,-0.084645,0.011213,-0.018278,-0.122755,-0.012431,0.031714,1.68895,2.025029,8,5,6,7,7,2.11338,1.671107,1.584444,-6.737057,-5.685417,0,8
case_08_NaNiH3_cosine_seed9542,NaNiH3,cosine,9542,80,0.207162,0.013565,0.257918,0.146013,-0.10044,0.013565,-0.049684,-0.161589,-0.026815,0.038368,1.711128,1.673971,8,4,8,7,8,1.625178,1.187873,2.18794,-5.357682,-6.278581,0,8
case_08_NaNiH3_cosine_seed9542,NaNiH3,cosine,9542,81,0.206267,0.012907,0.257586,0.129832,-0.101335,0.012907,-0.050016,-0.17777,-0.026324,0.036506,1.701234,1.790399,8,5,8,7,8,1.910134,1.193084,2.502141,-1.244591,-6.142196,0,8
case_08_NaNiH3_cosine_seed9542,NaNiH3,cosine,9542,82,0.221678,0.008982,0.245626,0.183239,-0.085924,0.008982,-0.061976,-0.124363,-0.010367,0.025406,1.760612,1.384897,8,5,7,8,8,1.951861,1.884691,2.666396,-7.667078,-6.84088,0,8
case_08_NaNiH3_cosine_seed9542,NaNiH3,cosine,9542,83,0.217446,0.009325,0.252192,0.183646,-0.090156,0.009325,-0.05541,-0.123956,-0.013869,0.026374,1.813373,0.850417,8,6,8,7,8,2.213335,0.646017,2.926898,-8.078283,-6.202162,0,8
case_08_NaNiH3_cosine_seed9542,NaNiH3,cosine,9542,84,0.200534,0.009276,0.246532,0.180898,-0.107068,0.009276,-0.06107,-0.126704,-0.029243,0.026237,1.765008,1.215138,8,2,4,3,4,1.207974,0.845038,0.422023,-4.292614,-4.777213,0,8
case_08_NaNiH3_cosine_seed9542,NaNiH3,cosine,9542,85,0.213471,0.00793,0.243088,0.182219,-0.094131,0.00793,-0.064514,-0.125383,-0.01549,0.022428,1.684067,2.210939,8,3,6,6,6,1.164666,0.948999,3.109938,-4.745451,-5.534932,0,8
case_08_NaNiH3_cosine_seed9542,NaNiH3,cosine,9542,86,0.211377,0.011543,0.256258,0.157538,-0.096225,0.011543,-0.051344,-0.150064,-0.016706,0.03265,1.588742,3.182399,8,5,8,7,8,1.870718,1.398977,2.185184,-3.174211,-5.587068,0,8
case_08_NaNiH3_cosine_seed9542,NaNiH3,cosine,9542,87,0.229762,0.010193,0.264067,0.182415,-0.07784,0.010193,-0.043535,-0.125187,0.001596,0.028831,1.540913,3.884825,8,4,6,6,6,1.324019,1.373942,2.805992,-6.442976,-6.704155,0,8
case_08_NaNiH3_cosine_seed9542,NaNiH3,cosine,9542,88,0.238582,0.012088,0.274717,0.157174,-0.06902,0.012088,-0.032885,-0.150428,0.009895,0.034189,1.606497,3.33138,8,4,6,7,7,1.681245,2.158746,2.132721,-4.847464,-7.061145,0,8
case_08_NaNiH3_cosine_seed9542,NaNiH3,cosine,9542,89,0.229942,0.00671,0.251043,0.192752,-0.07766,0.00671,-0.056559,-0.11485,0.001192,0.018978,1.605338,3.280326,8,3,7,8,8,1.168272,1.95344,3.741123,-8.118902,-7.69026,0,8
case_08_NaNiH3_cosine_seed9542,NaNiH3,cosine,9542,90,0.212952,0.009359,0.241995,0.161676,-0.09465,0.009359,-0.065607,-0.145926,-0.015007,0.026472,1.775562,1.439127,8,4,8,8,8,1.483403,1.458564,3.164322,-9.085382,-5.648365,0,8
case_08_NaNiH3_cosine_seed9542,NaNiH3,cosine,9542,91,0.212062,0.008445,0.249191,0.183654,-0.09554,0.008445,-0.058411,-0.123948,-0.015103,0.023886,1.867332,0.549793,8,5,7,6,7,2.099324,1.22155,2.192466,-3.622188,-5.436295,0,8
case_08_NaNiH3_cosine_seed9542,NaNiH3,cosine,9542,92,0.216923,0.009375,0.243803,0.171034,-0.090679,0.009375,-0.063799,-0.136568,-0.00973,0.026516,1.810111,1.19944,8,4,8,8,8,2.537623,1.759782,3.444663,-2.773891,-6.331546,0,8
case_08_NaNiH3_cosine_seed9542,NaNiH3,cosine,9542,93,0.222449,0.009172,0.258446,0.182588,-0.085153,0.009172,-0.049156,-0.125014,-0.003994,0.025943,1.807344,1.300407,8,5,7,6,7,2.020547,1.341455,1.316567,-2.840123,-6.686116,0,8
case_08_NaNiH3_cosine_seed9542,NaNiH3,cosine,9542,94,0.223141,0.006719,0.25007,0.18686,-0.084461,0.006719,-0.057532,-0.120742,-0.003136,0.019003,1.506291,4.354722,8,4,7,8,8,1.246198,1.347294,3.367851,-7.585638,-7.013602,0,8
case_08_NaNiH3_cosine_seed9542,NaNiH3,cosine,9542,95,0.203928,0.005856,0.236006,0.182459,-0.103674,0.005856,-0.071596,-0.125143,-0.021232,0.016564,1.684296,2.413756,8,4,7,5,7,1.662573,1.430544,1.042873,-2.195415,-5.21941,0,8
case_08_NaNiH3_cosine_seed9542,NaNiH3,cosine,9542,96,0.219421,0.009151,0.250484,0.171309,-0.088181,0.009151,-0.057118,-0.136293,-0.005452,0.025882,1.800202,1.441147,8,4,8,8,8,1.600775,1.49231,2.381402,-6.289658,-5.444671,0,8
case_08_NaNiH3_cosine_seed9542,NaNiH3,cosine,9542,97,0.231471,0.00889,0.252863,0.185729,-0.076131,0.00889,-0.054739,-0.121873,0.006268,0.025145,1.61147,3.468538,8,2,7,7,7,0.896511,1.769445,1.694094,-10.022905,-7.225983,0,8
case_08_NaNiH3_cosine_seed9542,NaNiH3,cosine,9542,98,0.20755,0.008279,0.249185,0.173666,-0.100052,0.008279,-0.058417,-0.133936,-0.01677,0.023417,1.914315,0.220265,8,4,6,6,6,1.782395,1.18893,2.459175,7.089834,-4.770221,0,8
case_08_NaNiH3_cosine_seed9542,NaNiH3,cosine,9542,99,0.200794,0.007799,0.239223,0.179207,-0.106808,0.007799,-0.068379,-0.128395,-0.02235,0.02206,1.835826,0.976156,8,3,5,4,5,1.32015,1.209289,1.04939,-0.974599,-4.258029,0,8
case_08_NaNiH3_cosine_seed9542,NaNiH3,cosine,9542,100,0.212787,0.006965,0.238774,0.18292,-0.094814,0.006965,-0.068828,-0.124682,-0.009839,0.019699,1.864719,0.835263,8,5,8,7,8,1.631678,1.267179,2.037141,-2.544895,-6.043166,0,8
case_08_NaNiH3_peak_seed9542,NaNiH3,peak,9542,1,0.400295,0.039463,0.58795,0.301803,-0.187656,0.039463,0.0,-0.286147,0.0,0.111619,0.147598,0.0,8,3,7,7,7,1.087716,1.52761,2.775756,-0.160606,-6.621555,0,8
case_08_NaNiH3_peak_seed9542,NaNiH3,peak,9542,2,0.410601,0.036574,0.589282,0.33832,-0.17868,0.036574,0.0,-0.250961,0.008527,0.103446,0.156208,0.022305,8,4,7,7,7,1.56071,1.288381,2.44904,-5.226415,-6.155034,0,8
case_08_NaNiH3_peak_seed9542,NaNiH3,peak,9542,3,0.420147,0.036598,0.58831,0.316306,-0.169135,0.036598,-0.000972,-0.272976,0.017169,0.103516,0.148628,0.176414,8,2,7,7,7,0.898393,1.420372,2.387603,-9.127762,-7.200832,0,8
case_08_NaNiH3_peak_seed9542,NaNiH3,peak,9542,4,0.405533,0.039888,0.588181,0.289829,-0.183749,0.039888,-0.001101,-0.299452,0.002427,0.112822,0.146973,0.047842,8,4,7,7,7,1.324244,1.944617,2.742963,-6.513948,-7.195737,0,8
case_08_NaNiH3_peak_seed9542,NaNiH3,peak,9542,5,0.372802,0.033346,0.588159,0.275626,-0.21648,0.033346,-0.001123,-0.313656,-0.028789,0.094315,0.119878,0.018719,8,5,8,8,8,1.738571,1.751537,4.239984,-6.123969,-7.036243,0,8
case_08_NaNiH3_peak_seed9542,NaNiH3,peak,9542,6,0.423444,0.037799,0.588129,0.323271,-0.165838,0.037799,-0.001153,-0.266011,0.02076,0.106913,0.170543,0.015121,8,4,7,7,7,1.647341,1.611099,2.141696,-8.534235,-6.889047,0,8
case_08_NaNiH3_peak_seed9542,NaNiH3,peak,9542,7,0.404401,0.039194,0.588891,0.310167,-0.184881,0.039194,-0.000391,-0.279115,0.001631,0.110856,0.145396,0.076829,8,3,7,7,7,1.134933,1.71019,2.575935,-4.181248,-7.099535,0,8
case_08_NaNiH3_peak_seed9542,NaNiH3,peak,9542,8,0.358285,0.033368,0.588041,0.238156,-0.230997,0.033368,-0.00124,-0.351125,-0.04226,0.094379,0.104184,0.044061,8,4,8,8,8,1.87595,1.357823,3.429896,-14.252731,-8.33157,0,8
case_08_NaNiH3_peak_seed9542,NaNiH3,peak,9542,9,0.487372,0.055236,0.76779,0.327011,-0.280418,0.055236,0.0,-0.440779,-0.087098,0.15623,0.05276,0.10504,8,4,7,6,7,1.470696,1.000952,1.123996,-3.770088,-5.566057,0,8
case_08_NaNiH3_peak_seed9542,NaNiH3,peak,9542,10,0.399431,0.041045,0.608404,0.295813,-0.368359,0.041045,-0.159386,-0.471976,-0.166287,0.116094,-0.035192,0.186716,8,3,8,8,8,1.128537,1.604345,3.072178,-11.163139,-7.612057,0,8
case_08_NaNiH3_peak_seed9542,NaNiH3,peak,9542,11,0.397553,0.03931,0.588985,0.307495,-0.370237,0.03931,-0.178805,-0.460295,-0.159756,0.111184,-0.00849,-0.022266,8,3,8,7,8,1.479664,1.468553,3.777179,-16.394997,-7.721745,0,8
case_08_NaNiH3_peak_seed9542,NaNiH3,peak,9542,12,0.435668,0.03454,0.588541,0.305647,-0.332122,0.03454,-0.179249,-0.462143,-0.115559,0.097695,0.033134,0.010878,8,4,8,7,8,1.483453,1.960686,2.584437,-6.331359,-6.13014,0,8
case_08_NaNiH3_peak_seed9542,NaNiH3,peak,9542,13,0.451328,0.039912,0.58906,0.33356,-0.316462,0.039912,-0.17873,-0.43423,-0.094904,0.112888,0.031149,0.243059,8,2,6,6,6,0.974968,1.306508,1.439561,-6.005055,-6.454514,0,8
case_08_NaNiH3_peak_seed9542,NaNiH3,peak,9542,14,0.40001,0.045557,0.587936,0.226458,-0.36778,0.045557,-0.179854,-0.541332,-0.138911,0.128854,0.021764,-0.092947,8,3,7,6,7,1.371406,1.604084,2.096847,-6.922899,-6.717473,0,8
case_08_NaNiH3_peak_seed9542,NaNiH3,peak,9542,15,0.492718,0.057374,0.711777,0.322679,-0.275072,0.057374,-0.056012,-0.445111,-0.043893,0.162279,0.112008,-0.038309,8,3,6,6,6,1.511257,1.227591,2.388064,-6.266267,-6.266603,0,8
case_08_NaNiH3_peak_seed9542,NaNiH3,peak,9542,16,0.406673,0.035372,0.587935,0.304861,-0.361117,0.035372,-0.179854,-0.462929,-0.123441,0.100047,-0.002538,0.320115,8,4,8,8,8,1.641036,1.423464,2.302205,-7.013188,-6.671517,0,8
case_08_NaNiH3_peak_seed9542,NaNiH3,peak,9542,17,0.412686,0.027665,0.589047,0.317859,-0.355104,0.027665,-0.178743,-0.449931,-0.111557,0.07825,0.042704,-0.005675,8,3,6,6,6,1.011876,1.517799,2.682624,-9.849241,-6.552776,0,8
case_08_NaNiH3_peak_seed9542,NaNiH3,peak,9542,18,0.403386,0.030913,0.587956,0.313819,-0.364404,0.030913,-0.179834,-0.453971,-0.114814,0.087436,0.006871,0.326751,8,4,8,8,8,1.691902,1.962236,1.683815,-0.465932,-6.551204,0,8
case_08_NaNiH3_peak_seed9542,NaNiH3,peak,9542,19,0.449027,0.043771,0.588296,0.285516,-0.318762,0.043771,-0.179494,-0.482274,-0.065714,0.123803,0.079749,0.092883,8,4,6,6,6,2.068041,1.51827,2.18016,-12.75647,-6.935036,0,8
case_08_NaNiH3_peak_seed9542,NaNiH3,peak,9542,20,0.382709,0.027439,0.529387,0.255772,-0.38508,0.027439,-0.238403,-0.512018,-0.12543,0.07761,0.01544,0.139603,8,4,8,8,8,1.662924,2.008643,3.483572,-4.527572,-6.757123,0,8
case_08_NaNiH3_peak_seed9542,NaNiH3,peak,9542,21,0.474282,0.043953,0.589475,0.299512,-0.293508,0.043953,-0.178315,-0.468278,-0.032165,0.124316,0.122914,-0.006636,8,4,6,5,6,1.752361,0.501697,2.467845,-2.834733,-5.392664,0,8
case_08_NaNiH3_peak_seed9542,NaNiH3,peak,9542,22,0.446776,0.052126,0.712325,0.308495,-0.321014,0.052126,-0.055465,-0.459295,-0.056688,0.147434,0.108024,-0.103637,8,5,7,7,7,1.630526,1.455907,2.111304,-4.290084,-6.298629,0,8
case_08_NaNiH3_peak_seed9542,NaNiH3,peak,9542,23,0.386037,0.035312,0.588521,0.293326,-0.381753,0.035312,-0.179269,-0.474464,-0.111555,0.099877,0.067626,-0.245786,8,3,8,7,8,1.201444,1.004333,3.093581,-2.808711,-7.101185,0,8
case_08_NaNiH3_peak_seed9542,NaNiH3,peak,9542,24,0.43145,0.035892,0.588666,0.316418,-0.33634,0.035892,-0.179124,-0.451371,-0.062835,0.101518,0.094854,-0.025009,8,3,6,5,6,1.411109,1.284494,1.603097,-7.826623,-6.483623,0,8
case_08_NaNiH3_peak_seed9542,NaNiH3,peak,9542,25,0.434349,0.04254,0.589256,0.316879,-0.333441,0.04254,-0.178534,-0.450911,-0.056939,0.120321,0.067468,0.311708,8,3,7,6,7,1.211112,0.917901,2.091,-5.991117,-6.059555,0,8
case_08_NaNiH3_peak_seed9542,NaNiH3,peak,9542,26,0.420658,0.048637,0.707242,0.304703,-0.347132,0.048637,-0.060548,-0.463087,-0.067098,0.137565,0.079605,0.094666,8,4,8,8,8,1.50763,1.43233,2.122322,1.365232,-5.78809,0,8
case_08_NaNiH3_peak_seed9542,NaNiH3,peak,9542,27,0.453811,0.047566,0.588706,0.298548,-0.313979,0.047566,-0.179084,-0.469242,-0.032248,0.134538,0.127027,-0.028738,8,2,6,5,6,1.050731,1.881945,1.786469,-5.832982,-6.004939,0,8
case_08_NaNiH3_peak_seed9542,NaNiH3,peak,9542,28,0.48297,0.035414,0.588972,0.286823,-0.28482,0.035414,-0.178818,-0.480967,-0.002935,0.100167,0.154315,-0.007031,8,4,7,6,7,1.559408,1.367566,1.88912,-4.827714,-5.599036,0,8
case_08_NaNiH3_peak_seed9542,NaNiH3,peak,9542,29,0.479502,0.046013,0.720934,0.333524,-0.288288,0.046013,-0.046856,-0.434266,-0.006083,0.130145,0.138594,0.117226,8,4,7,8,8,1.62448,1.252638,1.729645,-1.982399,-5.67357,0,8
case_08_NaNiH3_peak_seed9542,NaNiH3,peak,9542,30,0.462423,0.048692,0.710933,0.296501,-0.305366,0.048692,-0.056857,-0.471289,-0.022003,0.137721,0.127786,0.061806,8,6,7,7,8,2.770585,1.272324,2.304567,2.302356,-4.707041,0,8
case_08_NaNiH3_peak_seed9542,NaNiH3,peak,9542,31,0.420622,0.03821,0.58829,0.27444,-0.347167,0.03821,-0.1795,-0.49335,-0.060614,0.108075,0.058744,0.362212,8,3,7,6,7,1.088376,1.277623,2.259604,-1.266691,-6.561861,0,8
case_08_NaNiH3_peak_seed9542,NaNiH3,peak,9542,32,0.446633,0.039255,0.588916,0.329623,-0.321157,0.039255,-0.178873,-0.438167,-0.032873,0.111031,0.120276,0.025287,8,2,7,6,7,0.974914,1.877221,1.345304,-5.652063,-6.937318,0,8
case_08_NaNiH3_peak_seed9542,NaNiH3,peak,9542,33,0.462463,0.044442,0.588817,0.317208,-0.305327,0.044442,-0.178973,-0.450582,-0.016191,0.125702,0.149083,-0.096482,8,4,7,6,7,1.469874,1.198724,2.264164,-4.759543,-5.874282,0,8
case_08_NaNiH3_peak_seed9542,NaNiH3,peak,9542,34,0.436335,0.033672,0.588727,0.314274,-0.331455,0.033672,-0.179063,-0.453516,-0.040203,0.095238,0.091151,0.250292,8,4,8,7,8,1.51362,1.194623,3.039752,-5.583122,-5.607917,0,8
case_08_NaNiH3_peak_seed9542,NaNiH3,peak,9542,35,0.469347,0.034815,0.589021,0.324106,-0.298443,0.034815,-0.178769,-0.443684,-0.006832,0.098472,0.126715,0.237356,8,3,6,5,6,1.353135,1.457422,1.186348,1.020069,-6.069335,0,8
case_08_NaNiH3_peak_seed9542,NaNiH3,peak,9542,36,0.370455,0.031255,0.588082,0.282566,-0.397335,0.031255,-0.179708,-0.485224,-0.100437,0.088401,0.044397,0.130451,8,4,8,8,8,1.455104,1.727952,2.741378,-5.178463,-7.625401,0,8
case_08_NaNiH3_peak_seed9542,NaNiH3,peak,9542,37,0.473748,0.042576,0.58956,0.307152,-0.294042,0.042576,-0.17823,-0.460638,0.002713,0.120423,0.147518,0.137063,8,3,6,5,6,1.286402,1.46912,2.403613,-2.795074,-5.214978,0,8
case_08_NaNiH3_peak_seed9542,NaNiH3,peak,9542,38,0.480472,0.039618,0.589363,0.329071,-0.287318,0.039618,-0.178427,-0.438718,0.008965,0.112057,0.140978,0.267614,8,2,6,5,6,1.05035,0.964391,1.527282,-5.998119,-5.357882,0,8
case_08_NaNiH3_peak_seed9542,NaNiH3,peak,9542,39,0.402641,0.031051,0.587982,0.303158,-0.365149,0.031051,-0.179808,-0.464632,-0.065423,0.087826,0.045134,0.482941,8,4,8,8,8,1.249113,1.966889,2.369074,-8.155815,-7.328015,0,8
case_08_NaNiH3_peak_seed9542,NaNiH3,peak,9542,40,0.357796,0.033491,0.588552,0.268848,-0.409994,0.033491,-0.179238,-0.498942,-0.104754,0.094728,0.051939,0.020913,8,4,7,8,8,1.485129,2.404953,2.855567,-3.233428,-6.583924,0,8
case_08_NaNiH3_peak_seed9542,NaNiH3,peak,9542,41,0.475973,0.048205,0.709408,0.337312,-0.291817,0.048205,-0.058382,-0.430478,0.012752,0.136345,0.131408,0.398352,8,5,7,6,7,2.23949,0.720085,2.805731,-5.634562,-6.169311,0,8
case_08_NaNiH3_peak_seed9542,NaNiH3,peak,9542,42,0.463777,0.043571,0.638801,0.330282,-0.304013,0.043571,-0.128988,-0.437508,0.000528,0.123238,0.164716,-0.05891,8,5,8,8,8,1.910965,1.891159,2.550633,-3.531983,-6.482008,0,8
case_08_NaNiH3_peak_seed9542,NaNiH3,peak,9542,43,0.466159,0.043295,0.589197,0.335571,-0.301631,0.043295,-0.178592,-0.432219,0.002764,0.122457,0.156975,0.040842,8,3,6,5,6,1.239247,1.324678,1.291465,-6.294582,-5.963854,0,8
case_08_NaNiH3_peak_seed9542,NaNiH3,peak,9542,44,0.388425,0.031144,0.588309,0.261278,-0.379364,0.031144,-0.179481,-0.506512,-0.071221,0.088087,0.100397,-0.127692,8,4,7,8,8,1.721158,1.481472,4.07396,-4.549162,-5.557229,0,8
case_08_NaNiH3_peak_seed9542,NaNiH3,peak,9542,45,0.470928,0.048602,0.712171,0.31946,-0.296862,0.048602,-0.055619,-0.44833,0.010718,0.137466,0.171201,-0.010517,8,4,7,7,7,1.583416,1.908535,1.718965,-4.945572,-5.597061,0,8
case_08_NaNiH3_peak_seed9542,NaNiH3,peak,9542,46,0.403448,0.039942,0.588421,0.292221,-0.364342,0.039942,-0.179368,-0.475568,-0.053925,0.112974,0.0897,0.162455,8,5,7,7,7,1.905203,1.500958,2.745101,-12.221049,-6.411622,0,8
case_08_NaNiH3_peak_seed9542,NaNiH3,peak,9542,47,0.479394,0.042136,0.709926,0.297818,-0.288396,0.042136,-0.057864,-0.469972,0.020921,0.119178,0.184379,-0.03191,8,6,8,8,8,1.950128,1.295122,3.570089,-3.642962,-5.772932,0,8
case_08_NaNiH3_peak_seed9542,NaNiH3,peak,9542,48,0.50677,0.04894,0.711088,0.323651,-0.26102,0.04894,-0.056702,-0.444138,0.045882,0.138424,0.200699,0.057315,8,4,6,6,6,1.675494,1.095533,1.218044,-3.81921,-6.371294,0,8
case_08_NaNiH3_peak_seed9542,NaNiH3,peak,9542,49,0.332831,0.01556,0.407123,0.251889,-0.434959,0.01556,-0.360667,-0.515901,-0.121654,0.044009,0.009433,0.296092,8,3,8,8,8,1.410193,1.299464,5.236113,-8.732047,-7.275633,0,8
case_08_NaNiH3_peak_seed9542,NaNiH3,peak,9542,50,0.44454,0.040032,0.588918,0.318599,-0.32325,0.040032,-0.178872,-0.449191,-0.009448,0.113229,0.145948,0.051507,8,3,7,5,7,1.519832,1.245137,2.734855,-4.196398,-5.650892,0,8
case_08_NaNiH3_peak_seed9542,NaNiH3,peak,9542,51,0.532138,0.035342,0.594898,0.345886,-0.235651,0.035342,-0.172892,-0.421904,0.074243,0.099963,0.218765,0.157476,8,3,5,4,5,1.991773,1.380858,1.023941,0.511718,-4.232875,0,8
case_08_NaNiH3_peak_seed9542,NaNiH3,peak,9542,52,0.555345,0.055895,0.76984,0.28774,-0.214495,0.055895,0.0,-0.4821,0.09063,0.158094,0.249003,0.018736,8,3,5,5,6,1.660814,0.5983,1.696071,-3.189713,-4.65764,0,8
case_08_NaNiH3_peak_seed9542,NaNiH3,peak,9542,53,0.379987,0.032621,0.588664,0.299323,-0.389853,0.032621,-0.181176,-0.470517,-0.080492,0.092266,0.042885,0.369498,8,4,8,8,8,1.485477,2.100559,3.658606,-5.632823,-7.185649,0,8
case_08_NaNiH3_peak_seed9542,NaNiH3,peak,9542,54,0.428458,0.037079,0.589218,0.309741,-0.341382,0.037079,-0.180623,-0.460099,-0.030421,0.104875,0.121973,0.085481,8,3,7,6,7,1.277895,1.678428,1.602544,-3.276115,-6.218676,0,8
case_08_NaNiH3_peak_seed9542,NaNiH3,peak,9542,55,0.404346,0.044114,0.58931,0.208261,-0.365495,0.044114,-0.18053,-0.561579,-0.051806,0.124774,0.102518,0.07105,8,4,8,6,8,1.749566,1.745037,1.862635,0.030385,-5.818877,0,8
case_08_NaNiH3_peak_seed9542,NaNiH3,peak,9542,56,0.432092,0.047554,0.587835,0.220661,-0.337748,0.047554,-0.182006,-0.549179,-0.022857,0.134503,0.123469,0.155174,8,4,6,6,6,1.399628,0.943894,1.740747,-3.284943,-5.729276,0,8
case_08_NaNiH3_peak_seed9542,NaNiH3,peak,9542,57,0.364717,0.030842,0.588412,0.307321,-0.405123,0.030842,-0.181428,-0.46252,-0.08572,0.087235,0.084458,-0.080313,8,3,8,8,8,1.013981,1.151749,3.132034,-7.400101,-7.195703,0,8
case_08_NaNiH3_peak_seed9542,NaNiH3,peak,9542,58,0.465293,0.056385,0.708246,0.261206,-0.304547,0.056385,-0.061594,-0.508634,0.014113,0.159479,0.165131,0.114208,8,5,5,6,6,1.704963,0.817912,2.106047,-0.658844,-4.814106,0,8
case_08_NaNiH3_peak_seed9542,NaNiH3,peak,9542,59,0.42459,0.040226,0.588704,0.308553,-0.34525,0.040226,-0.181136,-0.461287,-0.02526,0.113775,0.13209,0.053361,8,5,8,7,8,1.869628,1.679941,3.628484,0.705938,-5.91736,0,8
case_08_NaNiH3_peak_seed9542,NaNiH3,peak,9542,60,0.502525,0.052515,0.710026,0.286434,-0.267315,0.052515,-0.059814,-0.483407,0.050041,0.148536,0.20337,0.095686,8,4,6,5,6,1.590654,0.994647,1.167625,-3.382375,-4.930697,0,8
case_08_NaNiH3_peak_seed9542,NaNiH3,peak,9542,61,0.414567,0.037551,0.589339,0.305928,-0.355273,0.037551,-0.180501,-0.463913,-0.036022,0.106211,0.131973,-0.049549,8,3,6,6,6,1.088979,1.933979,1.569831,-6.582259,-6.777563,0,8
case_08_NaNiH3_peak_seed9542,NaNiH3,peak,9542,62,0.523636,0.045999,0.76841,0.356178,-0.246204,0.045999,-0.001431,-0.413662,0.069395,0.130104,0.254912,-0.222598,8,3,7,6,7,1.280024,0.913462,1.9964,-5.514123,-4.764331,0,8
case_08_NaNiH3_peak_seed9542,NaNiH3,peak,9542,63,0.400147,0.044277,0.588855,0.266546,-0.369693,0.044277,-0.180985,-0.503294,-0.051389,0.125234,0.105696,0.063342,8,3,7,7,8,1.371517,1.33594,3.236588,-4.014832,-6.47468,0,8
case_08_NaNiH3_peak_seed9542,NaNiH3,peak,9542,64,0.460927,0.041238,0.589469,0.31532,-0.308914,0.041238,-0.180371,-0.454521,0.008921,0.116639,0.174443,-0.019415,8,3,7,6,7,1.541766,1.289218,2.236343,0.902838,-5.226197,0,8
case_08_NaNiH3_peak_seed9542,NaNiH3,peak,9542,65,0.438277,0.042208,0.588297,0.303612,-0.331563,0.042208,-0.181543,-0.466228,-0.013042,0.119383,0.131349,0.193782,8,3,6,6,6,1.163698,1.116355,2.166708,-4.738281,-6.869521,0,8
case_08_NaNiH3_peak_seed9542,NaNiH3,peak,9542,66,0.394804,0.039008,0.588701,0.294763,-0.375037,0.039008,-0.181139,-0.475077,-0.05369,0.110332,0.130907,-0.206352,8,4,7,7,7,2.001062,1.065422,2.385694,-5.025439,-6.519869,0,8
case_08_NaNiH3_peak_seed9542,NaNiH3,peak,9542,67,0.418106,0.040329,0.589259,0.282096,-0.351734,0.040329,-0.180581,-0.487744,-0.028868,0.114069,0.12559,0.096356,8,4,8,7,8,1.324818,1.459771,2.272111,-5.096434,-6.279788,0,8
case_08_NaNiH3_peak_seed9542,NaNiH3,peak,9542,68,0.529797,0.052275,0.7699,0.348596,-0.240103,0.052275,0.0,-0.421303,0.078625,0.147857,0.182639,0.60189,8,4,6,7,7,1.699502,1.761562,2.314472,-5.438663,-5.658951,0,8
case_08_NaNiH3_peak_seed9542,NaNiH3,peak,9542,69,0.454447,0.049637,0.709028,0.333653,-0.315453,0.049637,-0.060872,-0.436246,0.003111,0.140395,0.176713,-0.093359,8,3,6,7,7,1.205285,1.068163,1.792683,-7.528891,-6.636881,0,8
case_08_NaNiH3_peak_seed9542,NaNiH3,peak,9542,70,0.412347,0.041661,0.588468,0.268926,-0.357552,0.041661,-0.181432,-0.500974,-0.037038,0.117834,0.147806,-0.206895,8,3,5,6,6,1.389994,1.577952,1.479594,-2.24358,-7.032295,0,8
case_08_NaNiH3_peak_seed9542,NaNiH3,peak,9542,71,0.433153,0.053036,0.725014,0.259471,-0.336747,0.053036,-0.044886,-0.510428,-0.015422,0.150009,0.139074,0.099721,8,5,8,8,8,1.864618,2.641435,2.112571,-1.810175,-6.617893,0,8
case_08_NaNiH3_peak_seed9542,NaNiH3,peak,9542,72,0.373147,0.030505,0.588747,0.289801,-0.396753,0.030505,-0.181152,-0.480099,-0.071656,0.086283,0.058595,0.345495,8,5,8,8,8,1.71474,1.573902,2.952333,-4.604695,-6.646636,0,8
case_08_NaNiH3_peak_seed9542,NaNiH3,peak,9542,73,0.476873,0.052914,0.715269,0.299059,-0.293027,0.052914,-0.05463,-0.47084,0.030466,0.149664,0.151666,0.437132,8,3,7,6,7,1.27963,1.228337,1.681637,-6.937275,-6.158321,0,8
case_08_NaNiH3_peak_seed9542,NaNiH3,peak,9542,74,0.407377,0.038115,0.58915,0.298184,-0.362522,0.038115,-0.18075,-0.471716,-0.037078,0.107805,0.14192,-0.139644,8,4,7,7,7,1.32489,1.57191,2.518271,-7.499301,-6.248562,0,8
case_08_NaNiH3_peak_seed9542,NaNiH3,peak,9542,75,0.384877,0.034694,0.588295,0.286174,-0.385023,0.034694,-0.181604,-0.483726,-0.056599,0.098129,0.117726,-0.089864,8,4,8,8,8,1.250672,1.738605,2.8689,-6.071818,-7.695736,0,8
case_08_NaNiH3_peak_seed9542,NaNiH3,peak,9542,76,0.364749,0.033781,0.588014,0.244363,-0.405151,0.033781,-0.181886,-0.525536,-0.072891,0.095548,0.071442,0.211425,8,5,8,7,8,2.070089,1.594846,2.811561,2.756362,-5.424303,0,8
case_08_NaNiH3_peak_seed9542,NaNiH3,peak,9542,77,0.442593,0.046971,0.588296,0.258134,-0.327307,0.046971,-0.181603,-0.511765,0.004705,0.132854,0.158369,0.119304,8,4,6,6,6,1.604861,1.136467,2.38565,-5.180047,-5.735806,0,8
case_08_NaNiH3_peak_seed9542,NaNiH3,peak,9542,78,0.333112,0.006136,0.357173,0.302001,-0.436788,0.006136,-0.412727,-0.467898,-0.099537,0.017354,0.056821,0.092724,8,2,7,7,7,1.263489,1.20128,2.718793,-10.538219,-8.870445,0,8
case_08_NaNiH3_peak_seed9542,NaNiH3,peak,9542,79,0.464698,0.049934,0.710963,0.284351,-0.305201,0.049934,-0.058937,-0.485548,0.030447,0.141236,0.226392,-0.30119,8,5,7,7,7,2.111358,1.857143,1.567376,-6.910657,-5.678813,0,8
case_08_NaNiH3_peak_seed9542,NaNiH3,peak,9542,80,0.403477,0.041221,0.588411,0.249365,-0.366423,0.041221,-0.181488,-0.520535,-0.029236,0.116592,0.123167,0.136494,8,4,8,7,8,1.625659,1.09534,2.20074,-4.529132,-6.240386,0,8
case_08_NaNiH3_peak_seed9542,NaNiH3,peak,9542,81,0.412635,0.044968,0.588657,0.246446,-0.357264,0.044968,-0.181243,-0.523453,-0.019073,0.12719,0.135901,0.11337,8,5,8,7,8,1.911393,1.245932,2.538978,-0.054844,-6.115812,0,8
case_08_NaNiH3_peak_seed9542,NaNiH3,peak,9542,82,0.406791,0.038562,0.588194,0.292666,-0.363109,0.038562,-0.181705,-0.477234,-0.023672,0.109069,0.164474,-0.216818,8,5,7,8,8,1.954774,1.67299,2.635824,-7.773031,-6.818022,0,8
case_08_NaNiH3_peak_seed9542,NaNiH3,peak,9542,83,0.459102,0.055925,0.76754,0.29478,-0.310797,0.055925,-0.00236,-0.47512,0.027208,0.158178,0.141257,0.525708,8,6,7,7,7,2.209841,0.993752,2.937322,-8.251403,-6.20475,0,8
case_08_NaNiH3_peak_seed9542,NaNiH3,peak,9542,84,0.528502,0.036723,0.58895,0.337442,-0.241397,0.036723,-0.180949,-0.432458,0.091778,0.103868,0.250722,0.078107,8,2,4,3,4,1.196296,0.883723,0.408662,-3.956563,-4.78576,0,8
case_08_NaNiH3_peak_seed9542,NaNiH3,peak,9542,85,0.428156,0.045865,0.58929,0.288669,-0.341743,0.045865,-0.180609,-0.48123,-0.00814,0.129725,0.163256,-0.04551,8,3,6,6,6,1.163465,0.751378,3.089258,-3.865622,-5.525263,0,8
case_08_NaNiH3_peak_seed9542,NaNiH3,peak,9542,86,0.423685,0.038009,0.589106,0.282954,-0.346214,0.038009,-0.180794,-0.486945,-0.011981,0.107505,0.151572,0.034565,8,5,8,7,8,1.86951,1.402717,2.143921,-3.246284,-5.577549,0,8
case_08_NaNiH3_peak_seed9542,NaNiH3,peak,9542,87,0.403143,0.037967,0.588212,0.319461,-0.366757,0.037967,-0.181687,-0.450439,-0.030897,0.107388,0.152155,-0.16024,8,4,6,6,6,1.325024,1.22071,2.800271,-6.407763,-6.688554,0,8
case_08_NaNiH3_peak_seed9542,NaNiH3,peak,9542,88,0.358365,0.020501,0.460966,0.251251,-0.411534,0.020501,-0.308934,-0.518649,-0.071891,0.057986,0.056789,0.385703,8,4,6,7,7,1.688576,2.317017,2.141533,-4.698726,-7.047463,0,8
case_08_NaNiH3_peak_seed9542,NaNiH3,peak,9542,89,0.338532,0.009291,0.36975,0.278717,-0.431367,0.009291,-0.400149,-0.491183,-0.087138,0.026278,0.003199,0.770764,8,3,7,8,8,1.177466,1.862128,3.89851,-7.840075,-7.66039,0,8
case_08_NaNiH3_peak_seed9542,NaNiH3,peak,9542,90,0.383662,0.047383,0.607916,0.209681,-0.386237,0.047383,-0.161984,-0.560219,-0.039907,0.134019,0.132111,-0.044596,8,4,8,7,8,1.602394,1.414958,3.288546,-8.986311,-5.375069,0,8
case_08_NaNiH3_peak_seed9542,NaNiH3,peak,9542,91,0.468887,0.043949,0.590016,0.273174,-0.301013,0.043949,-0.179884,-0.496725,0.043052,0.124306,0.198794,0.120768,8,5,7,6,7,2.094035,1.336534,2.153879,-3.468598,-5.441563,0,8
case_08_NaNiH3_peak_seed9542,NaNiH3,peak,9542,92,0.419081,0.052355,0.707733,0.273197,-0.350819,0.052355,-0.062167,-0.496702,-0.006417,0.148082,0.172541,-0.108796,8,4,7,8,8,2.538369,1.753729,3.533624,-2.983506,-6.33079,0,8
case_08_NaNiH3_peak_seed9542,NaNiH3,peak,9542,93,0.52474,0.049048,0.722452,0.351204,-0.24516,0.049048,-0.047447,-0.418696,0.09428,0.138729,0.23948,0.230303,8,4,7,5,7,1.904598,1.512076,1.119307,-4.111386,-6.483737,0,8
case_08_NaNiH3_peak_seed9542,NaNiH3,peak,9542,94,0.387187,0.033016,0.588868,0.28231,-0.382712,0.033016,-0.181031,-0.48759,-0.041109,0.093384,0.088715,0.383737,8,4,8,8,8,1.251436,1.326067,3.41525,-7.56874,-7.003458,0,8
case_08_NaNiH3_peak_seed9542,NaNiH3,peak,9542,95,0.483331,0.04997,0.711407,0.327489,-0.286569,0.04997,-0.058493,-0.44241,0.052283,0.141335,0.213581,0.069631,8,4,7,5,7,1.65674,1.505304,1.049069,-2.257654,-5.21467,0,8
case_08_NaNiH3_peak_seed9542,NaNiH3,peak,9542,96,0.397824,0.05323,0.710634,0.284261,-0.372076,0.05323,-0.059266,-0.485639,-0.031563,0.150558,0.136823,-0.00332,8,4,8,8,8,1.602455,1.52651,2.413727,-6.310132,-5.434924,0,8
case_08_NaNiH3_peak_seed9542,NaNiH3,peak,9542,97,0.412411,0.037593,0.589313,0.300118,-0.357488,0.037593,-0.180587,-0.469781,-0.016127,0.10633,0.147403,0.043171,8,2,7,7,7,0.900955,1.818938,1.678785,-9.852331,-7.208713,0,8
case_08_NaNiH3_peak_seed9542,NaNiH3,peak,9542,98,0.426943,0.046073,0.588782,0.251501,-0.342956,0.046073,-0.181117,-0.518399,-0.001515,0.130315,0.168115,-0.019008,8,4,6,6,6,1.776313,1.289177,2.474227,7.186253,-4.769814,0,8
case_08_NaNiH3_peak_seed9542,NaNiH3,peak,9542,99,0.50368,0.040745,0.588698,0.306249,-0.26622,0.040745,-0.181202,-0.463651,0.07146,0.115245,0.210774,0.28484,8,3,5,4,5,1.310122,1.076217,1.029516,-2.24461,-4.242126,0,8
case_08_NaNiH3_peak_seed9542,NaNiH3,peak,9542,100,0.454251,0.053546,0.711339,0.227598,-0.315648,0.053546,-0.05856,-0.542301,0.02093,0.151451,0.191992,-0.033724,8,5,8,7,8,1.629482,1.333318,2.000915,-2.536923,-6.040016,0,8
case_08_NaNiH3_cosine_seed9543,NaNiH3,cosine,9543,1,0.218398,0.009455,0.245642,0.182102,-0.027243,0.009455,0.0,-0.063539,0.0,0.026744,2.06903,0.000498,8,3,7,7,8,1.204873,1.507236,1.58805,-6.899673,-6.584573,0,8
case_08_NaNiH3_cosine_seed9543,NaNiH3,cosine,9543,2,0.216802,0.01213,0.263254,0.159234,-0.046453,0.01213,0.0,-0.104021,-0.018249,0.034309,2.058662,0.073841,8,5,8,7,8,2.360935,1.704641,2.706831,-0.051522,-6.354079,0,8
case_08_NaNiH3_cosine_seed9543,NaNiH3,cosine,9543,3,0.201509,0.012837,0.234477,0.125975,-0.061746,0.012837,-0.028777,-0.13728,-0.031865,0.036309,2.059911,0.067805,8,3,7,6,7,1.164484,2.17905,1.593988,-3.651181,-6.311951,0,8
case_08_NaNiH3_cosine_seed9543,NaNiH3,cosine,9543,4,0.217961,0.0085,0.251068,0.183282,-0.045293,0.0085,-0.012186,-0.079972,-0.014642,0.024043,2.09413,0.033985,8,3,7,6,7,1.293877,1.614908,2.518841,-9.320065,-7.193743,0,8
case_08_NaNiH3_cosine_seed9543,NaNiH3,cosine,9543,5,0.223308,0.011071,0.284843,0.1832,-0.061536,0.011071,0.0,-0.101643,-0.02934,0.031313,2.089693,0.065607,8,4,7,7,7,1.324189,1.163395,3.490105,-6.631371,-6.753383,0,8
case_08_NaNiH3_cosine_seed9543,NaNiH3,cosine,9543,6,0.219147,0.010579,0.274974,0.186832,-0.065697,0.010579,-0.00987,-0.098011,-0.031826,0.029923,2.105441,-0.001416,8,3,6,6,6,1.353966,1.425987,1.436254,-3.037341,-4.34387,0,8
case_08_NaNiH3_cosine_seed9543,NaNiH3,cosine,9543,7,0.214567,0.007406,0.237211,0.183085,-0.070276,0.007406,-0.047633,-0.101758,-0.034585,0.020946,2.115443,-0.013879,8,2,7,6,7,0.975008,1.480001,2.286704,-7.434112,-6.607155,0,8
case_08_NaNiH3_cosine_seed9543,NaNiH3,cosine,9543,8,0.203973,0.01489,0.280746,0.133603,-0.080871,0.01489,-0.004098,-0.15124,-0.042921,0.042116,2.116002,0.008054,8,6,6,7,7,2.366488,0.898498,2.467433,-2.863282,-3.954776,0,8
case_08_NaNiH3_cosine_seed9543,NaNiH3,cosine,9543,9,0.214983,0.008526,0.256484,0.18279,-0.06986,0.008526,-0.02836,-0.102054,-0.030315,0.024114,2.129596,0.093335,8,4,8,7,8,1.717342,1.48117,2.238551,-8.180691,-6.331643,0,8
case_08_NaNiH3_cosine_seed9543,NaNiH3,cosine,9543,10,0.209781,0.010401,0.250922,0.168951,-0.075063,0.010401,-0.033922,-0.115892,-0.033741,0.029418,2.116238,0.288221,8,3,8,7,8,1.466559,1.046122,2.213983,4.372501,-6.473566,0,8
case_08_NaNiH3_cosine_seed9543,NaNiH3,cosine,9543,11,0.216554,0.010169,0.248386,0.183363,-0.06829,0.010169,-0.036458,-0.101481,-0.02562,0.028761,2.163829,-0.029573,8,2,6,5,6,1.051982,1.52887,1.177528,-6.65109,-6.110057,0,8
case_08_NaNiH3_cosine_seed9543,NaNiH3,cosine,9543,12,0.208936,0.008792,0.241571,0.18239,-0.075907,0.008792,-0.043273,-0.102453,-0.031576,0.024867,2.123073,0.408607,8,3,6,5,6,1.241574,1.513521,1.474922,-4.429399,-4.644096,0,8
case_08_NaNiH3_cosine_seed9543,NaNiH3,cosine,9543,13,0.220508,0.008068,0.253885,0.188578,-0.064335,0.008068,-0.030958,-0.096265,-0.019003,0.02282,2.165021,0.18597,8,3,5,5,5,1.354102,1.007203,1.531373,-3.67017,-4.637241,0,8
case_08_NaNiH3_cosine_seed9543,NaNiH3,cosine,9543,14,0.21357,0.007854,0.238085,0.182012,-0.071273,0.007854,-0.046758,-0.102832,-0.024644,0.022213,2.138937,0.466836,8,2,7,6,7,0.974874,1.260422,1.769066,-7.565101,-6.49121,0,8
case_08_NaNiH3_cosine_seed9543,NaNiH3,cosine,9543,15,0.227144,0.006571,0.256257,0.191122,-0.057699,0.006571,-0.028586,-0.093722,-0.010517,0.018585,2.194132,0.115862,8,2,8,8,8,1.289582,1.757086,2.399392,-4.505651,-8.119393,0,8
case_08_NaNiH3_cosine_seed9543,NaNiH3,cosine,9543,16,0.215178,0.008914,0.242708,0.183654,-0.069665,0.008914,-0.042135,-0.101189,-0.021359,0.025213,2.176863,0.23957,8,3,7,6,7,1.164499,1.809544,1.613176,-4.220235,-6.03995,0,8
case_08_NaNiH3_cosine_seed9543,NaNiH3,cosine,9543,17,0.233763,0.00703,0.260178,0.201398,-0.05108,0.00703,-0.024666,-0.083445,-0.002635,0.019885,2.194781,0.307059,8,3,7,6,7,1.239762,0.964443,1.827463,-7.871898,-7.182886,0,8
case_08_NaNiH3_cosine_seed9543,NaNiH3,cosine,9543,18,0.213459,0.011226,0.269628,0.181357,-0.071384,0.011226,-0.015216,-0.103486,-0.021792,0.031752,2.212306,0.002183,8,4,7,6,7,1.957937,0.858736,1.854351,6.206223,-5.60393,0,8
case_08_NaNiH3_cosine_seed9543,NaNiH3,cosine,9543,19,0.223541,0.012726,0.27718,0.164756,-0.061302,0.012726,-0.007663,-0.120087,-0.011124,0.035995,2.229692,-0.020607,8,4,8,7,8,1.51387,1.651475,2.298773,-2.314816,-4.980016,0,8
case_08_NaNiH3_cosine_seed9543,NaNiH3,cosine,9543,20,0.187928,0.007517,0.233506,0.151727,-0.096916,0.007517,-0.051337,-0.133116,-0.044401,0.02126,2.178443,0.217494,8,4,6,5,6,1.832923,1.633458,1.45316,-3.44027,-4.786436,0,8
case_08_NaNiH3_cosine_seed9543,NaNiH3,cosine,9543,21,0.202899,0.01298,0.242146,0.12668,-0.081945,0.01298,-0.042698,-0.158163,-0.027959,0.036712,2.198989,0.228502,8,3,6,5,6,1.164489,1.105233,1.498057,-1.628161,-6.416245,0,8
case_08_NaNiH3_cosine_seed9543,NaNiH3,cosine,9543,22,0.225706,0.005961,0.245587,0.196373,-0.059138,0.005961,-0.039257,-0.088471,-0.004894,0.016861,2.216214,0.347821,8,3,7,8,8,1.523773,1.868635,4.143259,-5.642686,-7.844629,0,8
case_08_NaNiH3_cosine_seed9543,NaNiH3,cosine,9543,23,0.203329,0.008036,0.24061,0.182443,-0.081515,0.008036,-0.044234,-0.102401,-0.025908,0.02273,2.213062,0.206724,8,3,7,6,7,1.281747,0.827547,2.259058,-6.751625,-5.486398,0,8
case_08_NaNiH3_cosine_seed9543,NaNiH3,cosine,9543,24,0.18224,0.012222,0.233512,0.100409,-0.102603,0.012222,-0.051331,-0.184435,-0.044646,0.03457,2.223441,-0.040407,8,4,6,5,6,1.715996,0.841488,1.085841,-0.05458,-4.940373,0,8
case_08_NaNiH3_cosine_seed9543,NaNiH3,cosine,9543,25,0.203676,0.010147,0.243518,0.161981,-0.081167,0.010147,-0.041325,-0.122862,-0.02205,0.028701,2.229499,0.167372,8,4,7,6,7,2.012447,0.940164,1.366005,-7.598909,-5.767537,0,8
case_08_NaNiH3_cosine_seed9543,NaNiH3,cosine,9543,26,0.213381,0.008488,0.235982,0.181921,-0.071462,0.008488,-0.048862,-0.102922,-0.011728,0.024008,2.218201,0.427751,8,2,7,6,7,0.974609,1.512835,1.512355,-6.829309,-6.678307,0,8
case_08_NaNiH3_cosine_seed9543,NaNiH3,cosine,9543,27,0.208364,0.012245,0.254067,0.140442,-0.07648,0.012245,-0.030776,-0.144402,-0.015907,0.034634,2.17189,0.90095,8,3,7,8,8,1.525843,1.742071,2.220347,-8.888253,-7.646321,0,8
case_08_NaNiH3_cosine_seed9543,NaNiH3,cosine,9543,28,0.221767,0.008025,0.249734,0.183545,-0.063077,0.008025,-0.03511,-0.101298,-0.00238,0.022698,2.177144,1.010083,8,2,8,7,8,0.897131,1.917601,2.303182,-6.450073,-6.876313,0,8
case_08_NaNiH3_cosine_seed9543,NaNiH3,cosine,9543,29,0.193055,0.008526,0.235671,0.159575,-0.091788,0.008526,-0.049173,-0.125269,-0.029536,0.024116,2.23166,0.225168,8,4,6,5,6,1.685188,1.575129,1.849676,-4.762509,-5.19471,0,8
case_08_NaNiH3_cosine_seed9543,NaNiH3,cosine,9543,30,0.199295,0.014129,0.239528,0.114043,-0.085549,0.014129,-0.045316,-0.1708,-0.022132,0.039962,2.243755,0.210903,8,3,7,6,7,1.211754,1.566929,2.908069,-5.106771,-6.189867,0,8
case_08_NaNiH3_cosine_seed9543,NaNiH3,cosine,9543,31,0.215909,0.008302,0.243036,0.182561,-0.068934,0.008302,-0.041807,-0.102282,-0.005242,0.023482,2.260454,0.24028,8,6,8,7,8,3.059704,1.365769,3.572337,-6.050757,-6.312088,0,8
case_08_NaNiH3_cosine_seed9543,NaNiH3,cosine,9543,32,0.217161,0.007034,0.245384,0.183649,-0.067683,0.007034,-0.039459,-0.101195,-0.003791,0.019895,2.322269,-0.329879,8,3,8,7,8,1.086926,1.961194,3.538096,-4.15972,-7.172659,0,8
case_08_NaNiH3_cosine_seed9543,NaNiH3,cosine,9543,33,0.221496,0.013436,0.246283,0.13177,-0.063348,0.013436,-0.03856,-0.153074,0.000517,0.038002,2.281595,0.150271,8,4,8,7,8,1.761947,1.217054,3.467144,-9.730423,-7.913413,0,8
case_08_NaNiH3_cosine_seed9543,NaNiH3,cosine,9543,34,0.209023,0.007702,0.240062,0.181318,-0.07582,0.007702,-0.044781,-0.103525,-0.011358,0.021784,2.261428,0.270855,8,4,6,6,6,1.471699,2.005128,1.529918,-3.323293,-5.572677,0,8
case_08_NaNiH3_cosine_seed9543,NaNiH3,cosine,9543,35,0.210903,0.012135,0.250355,0.145268,-0.07394,0.012135,-0.034489,-0.139575,-0.009004,0.034322,2.292192,0.027923,8,4,7,7,7,1.324158,2.469217,3.857684,-2.396169,-6.118504,0,8
case_08_NaNiH3_cosine_seed9543,NaNiH3,cosine,9543,36,0.226894,0.004853,0.242647,0.201123,-0.057949,0.004853,-0.042197,-0.083721,0.006638,0.013725,2.251841,0.620773,8,3,7,7,7,1.239046,1.329665,3.500479,-8.170849,-8.185292,0,8
case_08_NaNiH3_cosine_seed9543,NaNiH3,cosine,9543,37,0.216715,0.008477,0.244442,0.182862,-0.068129,0.008477,-0.040402,-0.101981,-0.003364,0.023977,2.248171,0.592557,8,3,7,7,8,1.13421,1.245455,2.209939,-7.379636,-7.050684,0,8
case_08_NaNiH3_cosine_seed9543,NaNiH3,cosine,9543,38,0.19467,0.006918,0.24192,0.182906,-0.090174,0.006918,-0.042924,-0.101937,-0.024139,0.019567,2.250864,0.392892,8,3,5,4,5,1.366988,0.761222,0.819853,-1.987823,-4.736971,0,8
case_08_NaNiH3_cosine_seed9543,NaNiH3,cosine,9543,39,0.188218,0.011094,0.242989,0.149724,-0.096625,0.011094,-0.041854,-0.135119,-0.029061,0.031379,2.29523,-0.071583,8,4,7,6,7,1.845244,1.242611,1.917321,-3.275933,-5.899996,0,8
case_08_NaNiH3_cosine_seed9543,NaNiH3,cosine,9543,40,0.22606,0.01085,0.286492,0.183461,-0.060433,0.01085,0.0,-0.103032,0.006775,0.030688,2.224094,1.030191,8,3,7,7,7,1.086748,1.482427,2.312127,-3.064486,-7.073385,0,8
case_08_NaNiH3_cosine_seed9543,NaNiH3,cosine,9543,41,0.201417,0.012816,0.238314,0.125179,-0.085075,0.012816,-0.048178,-0.161314,-0.016974,0.036248,2.264736,0.417336,8,4,7,5,7,1.401806,2.212422,1.724056,-2.327286,-5.896351,0,8
case_08_NaNiH3_cosine_seed9543,NaNiH3,cosine,9543,42,0.213965,0.0084,0.246784,0.182504,-0.072527,0.0084,-0.039709,-0.103988,-0.004205,0.02376,2.27198,0.495002,8,5,7,5,7,2.057921,1.54625,1.910517,2.208285,-5.241513,0,8
case_08_NaNiH3_cosine_seed9543,NaNiH3,cosine,9543,43,0.223644,0.007382,0.248936,0.18211,-0.062849,0.007382,-0.037557,-0.104383,0.0052,0.02088,2.268753,0.641707,8,3,7,6,7,1.365509,1.362211,2.603289,-6.732083,-7.787568,0,8
case_08_NaNiH3_cosine_seed9543,NaNiH3,cosine,9543,44,0.203194,0.008232,0.248626,0.18306,-0.083298,0.008232,-0.037867,-0.103433,-0.014487,0.023285,2.320085,-0.040146,8,2,5,4,5,1.129751,0.86704,1.064868,-5.253012,-5.405077,0,8
case_08_NaNiH3_cosine_seed9543,NaNiH3,cosine,9543,45,0.211136,0.007928,0.238277,0.182344,-0.075356,0.007928,-0.048215,-0.104148,-0.006218,0.022424,2.292229,0.349023,8,4,6,7,7,1.394158,1.636283,2.070703,-7.088989,-6.10927,0,8
case_08_NaNiH3_cosine_seed9543,NaNiH3,cosine,9543,46,0.196243,0.005851,0.230686,0.168997,-0.09025,0.005851,-0.055806,-0.117495,-0.020056,0.016549,2.317104,-0.00541,8,5,7,7,7,1.934032,1.571871,2.85771,0.292229,-5.957868,0,8
case_08_NaNiH3_cosine_seed9543,NaNiH3,cosine,9543,47,0.225742,0.006123,0.239975,0.185769,-0.06075,0.006123,-0.046518,-0.100723,0.008972,0.017319,2.313382,0.354186,8,4,6,6,6,1.246376,1.413601,2.365374,-7.453379,-7.441777,0,8
case_08_NaNiH3_cosine_seed9543,NaNiH3,cosine,9543,48,0.205271,0.007108,0.241795,0.183635,-0.081222,0.007108,-0.044697,-0.102857,-0.010925,0.020106,2.26322,0.689732,8,3,6,5,6,1.359667,1.136,1.554836,-2.815184,-4.34787,0,8
case_08_NaNiH3_cosine_seed9543,NaNiH3,cosine,9543,49,0.230535,0.005508,0.243556,0.191366,-0.055958,0.005508,-0.042936,-0.095126,0.013622,0.01558,2.310246,0.49025,8,2,8,7,8,0.818628,1.624767,2.902802,-10.729042,-8.116322,0,8
case_08_NaNiH3_cosine_seed9543,NaNiH3,cosine,9543,50,0.204242,0.006927,0.234057,0.182773,-0.082251,0.006927,-0.052435,-0.103719,-0.012037,0.019594,2.324491,0.118485,8,5,7,6,7,1.985237,0.896981,1.73771,-2.807209,-5.15418,0,8
case_08_NaNiH3_cosine_seed9543,NaNiH3,cosine,9543,51,0.190346,0.010702,0.232813,0.123414,-0.096147,0.010702,-0.053679,-0.163078,-0.024637,0.030271,2.336745,-0.104907,8,4,7,6,7,2.297243,0.518157,1.718496,1.341677,-4.816719,0,8
case_08_NaNiH3_cosine_seed9543,NaNiH3,cosine,9543,52,0.207935,0.011462,0.238988,0.134108,-0.078558,0.011462,-0.047504,-0.152384,-0.006695,0.03242,2.327706,0.198394,8,5,7,7,8,2.170629,0.988979,1.711468,-3.616739,-4.958108,0,8
case_08_NaNiH3_cosine_seed9543,NaNiH3,cosine,9543,53,0.21469,0.008681,0.242424,0.171357,-0.071802,0.008681,-0.044069,-0.115135,5.7e-05,0.024554,2.334241,0.226908,8,5,8,8,8,1.880152,1.80565,2.552584,-3.538162,-7.450152,0,8
case_08_NaNiH3_cosine_seed9543,NaNiH3,cosine,9543,54,0.216927,0.01071,0.260682,0.183653,-0.069566,0.01071,-0.025811,-0.102839,0.002179,0.030293,2.309994,0.526477,8,3,6,5,6,1.432431,1.241791,1.175562,1.744349,-5.041171,0,8
case_08_NaNiH3_cosine_seed9543,NaNiH3,cosine,9543,55,0.198581,0.011586,0.238152,0.135141,-0.087911,0.011586,-0.04834,-0.151351,-0.015358,0.03277,2.316858,0.313926,8,4,6,6,6,1.519691,1.634637,2.505304,-5.847358,-5.959561,0,8
case_08_NaNiH3_cosine_seed9543,NaNiH3,cosine,9543,56,0.207641,0.007765,0.234167,0.178414,-0.078852,0.007765,-0.052325,-0.108078,-0.005984,0.021961,2.311056,0.497026,8,5,8,8,8,1.832623,1.530113,3.314387,1.422037,-6.99334,0,8
case_08_NaNiH3_cosine_seed9543,NaNiH3,cosine,9543,57,0.197923,0.011691,0.255113,0.145431,-0.088569,0.011691,-0.03138,-0.141062,-0.014916,0.033068,2.344985,0.102178,8,5,6,5,6,2.178131,1.10182,1.210723,-2.593357,-5.238451,0,8
case_08_NaNiH3_cosine_seed9543,NaNiH3,cosine,9543,58,0.194245,0.006412,0.233298,0.182567,-0.092248,0.006412,-0.053194,-0.103926,-0.017665,0.018136,2.365752,-0.102646,8,3,5,4,5,1.367953,0.934955,1.686708,-3.366539,-4.679886,0,8
case_08_NaNiH3_cosine_seed9543,NaNiH3,cosine,9543,59,0.21591,0.005979,0.235489,0.183583,-0.070583,0.005979,-0.051003,-0.10291,0.0038,0.016912,2.345471,0.344889,8,3,6,7,7,1.008191,0.974346,2.655359,-9.32984,-7.737161,0,8
case_08_NaNiH3_cosine_seed9543,NaNiH3,cosine,9543,60,0.228558,0.00747,0.255546,0.188254,-0.057934,0.00747,-0.030946,-0.098239,0.015626,0.021129,2.392659,0.017652,8,3,6,6,6,1.428287,0.890334,2.179976,-3.345415,-7.14763,0,8
case_08_NaNiH3_cosine_seed9543,NaNiH3,cosine,9543,61,0.229195,0.007874,0.26768,0.192882,-0.057298,0.007874,-0.018812,-0.09361,0.01545,0.022271,2.396768,0.00712,8,5,8,8,8,2.299003,1.569725,2.498247,-3.621696,-6.441973,0,8
case_08_NaNiH3_cosine_seed9543,NaNiH3,cosine,9543,62,0.201678,0.010319,0.234849,0.140333,-0.084814,0.010319,-0.051644,-0.14616,-0.011464,0.029186,2.285808,0.879318,8,5,8,8,8,1.553962,1.293862,2.692974,-4.66648,-6.657021,0,8
case_08_NaNiH3_cosine_seed9543,NaNiH3,cosine,9543,63,0.215551,0.008838,0.250517,0.182819,-0.070942,0.008838,-0.035976,-0.103674,0.002289,0.024997,2.339872,0.509992,8,4,6,6,6,1.67829,1.379046,1.074557,-5.485261,-5.180511,0,8
case_08_NaNiH3_cosine_seed9543,NaNiH3,cosine,9543,64,0.219977,0.009794,0.25922,0.182578,-0.066515,0.009794,-0.027273,-0.103914,0.006379,0.027702,2.348273,0.495809,8,2,7,6,7,0.97392,1.111296,1.811033,-6.473275,-6.797134,0,8
case_08_NaNiH3_cosine_seed9543,NaNiH3,cosine,9543,65,0.229546,0.006124,0.25959,0.191849,-0.056947,0.006124,-0.026902,-0.094643,0.01515,0.01732,2.349234,0.602642,8,3,8,7,8,1.00789,2.14351,2.462498,-10.52781,-7.574968,0,8
case_08_NaNiH3_cosine_seed9543,NaNiH3,cosine,9543,66,0.211013,0.008897,0.25411,0.183527,-0.075479,0.008897,-0.032383,-0.102965,-0.003213,0.025164,2.405975,-0.126686,8,4,6,6,7,1.780428,0.887069,1.930085,-2.577134,-5.047311,0,8
case_08_NaNiH3_cosine_seed9543,NaNiH3,cosine,9543,67,0.218294,0.010119,0.267161,0.18263,-0.068199,0.010119,-0.019331,-0.103862,0.003864,0.028621,2.399245,0.034128,8,4,6,5,6,1.560687,1.374869,1.597667,-4.590993,-6.421599,0,8
case_08_NaNiH3_cosine_seed9543,NaNiH3,cosine,9543,68,0.191401,0.017005,0.239288,0.100378,-0.095092,0.017005,-0.047205,-0.186114,-0.021877,0.048096,2.353178,0.266978,8,4,8,8,8,1.951879,1.645045,4.030278,1.62798,-7.02899,0,8
case_08_NaNiH3_cosine_seed9543,NaNiH3,cosine,9543,69,0.218306,0.008431,0.254761,0.175863,-0.068187,0.008431,-0.031732,-0.110629,0.004776,0.023846,2.372903,0.369202,8,3,6,7,7,1.548437,0.686061,2.779828,-3.864511,-6.494956,0,8
case_08_NaNiH3_cosine_seed9543,NaNiH3,cosine,9543,70,0.226903,0.007971,0.261299,0.191197,-0.05959,0.007971,-0.025194,-0.095296,0.012704,0.022546,2.383378,0.371008,8,5,7,6,7,2.006792,1.416007,1.617846,-4.148689,-6.163484,0,8
case_08_NaNiH3_cosine_seed9543,NaNiH3,cosine,9543,71,0.21639,0.01249,0.269445,0.167147,-0.070102,0.01249,-0.017047,-0.119345,0.002082,0.035328,2.419127,-0.06371,8,4,7,6,7,1.862455,1.620653,1.150099,-4.810504,-6.420866,0,8
case_08_NaNiH3_cosine_seed9543,NaNiH3,cosine,9543,72,0.214337,0.008612,0.241238,0.181628,-0.072155,0.008612,-0.045254,-0.104864,2.8e-05,0.024357,2.310642,1.031026,8,4,7,6,7,1.402447,2.092395,2.087683,-5.708426,-5.831826,0,8
case_08_NaNiH3_cosine_seed9543,NaNiH3,cosine,9543,73,0.217032,0.00765,0.24516,0.182406,-0.069461,0.00765,-0.041333,-0.104087,0.002586,0.021637,2.357822,0.601509,8,4,7,7,7,1.315767,1.083422,2.130007,-5.738003,-6.931559,0,8
case_08_NaNiH3_cosine_seed9543,NaNiH3,cosine,9543,74,0.212938,0.013387,0.251904,0.134697,-0.073555,0.013387,-0.034588,-0.151795,-0.001432,0.037864,2.349891,0.676186,8,4,8,7,8,1.632875,0.843531,2.096842,-7.171949,-6.153404,0,8
case_08_NaNiH3_cosine_seed9543,NaNiH3,cosine,9543,75,0.209009,0.013213,0.247733,0.128686,-0.077483,0.013213,-0.038759,-0.157806,-0.005093,0.037371,2.41459,0.016386,8,3,6,6,7,1.133511,1.03037,1.308741,-6.147767,-6.966727,0,8
case_08_NaNiH3_cosine_seed9543,NaNiH3,cosine,9543,76,0.215151,0.008371,0.241749,0.182314,-0.071341,0.008371,-0.044743,-0.104178,0.000997,0.023677,2.27021,1.537291,8,4,7,6,7,1.394151,0.707058,1.963357,-0.988502,-5.634818,0,8
case_08_NaNiH3_cosine_seed9543,NaNiH3,cosine,9543,77,0.215858,0.009628,0.259994,0.168668,-0.070634,0.009628,-0.026499,-0.117825,0.001618,0.027232,2.358336,0.681386,8,5,8,8,8,1.553996,1.337189,2.566644,-7.85009,-6.174398,0,8
case_08_NaNiH3_cosine_seed9543,NaNiH3,cosine,9543,78,0.217333,0.010292,0.260435,0.185602,-0.069159,0.010292,-0.026058,-0.10089,0.002939,0.029111,2.374472,0.551962,8,3,5,5,5,1.211944,1.17099,1.730163,-5.551859,-6.654927,0,8
case_08_NaNiH3_cosine_seed9543,NaNiH3,cosine,9543,79,0.21978,0.010724,0.263134,0.183025,-0.066713,0.010724,-0.023359,-0.103467,0.005116,0.030332,2.409124,0.241226,8,4,6,7,7,1.753053,1.252647,3.732624,-1.720166,-5.492273,0,8
case_08_NaNiH3_cosine_seed9543,NaNiH3,cosine,9543,80,0.226207,0.007629,0.254586,0.184812,-0.060285,0.007629,-0.031906,-0.10168,0.010966,0.021579,2.406274,0.342102,8,3,7,7,7,1.213095,2.129496,1.758156,-11.088205,-8.280749,0,8
case_08_NaNiH3_cosine_seed9543,NaNiH3,cosine,9543,81,0.211999,0.00844,0.242831,0.18181,-0.074493,0.00844,-0.043661,-0.104682,-0.00308,0.023871,2.420639,0.075019,8,4,7,7,7,1.436202,1.696487,2.671653,-3.147509,-6.928965,0,8
case_08_NaNiH3_cosine_seed9543,NaNiH3,cosine,9543,82,0.222532,0.008424,0.252441,0.183233,-0.06396,0.008424,-0.034051,-0.103259,0.007081,0.023826,2.429344,0.109025,8,3,6,5,6,1.085673,1.550562,1.618536,-7.804027,-6.350529,0,8
case_08_NaNiH3_cosine_seed9543,NaNiH3,cosine,9543,83,0.232413,0.009971,0.26106,0.16472,-0.05408,0.009971,-0.025433,-0.121773,0.016113,0.028203,2.380452,0.714598,8,3,7,6,7,1.490038,1.08808,3.004071,-10.247528,-7.889664,0,8
case_08_NaNiH3_cosine_seed9543,NaNiH3,cosine,9543,84,0.220061,0.010428,0.272264,0.182409,-0.066431,0.010428,-0.014228,-0.104083,0.003574,0.029494,2.421695,0.198714,8,4,8,8,8,1.50628,1.662162,2.140372,-4.962582,-6.999295,0,8
case_08_NaNiH3_cosine_seed9543,NaNiH3,cosine,9543,85,0.209954,0.010641,0.263984,0.182977,-0.076538,0.010641,-0.022508,-0.103516,-0.006207,0.030098,2.434209,0.003707,8,5,6,5,6,2.321494,0.943151,1.536616,0.240942,-4.60641,0,8
case_08_NaNiH3_cosine_seed9543,NaNiH3,cosine,9543,86,0.220173,0.0106,0.256476,0.181219,-0.066319,0.0106,-0.030016,-0.105273,0.003812,0.02998,2.402626,0.446233,8,2,6,6,6,0.973475,1.536503,1.042309,-7.752207,-6.188876,0,8
case_08_NaNiH3_cosine_seed9543,NaNiH3,cosine,9543,87,0.22384,0.012635,0.294351,0.181753,-0.070511,0.012635,0.0,-0.112598,-0.000361,0.035738,2.384211,0.620085,8,5,8,7,8,2.306973,0.969175,2.954574,-6.150711,-6.066506,0,8
case_08_NaNiH3_cosine_seed9543,NaNiH3,cosine,9543,88,0.216633,0.010447,0.257329,0.183542,-0.077718,0.010447,-0.037021,-0.110809,-0.00719,0.029548,2.358733,0.834639,8,3,6,5,6,1.164204,1.433043,1.279176,-5.845296,-6.059794,0,8
case_08_NaNiH3_cosine_seed9543,NaNiH3,cosine,9543,89,0.202504,0.009405,0.243643,0.176453,-0.091847,0.009405,-0.050708,-0.117898,-0.020253,0.026601,2.419517,0.116863,8,4,7,6,7,1.704485,0.862912,2.299242,-1.83416,-5.390653,0,8
case_08_NaNiH3_cosine_seed9543,NaNiH3,cosine,9543,90,0.216927,0.008237,0.244138,0.182774,-0.077424,0.008237,-0.050212,-0.111577,-0.005539,0.023298,2.360452,0.883798,8,4,7,7,7,1.56262,1.085425,2.591891,-4.488383,-5.84063,0,8
case_08_NaNiH3_cosine_seed9543,NaNiH3,cosine,9543,91,0.200164,0.011178,0.244246,0.144531,-0.094187,0.011178,-0.050105,-0.14982,-0.021186,0.031616,2.305139,1.296927,8,4,6,5,6,1.774625,0.857445,0.62804,-2.505015,-5.64046,0,8
case_08_NaNiH3_cosine_seed9543,NaNiH3,cosine,9543,92,0.206301,0.009702,0.248024,0.177385,-0.08805,0.009702,-0.046326,-0.116965,-0.014297,0.027441,2.422368,0.213669,8,5,8,8,8,2.094362,1.041413,2.284218,-0.516416,-5.630408,0,8
case_08_NaNiH3_cosine_seed9543,NaNiH3,cosine,9543,93,0.196472,0.0066,0.233817,0.182578,-0.097879,0.0066,-0.060534,-0.111773,-0.02292,0.018667,2.425818,0.111879,8,3,5,4,5,1.439554,0.863032,0.42123,-3.791029,-4.777717,0,8
case_08_NaNiH3_cosine_seed9543,NaNiH3,cosine,9543,94,0.213974,0.009512,0.249882,0.175873,-0.080377,0.009512,-0.044468,-0.118478,-0.005147,0.026904,2.400127,0.563887,8,3,7,7,7,1.133216,2.544101,1.837205,-8.065412,-6.411782,0,8
case_08_NaNiH3_cosine_seed9543,NaNiH3,cosine,9543,95,0.217074,0.009335,0.25466,0.183307,-0.077277,0.009335,-0.039691,-0.111044,-0.001944,0.026404,2.398786,0.628704,8,3,6,6,6,1.512078,1.099668,1.743455,-3.353032,-6.468557,0,8
case_08_NaNiH3_cosine_seed9543,NaNiH3,cosine,9543,96,0.209238,0.009996,0.239396,0.162741,-0.085112,0.009996,-0.054955,-0.13161,-0.009291,0.028273,2.450437,0.061929,8,5,7,7,7,1.632828,1.040032,1.862177,-3.270246,-6.067544,0,8
case_08_NaNiH3_cosine_seed9543,NaNiH3,cosine,9543,97,0.233545,0.009491,0.265189,0.18321,-0.060806,0.009491,-0.029162,-0.111141,0.014265,0.026844,2.431137,0.504469,8,3,7,8,8,1.006585,1.237065,2.340607,-3.695479,-7.045703,0,8
case_08_NaNiH3_cosine_seed9543,NaNiH3,cosine,9543,98,0.226119,0.006053,0.24158,0.183637,-0.068232,0.006053,-0.052771,-0.110714,0.006497,0.017121,2.321636,1.536608,8,3,6,6,6,1.006558,1.543821,1.848983,-7.640002,-7.724834,0,8
case_08_NaNiH3_cosine_seed9543,NaNiH3,cosine,9543,99,0.210915,0.006897,0.234697,0.183523,-0.083435,0.006897,-0.059654,-0.110828,-0.008271,0.019509,2.452368,0.094654,8,5,7,7,8,2.216974,1.384841,2.222655,-6.233845,-5.42852,0,8
case_08_NaNiH3_cosine_seed9543,NaNiH3,cosine,9543,100,0.216548,0.011854,0.261166,0.162566,-0.077803,0.011854,-0.033185,-0.131785,-0.002507,0.033528,2.374788,0.945136,8,4,7,7,7,2.078256,1.112926,1.588895,-3.857173,-6.566175,0,8
case_08_NaNiH3_peak_seed9543,NaNiH3,peak,9543,1,0.432199,0.041179,0.588775,0.329773,-0.156576,0.041179,0.0,-0.259002,-0.0,0.116471,0.309707,0.000474,8,3,7,7,8,1.20487,1.507132,1.588053,-6.900327,-6.587043,0,8
case_08_NaNiH3_peak_seed9543,NaNiH3,peak,9543,2,0.433484,0.033632,0.589106,0.320978,-0.155621,0.033632,0.0,-0.268127,0.000907,0.095125,0.309839,0.009306,8,5,8,7,8,2.360688,1.707476,2.707867,-0.055842,-6.354514,0,8
case_08_NaNiH3_peak_seed9543,NaNiH3,peak,9543,3,0.428866,0.047014,0.589294,0.258831,-0.160427,0.047014,0.0,-0.330463,-0.003704,0.132977,0.300291,0.05934,8,3,7,6,7,1.164476,2.163557,1.595503,-3.653601,-6.311854,0,8
case_08_NaNiH3_peak_seed9543,NaNiH3,peak,9543,4,0.421755,0.035167,0.588157,0.317779,-0.167539,0.035167,-0.001137,-0.271515,-0.010275,0.099466,0.300319,-0.008647,8,3,7,6,7,1.294089,1.662095,2.513955,-9.434914,-7.195474,0,8
case_08_NaNiH3_peak_seed9543,NaNiH3,peak,9543,5,0.442877,0.034513,0.588312,0.306434,-0.146417,0.034513,-0.000982,-0.28286,0.010305,0.097616,0.315044,0.049331,8,4,7,7,7,1.324263,1.155885,3.479822,-6.488786,-6.752291,0,8
case_08_NaNiH3_peak_seed9543,NaNiH3,peak,9543,6,0.437798,0.043923,0.589387,0.277154,-0.15159,0.043923,0.0,-0.312233,0.004875,0.124233,0.31324,0.01793,8,3,6,6,6,1.353731,1.420269,1.433855,-3.014861,-4.345955,0,8
case_08_NaNiH3_peak_seed9543,NaNiH3,peak,9543,7,0.434168,0.04405,0.588856,0.289822,-0.155219,0.04405,-0.000531,-0.299566,0.001184,0.124592,0.316877,-0.046361,8,2,7,6,7,0.975025,1.481173,2.291812,-7.430465,-6.609474,0,8
case_08_NaNiH3_peak_seed9543,NaNiH3,peak,9543,8,0.485255,0.047684,0.713062,0.243827,-0.227807,0.047684,0.0,-0.469235,-0.067834,0.13487,0.234978,0.087394,8,6,6,7,7,2.365774,0.921424,2.454017,-2.863543,-3.954884,0,8
case_08_NaNiH3_peak_seed9543,NaNiH3,peak,9543,9,0.455611,0.053483,0.712206,0.267037,-0.257451,0.053483,-0.000856,-0.446025,-0.092604,0.151273,0.218127,0.005209,8,4,8,7,8,1.717267,1.444284,2.244655,-8.353967,-6.332724,0,8
case_08_NaNiH3_peak_seed9543,NaNiH3,peak,9543,10,0.405682,0.038863,0.588699,0.293926,-0.30738,0.038863,-0.124362,-0.419135,-0.135406,0.10992,0.183273,-0.075762,8,3,8,7,8,1.466613,1.039146,2.220848,4.414716,-6.473808,0,8
case_08_NaNiH3_peak_seed9543,NaNiH3,peak,9543,11,0.474729,0.040914,0.58912,0.329653,-0.238332,0.040914,-0.123942,-0.383408,-0.063041,0.115722,0.230223,0.175297,8,2,6,5,6,1.051261,1.496944,1.186685,-7.053651,-6.102235,0,8
case_08_NaNiH3_peak_seed9543,NaNiH3,peak,9543,12,0.461364,0.045645,0.588535,0.290397,-0.251698,0.045645,-0.124527,-0.422665,-0.072586,0.129103,0.18633,0.511895,8,3,6,5,6,1.240528,1.044976,1.665305,-2.263606,-4.646292,0,8
case_08_NaNiH3_peak_seed9543,NaNiH3,peak,9543,13,0.46051,0.040365,0.588972,0.317977,-0.252552,0.040365,-0.12409,-0.395085,-0.069768,0.114169,0.193813,0.470529,8,3,5,5,5,1.353584,0.996893,1.549716,-3.74528,-4.641738,0,8
case_08_NaNiH3_peak_seed9543,NaNiH3,peak,9543,14,0.452894,0.0393,0.588849,0.308143,-0.260168,0.0393,-0.124213,-0.404919,-0.073515,0.111158,0.188864,0.486917,8,2,7,6,7,0.974946,1.543202,1.576817,-7.151754,-6.499191,0,8
case_08_NaNiH3_peak_seed9543,NaNiH3,peak,9543,15,0.360995,0.030485,0.585843,0.310965,-0.352066,0.030485,-0.127218,-0.402097,-0.157143,0.086223,0.118151,0.363966,8,2,8,8,8,1.292237,1.831652,2.417247,-5.075929,-8.125254,0,8
case_08_NaNiH3_peak_seed9543,NaNiH3,peak,9543,16,0.448463,0.042178,0.588914,0.287391,-0.264599,0.042178,-0.124148,-0.425671,-0.066192,0.119297,0.24619,0.005455,8,3,7,6,7,1.164224,1.82197,1.632582,-4.305274,-6.05172,0,8
case_08_NaNiH3_peak_seed9543,NaNiH3,peak,9543,17,0.399275,0.042372,0.708921,0.299267,-0.313787,0.042372,-0.004141,-0.413794,-0.10961,0.119846,0.219968,-0.162963,8,3,7,6,7,1.242133,0.933641,1.826486,-8.401327,-7.179028,0,8
case_08_NaNiH3_peak_seed9543,NaNiH3,peak,9543,18,0.444558,0.035907,0.588814,0.289686,-0.268503,0.035907,-0.124248,-0.423376,-0.061111,0.101559,0.221441,0.311808,8,4,7,6,7,1.957334,0.884453,1.842153,6.402901,-5.596009,0,8
case_08_NaNiH3_peak_seed9543,NaNiH3,peak,9543,19,0.384836,0.043121,0.588704,0.247056,-0.328226,0.043121,-0.124358,-0.466006,-0.114792,0.121965,0.193521,0.0563,8,4,8,7,8,1.513672,2.043279,2.044783,-3.682809,-4.981167,0,8
case_08_NaNiH3_peak_seed9543,NaNiH3,peak,9543,20,0.508624,0.052578,0.712019,0.271406,-0.204437,0.052578,-0.001042,-0.441656,0.008547,0.148713,0.329681,-0.07662,8,4,6,5,6,1.829391,1.680748,1.420803,-3.318233,-4.783679,0,8
case_08_NaNiH3_peak_seed9543,NaNiH3,peak,9543,21,0.428447,0.044207,0.589229,0.295849,-0.284615,0.044207,-0.123833,-0.417213,-0.068049,0.125037,0.238873,0.068622,8,3,6,5,6,1.164131,1.124004,1.524429,-1.663396,-6.422508,0,8
case_08_NaNiH3_peak_seed9543,NaNiH3,peak,9543,22,0.386875,0.044729,0.712458,0.29609,-0.326187,0.044729,-0.000604,-0.416972,-0.10414,0.126512,0.197292,0.121294,8,3,7,8,8,1.525534,1.61409,4.877977,-5.901064,-7.834974,0,8
case_08_NaNiH3_peak_seed9543,NaNiH3,peak,9543,23,0.481977,0.050928,0.715218,0.319492,-0.233241,0.050928,0.0,-0.395726,-0.010634,0.144047,0.294547,0.087909,8,3,7,6,7,1.280872,0.855536,2.238844,-6.700489,-5.485893,0,8
case_08_NaNiH3_peak_seed9543,NaNiH3,peak,9543,24,0.471471,0.047815,0.589169,0.221084,-0.243747,0.047815,-0.126049,-0.494134,-0.020083,0.135241,0.306026,-0.120514,8,4,6,5,6,1.712323,0.840483,1.438318,0.510562,-4.937761,0,8
case_08_NaNiH3_peak_seed9543,NaNiH3,peak,9543,25,0.44068,0.04323,0.589161,0.287558,-0.274538,0.04323,-0.126057,-0.42766,-0.04833,0.122272,0.264565,0.018395,8,4,7,6,7,2.010702,0.928276,1.366919,-7.647588,-5.766741,0,8
case_08_NaNiH3_peak_seed9543,NaNiH3,peak,9543,26,0.432359,0.044402,0.589248,0.289461,-0.282859,0.044402,-0.12597,-0.425757,-0.053819,0.125588,0.2495,0.11889,8,2,7,6,7,0.974768,1.605175,1.524112,-7.265322,-6.687269,0,8
case_08_NaNiH3_peak_seed9543,NaNiH3,peak,9543,27,0.327344,0.013106,0.371744,0.250257,-0.387874,0.013106,-0.343474,-0.464961,-0.150893,0.03707,0.151309,0.139057,8,3,7,8,8,1.529287,1.518988,2.239181,-8.554785,-7.645168,0,8
case_08_NaNiH3_peak_seed9543,NaNiH3,peak,9543,28,0.413365,0.037126,0.588303,0.319512,-0.301853,0.037126,-0.126915,-0.395706,-0.061628,0.105009,0.208203,0.468822,8,2,8,7,8,0.899073,1.899491,2.259423,-6.176437,-6.878245,0,8
case_08_NaNiH3_peak_seed9543,NaNiH3,peak,9543,29,0.490557,0.044708,0.588695,0.308047,-0.224661,0.044708,-0.126523,-0.407171,0.014786,0.126453,0.326442,0.051641,8,4,6,5,6,1.681897,1.214505,1.590909,-4.534843,-5.149373,0,8
case_08_NaNiH3_peak_seed9543,NaNiH3,peak,9543,30,0.425521,0.047163,0.589059,0.283047,-0.289697,0.047163,-0.126159,-0.432171,-0.047737,0.133396,0.293673,-0.245789,8,3,7,6,7,1.210872,1.678982,3.159815,-4.438933,-6.19858,0,8
case_08_NaNiH3_peak_seed9543,NaNiH3,peak,9543,31,0.416744,0.039315,0.588885,0.305158,-0.298474,0.039315,-0.126333,-0.41006,-0.053688,0.1112,0.280632,-0.170854,8,6,8,7,8,3.057728,1.363374,3.549735,-5.931081,-6.315677,0,8
case_08_NaNiH3_peak_seed9543,NaNiH3,peak,9543,32,0.451396,0.032361,0.588988,0.351411,-0.263822,0.032361,-0.12623,-0.363807,-0.018085,0.091532,0.300002,-0.010061,8,3,8,7,8,1.08844,1.85718,3.775813,-4.158177,-7.174035,0,8
case_08_NaNiH3_peak_seed9543,NaNiH3,peak,9543,33,0.357166,0.03361,0.588792,0.232915,-0.358052,0.03361,-0.126426,-0.482303,-0.106699,0.095062,0.19445,0.162351,8,4,8,8,8,1.764525,1.619405,3.351098,-9.181881,-7.92546,0,8
case_08_NaNiH3_peak_seed9543,NaNiH3,peak,9543,34,0.466994,0.043205,0.589099,0.313837,-0.248224,0.043205,-0.126119,-0.401381,0.002972,0.122201,0.311721,0.08468,8,4,6,6,6,1.469761,2.221177,1.549115,-5.092438,-5.57385,0,8
case_08_NaNiH3_peak_seed9543,NaNiH3,peak,9543,35,0.420589,0.039264,0.588403,0.307492,-0.294629,0.039264,-0.126815,-0.407726,-0.04126,0.111054,0.24155,0.352109,8,4,8,7,8,1.324524,2.642789,3.777645,-3.484617,-6.120535,0,8
case_08_NaNiH3_peak_seed9543,NaNiH3,peak,9543,36,0.384615,0.043976,0.710598,0.308107,-0.330603,0.043976,-0.00462,-0.407111,-0.073374,0.124382,0.165788,0.796525,8,3,7,7,7,1.243574,1.35631,3.243296,-8.848978,-8.187641,0,8
case_08_NaNiH3_peak_seed9543,NaNiH3,peak,9543,37,0.413411,0.038112,0.589032,0.289654,-0.301807,0.038112,-0.126186,-0.425564,-0.042348,0.107796,0.278821,-0.028877,8,3,8,7,8,1.135367,1.896739,2.697267,-7.652664,-7.028905,0,8
case_08_NaNiH3_peak_seed9543,NaNiH3,peak,9543,38,0.50294,0.039836,0.589117,0.307354,-0.212278,0.039836,-0.126101,-0.407864,0.044821,0.112674,0.362976,0.001732,8,3,5,4,5,1.36131,0.801133,0.851948,-2.060946,-4.732803,0,8
case_08_NaNiH3_peak_seed9543,NaNiH3,peak,9543,39,0.463058,0.052023,0.590584,0.16506,-0.25216,0.052023,-0.124634,-0.550158,0.004692,0.147145,0.32042,0.03404,8,4,7,6,7,1.84183,1.392471,1.922964,-3.594876,-5.886355,0,8
case_08_NaNiH3_peak_seed9543,NaNiH3,peak,9543,40,0.406379,0.038814,0.588032,0.276902,-0.308839,0.038814,-0.127186,-0.438316,-0.049387,0.109783,0.258111,0.120927,8,3,7,7,7,1.088639,2.019709,2.277731,-7.163373,-7.107502,0,8
case_08_NaNiH3_peak_seed9543,NaNiH3,peak,9543,41,0.439676,0.041428,0.589409,0.307691,-0.275542,0.041428,-0.125809,-0.407527,-0.015285,0.117177,0.300098,0.037866,8,4,7,5,7,1.399774,2.211953,2.076158,-1.959864,-5.90782,0,8
case_08_NaNiH3_peak_seed9543,NaNiH3,peak,9543,42,0.454997,0.047485,0.588871,0.287791,-0.260221,0.047485,-0.126347,-0.427427,3.4e-05,0.134307,0.326342,-0.065571,8,4,6,4,6,2.128849,1.224732,1.345963,3.177458,-4.41375,0,8
case_08_NaNiH3_peak_seed9543,NaNiH3,peak,9543,43,0.406268,0.030764,0.589007,0.299462,-0.30895,0.030764,-0.126211,-0.415756,-0.04626,0.087013,0.244108,0.293697,8,3,8,6,8,1.36977,2.069699,2.500915,-5.582522,-7.797002,0,8
case_08_NaNiH3_peak_seed9543,NaNiH3,peak,9543,44,0.503934,0.040457,0.58936,0.321288,-0.211284,0.040457,-0.125858,-0.39393,0.048835,0.114428,0.358368,0.102769,8,2,5,4,5,1.12488,0.863129,1.060523,-5.248829,-5.406124,0,8
case_08_NaNiH3_peak_seed9543,NaNiH3,peak,9543,45,0.441381,0.040002,0.588869,0.311948,-0.273837,0.040002,-0.126349,-0.40327,-0.013032,0.113144,0.288949,0.179827,8,4,7,7,7,1.394344,2.044774,2.067762,-7.249568,-6.088604,0,8
case_08_NaNiH3_peak_seed9543,NaNiH3,peak,9543,46,0.442475,0.04997,0.713367,0.275602,-0.272743,0.04997,-0.001851,-0.439616,-0.011341,0.141335,0.30783,0.006269,8,5,7,7,7,1.933329,1.29644,2.988491,0.711294,-5.94275,0,8
case_08_NaNiH3_peak_seed9543,NaNiH3,peak,9543,47,0.379258,0.034567,0.58887,0.288898,-0.335961,0.034567,-0.126348,-0.42632,-0.070831,0.097769,0.222623,0.269506,8,4,6,6,6,1.249678,1.399325,2.412216,-7.064332,-7.437947,0,8
case_08_NaNiH3_peak_seed9543,NaNiH3,peak,9543,48,0.462931,0.04507,0.58909,0.299581,-0.252287,0.04507,-0.126128,-0.415637,0.012201,0.127477,0.345385,-0.126781,8,3,6,5,6,1.355156,0.884461,1.742232,-1.415305,-4.351191,0,8
case_08_NaNiH3_peak_seed9543,NaNiH3,peak,9543,49,0.382916,0.030242,0.589024,0.288668,-0.332302,0.030242,-0.126194,-0.42655,-0.064423,0.085538,0.223353,0.331278,8,2,8,8,8,0.824837,1.714823,3.252346,-10.088071,-8.114531,0,8
case_08_NaNiH3_peak_seed9543,NaNiH3,peak,9543,50,0.553144,0.055679,0.771181,0.313593,-0.218038,0.055679,0.0,-0.457588,0.047349,0.157484,0.358849,0.096512,8,5,7,6,7,1.980857,0.828744,1.736132,-3.001524,-5.14173,0,8
case_08_NaNiH3_peak_seed9543,NaNiH3,peak,9543,51,0.434508,0.060409,0.711787,0.201546,-0.336673,0.060409,-0.059394,-0.569635,-0.067723,0.170861,0.246005,0.077425,8,4,7,6,7,2.290823,0.574748,1.771946,2.103968,-4.808726,0,8
case_08_NaNiH3_peak_seed9543,NaNiH3,peak,9543,52,0.46919,0.065039,0.767446,0.251353,-0.301992,0.065039,-0.003735,-0.519828,-0.031389,0.183959,0.242947,0.472503,8,5,7,7,8,2.170263,0.941976,1.777998,-3.612372,-4.947562,0,8
case_08_NaNiH3_peak_seed9543,NaNiH3,peak,9543,53,0.394171,0.035314,0.58902,0.253865,-0.37701,0.035314,-0.182161,-0.517316,-0.101087,0.099882,0.19343,0.270304,8,5,8,8,8,1.880728,1.821355,2.787043,-3.400991,-7.446151,0,8
case_08_NaNiH3_peak_seed9543,NaNiH3,peak,9543,54,0.47315,0.042323,0.588547,0.288729,-0.298031,0.042323,-0.182634,-0.482452,-0.021003,0.119706,0.288021,0.124567,8,3,6,5,6,1.427473,1.284689,1.203495,1.468424,-5.041331,0,8
case_08_NaNiH3_peak_seed9543,NaNiH3,peak,9543,55,0.474316,0.055307,0.708986,0.222104,-0.296865,0.055307,-0.062195,-0.549078,-0.018845,0.156433,0.281536,0.214644,8,4,7,6,7,1.515745,1.309316,2.725721,-4.760643,-5.946559,0,8
case_08_NaNiH3_peak_seed9543,NaNiH3,peak,9543,56,0.342787,0.03809,0.589336,0.199806,-0.428394,0.03809,-0.181845,-0.571375,-0.142855,0.107736,0.135602,0.436726,8,5,8,8,8,1.834124,1.48144,3.300179,1.601546,-6.97638,0,8
case_08_NaNiH3_peak_seed9543,NaNiH3,peak,9543,57,0.475532,0.040717,0.589061,0.331152,-0.295649,0.040717,-0.18212,-0.440029,-0.009604,0.115166,0.319052,-0.062404,8,5,6,5,6,2.169806,1.117489,1.216438,-2.478505,-5.226878,0,8
case_08_NaNiH3_peak_seed9543,NaNiH3,peak,9543,58,0.488568,0.046093,0.588841,0.296662,-0.282613,0.046093,-0.182341,-0.474519,0.00326,0.130371,0.331828,-0.062411,8,3,5,4,5,1.359493,0.978302,1.811703,-3.115051,-4.674754,0,8
case_08_NaNiH3_peak_seed9543,NaNiH3,peak,9543,59,0.361131,0.032,0.587983,0.291682,-0.41005,0.032,-0.183198,-0.4795,-0.117968,0.09051,0.18727,0.177198,8,3,7,7,7,1.014468,1.096325,2.675876,-9.175102,-7.718641,0,8
case_08_NaNiH3_peak_seed9543,NaNiH3,peak,9543,60,0.393127,0.042926,0.711718,0.33147,-0.378054,0.042926,-0.059463,-0.439711,-0.081674,0.121413,0.22498,0.163536,8,3,6,6,6,1.43435,0.785358,2.255351,-6.013099,-7.143375,0,8
case_08_NaNiH3_peak_seed9543,NaNiH3,peak,9543,61,0.500309,0.045643,0.710194,0.311415,-0.270873,0.045643,-0.060987,-0.459766,0.024233,0.129098,0.338802,0.089185,8,5,7,7,7,1.978369,1.305287,1.75686,-2.223929,-5.880782,0,8
case_08_NaNiH3_peak_seed9543,NaNiH3,peak,9543,62,0.427069,0.055841,0.768811,0.301792,-0.344112,0.055841,-0.00237,-0.469389,-0.046556,0.157942,0.260568,0.160639,8,5,8,8,8,1.55561,1.100824,2.725047,-4.728739,-6.670703,0,8
case_08_NaNiH3_peak_seed9543,NaNiH3,peak,9543,63,0.492485,0.048838,0.711796,0.316822,-0.278696,0.048838,-0.059385,-0.454359,0.017916,0.138134,0.322683,0.183335,8,4,6,6,6,1.674678,1.408177,1.110474,-5.573411,-5.168444,0,8
case_08_NaNiH3_peak_seed9543,NaNiH3,peak,9543,64,0.456293,0.037571,0.589197,0.340962,-0.314889,0.037571,-0.181984,-0.430219,-0.017362,0.106268,0.317518,-0.113285,8,2,7,6,7,0.974516,1.338103,1.812598,-6.883184,-6.789591,0,8
case_08_NaNiH3_peak_seed9543,NaNiH3,peak,9543,65,0.341216,0.034482,0.589025,0.259523,-0.429965,0.034482,-0.182156,-0.511658,-0.125817,0.09753,0.178897,0.190695,8,3,8,8,8,1.014815,2.138141,2.548259,-10.284117,-7.561732,0,8
case_08_NaNiH3_peak_seed9543,NaNiH3,peak,9543,66,0.578442,0.048117,0.76945,0.310646,-0.192739,0.048117,-0.001731,-0.460535,0.105838,0.136096,0.417091,0.121633,8,4,6,6,7,1.773778,1.150224,2.138448,-4.190905,-5.051466,0,8
case_08_NaNiH3_peak_seed9543,NaNiH3,peak,9543,67,0.447413,0.041771,0.589273,0.292825,-0.323768,0.041771,-0.181908,-0.478356,-0.023931,0.118145,0.290699,0.093825,8,4,7,6,7,1.558412,2.044209,1.934159,-6.260824,-6.413761,0,8
case_08_NaNiH3_peak_seed9543,NaNiH3,peak,9543,68,0.346229,0.051849,0.710062,0.195601,-0.424952,0.051849,-0.061119,-0.57558,-0.118859,0.14665,0.183301,0.221216,8,4,8,8,8,1.952643,1.458439,4.254178,1.077188,-7.022132,0,8
case_08_NaNiH3_peak_seed9543,NaNiH3,peak,9543,69,0.35301,0.02217,0.483727,0.252397,-0.418171,0.02217,-0.287454,-0.518784,-0.106475,0.062706,0.231154,-0.13193,8,3,6,7,7,1.55438,0.694263,2.796173,-3.785923,-6.498349,0,8
case_08_NaNiH3_peak_seed9543,NaNiH3,peak,9543,70,0.440213,0.041719,0.59024,0.305959,-0.330968,0.041719,-0.180941,-0.465222,-0.018307,0.117998,0.297482,0.089085,8,5,7,6,7,2.003561,1.307857,1.651311,-4.619273,-6.154126,0,8
case_08_NaNiH3_peak_seed9543,NaNiH3,peak,9543,71,0.488679,0.043072,0.600076,0.274864,-0.282502,0.043072,-0.171105,-0.496317,0.028651,0.121826,0.354412,-0.006122,8,4,7,6,7,1.859074,1.434596,1.322492,-5.070343,-6.415648,0,8
case_08_NaNiH3_peak_seed9543,NaNiH3,peak,9543,72,0.430314,0.04375,0.588833,0.306306,-0.340867,0.04375,-0.182348,-0.464875,-0.028229,0.123745,0.294119,0.028241,8,4,7,6,7,1.399017,2.19013,2.433897,-6.225331,-5.822492,0,8
case_08_NaNiH3_peak_seed9543,NaNiH3,peak,9543,73,0.449437,0.041935,0.589409,0.292183,-0.321745,0.041935,-0.181772,-0.478998,-0.008651,0.118611,0.315903,0.011336,8,4,7,6,7,1.394316,1.56778,1.562208,-5.251246,-6.308915,0,8
case_08_NaNiH3_peak_seed9543,NaNiH3,peak,9543,74,0.405957,0.038965,0.588542,0.311563,-0.365224,0.038965,-0.182639,-0.459619,-0.049524,0.110209,0.282546,-0.065491,8,4,8,7,8,1.63424,0.925684,2.098555,-7.96896,-6.143826,0,8
case_08_NaNiH3_peak_seed9543,NaNiH3,peak,9543,75,0.407516,0.039416,0.588728,0.267256,-0.363665,0.039416,-0.182453,-0.503925,-0.045567,0.111486,0.275478,0.052477,8,3,6,6,7,1.13598,1.120061,1.359459,-6.319656,-6.968529,0,8
case_08_NaNiH3_peak_seed9543,NaNiH3,peak,9543,76,0.479994,0.049929,0.767555,0.357608,-0.291187,0.049929,-0.003626,-0.413573,0.025566,0.141221,0.330869,0.206955,8,4,8,7,8,1.394306,1.212592,1.960612,-1.430622,-5.631083,0,8
case_08_NaNiH3_peak_seed9543,NaNiH3,peak,9543,77,0.413527,0.049554,0.709729,0.308598,-0.357654,0.049554,-0.061452,-0.462583,-0.038857,0.14016,0.275128,0.130286,8,5,8,8,8,1.555929,1.2372,2.579229,-6.332678,-6.163419,0,8
case_08_NaNiH3_peak_seed9543,NaNiH3,peak,9543,78,0.431343,0.046162,0.589167,0.285885,-0.339839,0.046162,-0.182014,-0.485296,-0.019989,0.130565,0.254005,0.523445,8,3,6,6,6,1.209896,1.291197,1.910331,-5.708755,-6.616685,0,8
case_08_NaNiH3_peak_seed9543,NaNiH3,peak,9543,79,0.428693,0.038197,0.589099,0.264045,-0.342488,0.038197,-0.182082,-0.507136,-0.021506,0.108037,0.285553,0.194691,8,4,7,7,8,1.749485,1.30454,4.002136,-1.177135,-5.48363,0,8
case_08_NaNiH3_peak_seed9543,NaNiH3,peak,9543,80,0.412709,0.031949,0.58893,0.322702,-0.358472,0.031949,-0.182251,-0.448479,-0.035615,0.090365,0.262202,0.289945,8,3,6,6,6,1.22145,2.044063,1.86777,-10.174662,-8.261772,0,8
case_08_NaNiH3_peak_seed9543,NaNiH3,peak,9543,81,0.417071,0.037585,0.587725,0.310652,-0.354111,0.037585,-0.183456,-0.460529,-0.029692,0.106306,0.302504,-0.052152,8,4,7,8,8,1.440193,1.718878,2.936024,-2.808564,-6.914207,0,8
case_08_NaNiH3_peak_seed9543,NaNiH3,peak,9543,82,0.402505,0.040026,0.58877,0.273507,-0.368676,0.040026,-0.182411,-0.497674,-0.042044,0.11321,0.277421,0.080248,8,3,7,6,7,1.089515,1.503046,1.917041,-4.696506,-6.342411,0,8
case_08_NaNiH3_peak_seed9543,NaNiH3,peak,9543,83,0.33518,0.007405,0.359941,0.299733,-0.436001,0.007405,-0.41124,-0.471448,-0.103901,0.020945,0.178945,0.443831,8,3,7,6,7,1.499755,1.173688,2.721394,-9.159633,-7.851967,0,8
case_08_NaNiH3_peak_seed9543,NaNiH3,peak,9543,84,0.441628,0.032385,0.588041,0.334783,-0.329553,0.032385,-0.18314,-0.436398,0.00242,0.091599,0.329958,-0.001671,8,4,8,8,8,1.509578,1.742311,2.082699,-5.069576,-6.991945,0,8
case_08_NaNiH3_peak_seed9543,NaNiH3,peak,9543,85,0.521792,0.055012,0.709822,0.322761,-0.249389,0.055012,-0.061359,-0.44842,0.078455,0.155597,0.404196,0.020807,8,5,6,5,6,2.308787,1.048643,1.698433,-2.050955,-4.612512,0,8
case_08_NaNiH3_peak_seed9543,NaNiH3,peak,9543,86,0.432449,0.043127,0.588325,0.297072,-0.338733,0.043127,-0.182856,-0.474109,-0.010344,0.121981,0.31987,-0.023649,8,2,6,6,6,0.974287,1.720613,1.461885,-7.072811,-6.177555,0,8
case_08_NaNiH3_peak_seed9543,NaNiH3,peak,9543,87,0.41891,0.040976,0.588747,0.254825,-0.352271,0.040976,-0.182434,-0.516356,-0.022688,0.115897,0.302053,0.031519,8,5,8,7,8,2.306244,0.979,3.191945,-7.351678,-6.061988,0,8
case_08_NaNiH3_peak_seed9543,NaNiH3,peak,9543,88,0.464273,0.036591,0.588439,0.328371,-0.306909,0.036591,-0.182742,-0.44281,0.02154,0.103494,0.346106,0.036429,8,3,6,5,6,1.163182,1.53263,1.266758,-5.74725,-6.043399,0,8
case_08_NaNiH3_peak_seed9543,NaNiH3,peak,9543,89,0.400176,0.053178,0.588864,0.201049,-0.371006,0.053178,-0.182317,-0.570132,-0.040429,0.15041,0.284228,0.04002,8,4,7,6,7,1.69908,1.320747,2.267567,-2.080211,-5.383614,0,8
case_08_NaNiH3_peak_seed9543,NaNiH3,peak,9543,90,0.370437,0.046911,0.588393,0.207342,-0.400745,0.046911,-0.182788,-0.563839,-0.06666,0.132684,0.261424,0.008356,8,4,7,7,7,1.560533,1.405798,2.621555,-4.334895,-5.828051,0,8
case_08_NaNiH3_peak_seed9543,NaNiH3,peak,9543,91,0.488679,0.048361,0.711942,0.328721,-0.282503,0.048361,-0.059239,-0.44246,0.049003,0.136786,0.365752,0.122803,8,4,7,6,7,1.768256,1.212742,0.686073,-3.247649,-5.633042,0,8
case_08_NaNiH3_peak_seed9543,NaNiH3,peak,9543,92,0.392235,0.041089,0.587597,0.279004,-0.378946,0.041089,-0.183584,-0.492177,-0.045069,0.116219,0.26979,0.144144,8,6,8,8,8,2.281123,1.165373,2.48628,1.791052,-5.132831,0,8
case_08_NaNiH3_peak_seed9543,NaNiH3,peak,9543,93,0.550229,0.038943,0.711765,0.348191,-0.220952,0.038943,-0.059416,-0.42299,0.10728,0.110147,0.442332,-0.058689,8,3,5,4,5,1.425459,0.820495,0.439885,-3.77715,-4.76798,0,8
case_08_NaNiH3_peak_seed9543,NaNiH3,peak,9543,94,0.404466,0.041112,0.588767,0.250334,-0.366715,0.041112,-0.182415,-0.520847,-0.036559,0.116283,0.261708,0.308487,8,3,8,6,8,1.136246,2.533966,1.83094,-8.563533,-6.396372,0,8
case_08_NaNiH3_peak_seed9543,NaNiH3,peak,9543,95,0.498219,0.057447,0.714379,0.294371,-0.272962,0.057447,-0.056802,-0.476811,0.054334,0.162485,0.378948,0.046683,8,3,6,6,6,1.509964,1.392462,1.698766,-4.087604,-6.465361,0,8
case_08_NaNiH3_peak_seed9543,NaNiH3,peak,9543,96,0.446654,0.052202,0.711511,0.305737,-0.324528,0.052202,-0.05967,-0.465444,0.00263,0.14765,0.358748,-0.265422,8,5,7,7,7,1.6297,1.098595,1.917026,-3.729967,-6.047287,0,8
case_08_NaNiH3_peak_seed9543,NaNiH3,peak,9543,97,0.411809,0.030065,0.587812,0.289745,-0.359372,0.030065,-0.183369,-0.481437,-0.030603,0.085036,0.298409,-3e-06,8,3,7,8,8,1.01662,2.056416,2.175585,-4.294232,-7.011372,0,8
case_08_NaNiH3_peak_seed9543,NaNiH3,peak,9543,98,0.379844,0.028387,0.588273,0.330231,-0.391337,0.028387,-0.182908,-0.44095,-0.05944,0.080291,0.260784,0.093629,8,3,7,7,7,1.016672,1.406452,2.223509,-7.707503,-7.692309,0,8
case_08_NaNiH3_peak_seed9543,NaNiH3,peak,9543,99,0.514168,0.05651,0.768782,0.347215,-0.257013,0.05651,-0.002399,-0.423966,0.071139,0.159835,0.389629,0.114257,8,5,6,7,7,2.209664,1.184151,2.207681,-6.324906,-5.412153,0,8
case_08_NaNiH3_peak_seed9543,NaNiH3,peak,9543,100,0.429694,0.035173,0.58857,0.307302,-0.341487,0.035173,-0.182611,-0.463879,-0.012668,0.099485,0.275765,0.416502,8,4,7,7,7,2.076929,1.487181,1.869565,-3.051172,-6.549949,0,8
