run_id,formula,method,seed,epoch,xrd_mean,xrd_err,xrd_max,xrd_min,reward_mean,reward_err,reward_max,reward_min,advantage_mean,advantage_std,ppo_objective,log_ratio_to_reference,clip_fraction,ratio_mean,ratio_max,approx_kl_old,grad_norm,score_p10,score_p50,score_p90,attempt,unique_space_groups,unique_wyckoff_sequences,unique_atom_sequences,unique_WA_combinations,replay_epoch
case_02_Zr_peak_heads_seed9711,Zr,peak,9711,1,0.427506,0.011333,0.618955,0.315049,0.427506,0.011333,0.618955,0.315049,-0.0,1.0,0.008352,-0.003819,0.0,0.99656,1.074988,0.000379,148.270157,0.353331,0.42674,0.507401,32,31,27,8,27,-1
case_02_Zr_peak_heads_seed9711,Zr,peak,9711,2,0.424511,0.013204,0.630278,0.299857,0.424511,0.013204,0.630278,0.299857,0.0,1.0,0.008201,-0.001929,0.0,0.997711,1.045286,0.00031,339.810822,0.33348,0.424617,0.494143,32,27,26,9,26,-1
case_02_Zr_peak_heads_seed9711,Zr,peak,9711,3,0.41551,0.011095,0.565867,0.318793,0.41551,0.011095,0.565867,0.318793,1e-06,1.0,0.003521,0.003903,0.0,0.998271,1.039827,0.000162,201.75647,0.347751,0.4115,0.49711,32,29,24,6,24,-1
case_02_Zr_peak_heads_seed9711,Zr,peak,9711,4,0.41307,0.010884,0.562402,0.277906,0.41307,0.010884,0.562402,0.277906,0.0,1.0,0.002734,0.012147,0.0,1.002183,1.040098,0.000121,294.023621,0.34782,0.402782,0.499744,32,29,21,8,21,-1
case_02_Zr_peak_heads_seed9711,Zr,peak,9711,5,0.414609,0.007238,0.510666,0.34624,0.414609,0.007238,0.510666,0.34624,1e-06,1.0,0.001348,0.018551,0.0,1.003218,1.037892,7.7e-05,491.746094,0.363656,0.415126,0.470297,32,30,23,8,23,-1
case_02_Zr_peak_heads_seed9711,Zr,peak,9711,6,0.409636,0.023243,0.695136,0.0,0.409636,0.023243,0.695136,0.0,0.0,1.0,0.000801,0.03485,0.0,0.998994,1.047415,0.000203,461.11203,0.354751,0.419495,0.514239,32,26,24,9,24,-1
case_02_Zr_peak_heads_seed9711,Zr,peak,9711,7,0.433909,0.012558,0.586237,0.332118,0.433909,0.012558,0.586237,0.332118,0.0,1.0,-0.001256,0.001684,0.0,1.00208,1.02957,3.6e-05,540.170898,0.341325,0.418954,0.523423,32,28,25,8,25,-1
case_02_Zr_peak_heads_seed9711,Zr,peak,9711,8,0.420094,0.012689,0.692912,0.300845,0.420094,0.012689,0.692912,0.300845,0.0,1.0,0.002952,0.01612,0.0,0.99963,1.020439,4e-05,529.248657,0.353934,0.413775,0.501845,32,29,23,6,23,-1
case_02_Zr_peak_heads_seed9711,Zr,peak,9711,9,0.420972,0.013072,0.615319,0.288104,0.420972,0.013072,0.615319,0.288104,-0.0,1.0,0.003594,0.04045,0.0,0.996315,1.04303,0.000189,413.97525,0.330945,0.423563,0.515634,32,28,21,9,21,-1
case_02_Zr_peak_heads_seed9711,Zr,peak,9711,10,0.416471,0.010546,0.551697,0.308385,0.416471,0.010546,0.551697,0.308385,0.0,1.0,-2.4e-05,0.040585,0.0,1.003385,1.048363,0.000122,306.511627,0.359016,0.396939,0.495611,32,25,25,9,25,-1
case_02_Zr_peak_heads_seed9711,Zr,peak,9711,11,0.432295,0.014126,0.766809,0.312028,0.432295,0.014126,0.766809,0.312028,0.0,1.0,0.000647,0.018945,0.0,1.00025,1.03327,7.2e-05,410.097534,0.364894,0.419826,0.512956,32,30,23,8,23,-1
case_02_Zr_peak_heads_seed9711,Zr,peak,9711,12,0.418852,0.010682,0.609389,0.359147,0.418852,0.010682,0.609389,0.359147,0.0,1.0,-0.001842,0.000817,0.0,1.00044,1.016973,1.6e-05,458.580933,0.36357,0.401549,0.497565,32,26,21,8,21,-1
case_02_Zr_peak_heads_seed9711,Zr,peak,9711,13,0.418633,0.009705,0.534888,0.337915,0.418633,0.009705,0.534888,0.337915,-0.0,1.0,0.005035,-0.00737,0.0,0.997435,1.013392,4e-05,268.018616,0.349341,0.404083,0.500688,32,29,22,9,22,-1
case_02_Zr_peak_heads_seed9711,Zr,peak,9711,14,0.432023,0.01292,0.644109,0.337522,0.432023,0.01292,0.644109,0.337522,0.0,1.0,9.3e-05,-0.001999,0.0,1.001287,1.024625,1.9e-05,341.888062,0.353515,0.409925,0.53283,32,29,20,7,20,-1
case_02_Zr_peak_heads_seed9711,Zr,peak,9711,15,0.40691,0.008497,0.545239,0.300209,0.40691,0.008497,0.545239,0.300209,0.0,1.0,0.007154,-0.019325,0.0,0.999422,1.035548,8.6e-05,263.577484,0.359501,0.405359,0.464973,32,28,26,8,26,-1
case_02_Zr_peak_heads_seed9711,Zr,peak,9711,16,0.423294,0.01146,0.61288,0.314262,0.423294,0.01146,0.61288,0.314262,-0.0,1.0,0.00077,0.026361,0.0,1.000163,1.019978,7.3e-05,256.629578,0.352003,0.419627,0.49388,32,27,21,8,21,-1
case_02_Zr_peak_heads_seed9711,Zr,peak,9711,17,0.40279,0.01589,0.564468,0.0,0.40279,0.01589,0.564468,0.0,0.0,1.0,0.01112,-0.008012,0.0,0.999784,1.040244,0.000143,579.175781,0.344635,0.402354,0.460318,32,31,20,9,20,-1
case_02_Zr_peak_heads_seed9711,Zr,peak,9711,18,0.420906,0.013494,0.601546,0.254246,0.420906,0.013494,0.601546,0.254246,0.0,1.0,0.010032,-0.032424,0.0,0.998617,1.012371,8.1e-05,327.766998,0.350957,0.403538,0.522387,32,27,23,7,23,-1
case_02_Zr_peak_heads_seed9711,Zr,peak,9711,19,0.43565,0.012111,0.601375,0.350537,0.43565,0.012111,0.601375,0.350537,-0.0,1.0,0.005672,-0.017346,0.0,0.99769,1.035587,0.000141,316.190735,0.363873,0.423576,0.540215,32,28,22,7,22,-1
case_02_Zr_peak_heads_seed9711,Zr,peak,9711,20,0.406096,0.016735,0.61403,0.0,0.406096,0.016735,0.61403,0.0,0.0,1.0,0.004976,0.031988,0.0,0.997698,1.023039,8.7e-05,503.161987,0.353442,0.414866,0.462081,32,27,27,8,27,-1
case_02_Zr_peak_heads_seed9711,Zr,peak,9711,21,0.416735,0.008942,0.557731,0.304237,0.416735,0.008942,0.557731,0.304237,-0.0,1.0,0.006362,-0.003247,0.0,0.996786,1.017643,7.4e-05,486.709412,0.367835,0.422845,0.477656,32,27,18,7,18,-1
case_02_Zr_peak_heads_seed9711,Zr,peak,9711,22,0.432479,0.010187,0.553299,0.287153,0.432479,0.010187,0.553299,0.287153,-0.0,1.0,-0.000545,0.000955,0.0,0.998545,1.021031,2e-05,501.09436,0.372558,0.425438,0.515856,32,29,27,8,27,-1
case_02_Zr_peak_heads_seed9711,Zr,peak,9711,23,0.44046,0.016182,0.822492,0.267355,0.44046,0.016182,0.822492,0.267355,0.0,1.0,0.006507,1.6e-05,0.0,0.999696,1.025487,0.000115,455.848297,0.371517,0.427273,0.486427,32,26,23,9,23,-1
case_02_Zr_peak_heads_seed9711,Zr,peak,9711,24,0.429872,0.012287,0.723115,0.338364,0.429872,0.012287,0.723115,0.338364,0.0,1.0,0.002767,0.001886,0.0,1.000269,1.020706,2.2e-05,583.804565,0.367845,0.424881,0.491429,32,29,25,6,25,-1
case_02_Zr_peak_heads_seed9711,Zr,peak,9711,25,0.423546,0.009606,0.521321,0.340137,0.423546,0.009606,0.521321,0.340137,-0.0,1.0,0.004391,-0.023359,0.0,1.000444,1.015681,1.9e-05,249.471191,0.360936,0.407579,0.500632,32,30,23,7,23,-1
case_02_Zr_peak_penalized_heads_seed9711,Zr,peak_penalized,9711,1,0.346757,0.009656,0.450698,0.237883,0.346757,0.009656,0.450698,0.237883,0.0,1.0,0.010075,0.000207,0.0,1.000614,1.084765,0.000407,371.452789,0.29215,0.353178,0.424391,32,31,27,8,27,-1
case_02_Zr_peak_penalized_heads_seed9711,Zr,peak_penalized,9711,2,0.36106,0.009472,0.465178,0.231717,0.36106,0.009472,0.465178,0.231717,-0.0,1.0,0.007887,0.005889,0.0,1.00129,1.041442,0.000287,298.620392,0.290461,0.369397,0.429693,32,27,26,9,26,-1
case_02_Zr_peak_penalized_heads_seed9711,Zr,peak_penalized,9711,3,0.331583,0.01233,0.473249,0.144889,0.331583,0.01233,0.473249,0.144889,0.0,1.0,0.003649,-0.011369,0.0,0.997253,1.047156,0.000131,154.204895,0.262828,0.327053,0.415042,32,29,24,6,24,-1
case_02_Zr_peak_penalized_heads_seed9711,Zr,peak_penalized,9711,4,0.336937,0.012782,0.479439,0.200174,0.336937,0.012782,0.479439,0.200174,0.0,1.0,0.001331,0.011958,0.0,1.004188,1.031897,7.3e-05,411.197968,0.24034,0.33596,0.42858,32,29,21,8,21,-1
case_02_Zr_peak_penalized_heads_seed9711,Zr,peak_penalized,9711,5,0.329036,0.010759,0.447257,0.187459,0.329036,0.010759,0.447257,0.187459,-0.0,1.0,0.000949,0.031273,0.0,1.001612,1.033853,9.5e-05,316.220001,0.247434,0.32481,0.407047,32,30,23,8,23,-1
case_02_Zr_peak_penalized_heads_seed9711,Zr,peak_penalized,9711,6,0.332594,0.01842,0.47318,0.0,0.332594,0.01842,0.47318,0.0,-0.0,1.0,0.00538,0.016197,0.0,0.996347,1.033155,0.000135,440.21582,0.245631,0.351874,0.435401,32,26,24,9,24,-1
case_02_Zr_peak_penalized_heads_seed9711,Zr,peak_penalized,9711,7,0.354445,0.012792,0.573254,0.192906,0.354445,0.012792,0.573254,0.192906,-0.0,1.0,0.003091,0.022369,0.0,0.997212,1.044474,0.000164,366.908783,0.27137,0.35077,0.427394,32,28,25,8,25,-1
case_02_Zr_peak_penalized_heads_seed9711,Zr,peak_penalized,9711,8,0.342768,0.013191,0.495339,0.159217,0.342768,0.013191,0.495339,0.159217,0.0,1.0,0.007306,0.012602,0.0,0.998784,1.052282,0.00023,451.017151,0.264844,0.347542,0.445438,32,29,23,6,23,-1
case_02_Zr_peak_penalized_heads_seed9711,Zr,peak_penalized,9711,9,0.337547,0.010479,0.451332,0.25085,0.337547,0.010479,0.451332,0.25085,-0.0,1.0,0.005945,0.027767,0.0,0.999663,1.039913,0.000184,524.189453,0.262659,0.323524,0.427545,32,28,22,9,22,-1
case_02_Zr_peak_penalized_heads_seed9711,Zr,peak_penalized,9711,10,0.360835,0.010801,0.472361,0.225813,0.360835,0.010801,0.472361,0.225813,-0.0,1.0,0.00072,0.013347,0.0,1.000171,1.021719,6e-05,232.170624,0.279065,0.359545,0.446593,32,25,25,9,25,-1
case_02_Zr_peak_penalized_heads_seed9711,Zr,peak_penalized,9711,11,0.345291,0.011973,0.547079,0.236106,0.345291,0.011973,0.547079,0.236106,-0.0,1.0,0.001001,0.004241,0.0,1.000331,1.013896,1.7e-05,244.121124,0.268604,0.341876,0.397509,32,30,23,8,23,-1
case_02_Zr_peak_penalized_heads_seed9711,Zr,peak_penalized,9711,12,0.352901,0.008694,0.450002,0.232016,0.352901,0.008694,0.450002,0.232016,-0.0,1.0,0.002032,-0.001754,0.0,0.999913,1.024912,2e-05,354.724579,0.287806,0.354119,0.409559,32,26,21,8,21,-1
case_02_Zr_peak_penalized_heads_seed9711,Zr,peak_penalized,9711,13,0.339737,0.011177,0.524386,0.183559,0.339737,0.011177,0.524386,0.183559,0.0,1.0,0.000558,0.016755,0.0,0.997187,1.014317,4.5e-05,178.950089,0.261275,0.353279,0.395383,32,29,22,9,22,-1
case_02_Zr_peak_penalized_heads_seed9711,Zr,peak_penalized,9711,14,0.336439,0.009046,0.43126,0.232272,0.336439,0.009046,0.43126,0.232272,-0.0,1.0,0.001233,-0.000267,0.0,1.000529,1.0156,1.7e-05,136.650497,0.279213,0.333584,0.403361,32,29,20,7,20,-1
case_02_Zr_peak_penalized_heads_seed9711,Zr,peak_penalized,9711,15,0.338401,0.008823,0.451487,0.253432,0.338401,0.008823,0.451487,0.253432,0.0,1.0,0.006292,-0.032525,0.0,0.996942,1.021809,7.7e-05,243.37674,0.288771,0.323782,0.388958,32,28,26,8,26,-1
case_02_Zr_peak_penalized_heads_seed9711,Zr,peak_penalized,9711,16,0.319417,0.008191,0.413496,0.232851,0.319417,0.008191,0.413496,0.232851,-0.0,1.0,-0.003763,0.033646,0.0,1.000412,1.02154,3e-05,227.972916,0.267233,0.310231,0.381792,32,27,21,8,21,-1
case_02_Zr_peak_penalized_heads_seed9711,Zr,peak_penalized,9711,17,0.32092,0.014669,0.456467,0.0,0.32092,0.014669,0.456467,0.0,0.0,1.0,0.009004,-0.010437,0.0,0.996663,1.030996,0.000131,454.317871,0.252413,0.330766,0.402406,32,31,20,9,20,-1
case_02_Zr_peak_penalized_heads_seed9711,Zr,peak_penalized,9711,18,0.348429,0.014069,0.597327,0.235203,0.348429,0.014069,0.597327,0.235203,0.0,1.0,0.006504,-0.016772,0.0,0.998912,1.010724,6.4e-05,314.905823,0.265328,0.3346,0.447748,32,27,24,7,24,-1
case_02_Zr_peak_penalized_heads_seed9711,Zr,peak_penalized,9711,19,0.350821,0.013054,0.547592,0.198789,0.350821,0.013054,0.547592,0.198789,-0.0,1.0,0.004067,-0.007674,0.0,0.997428,1.038235,0.000171,164.531815,0.261229,0.356679,0.429044,32,28,22,7,22,-1
case_02_Zr_peak_penalized_heads_seed9711,Zr,peak_penalized,9711,20,0.332265,0.016156,0.528844,0.0,0.332265,0.016156,0.528844,0.0,0.0,1.0,0.003716,0.03615,0.0,0.999113,1.026217,0.000105,366.971741,0.245203,0.340989,0.422513,32,27,27,8,27,-1
case_02_Zr_peak_penalized_heads_seed9711,Zr,peak_penalized,9711,21,0.337445,0.010894,0.534503,0.218938,0.337445,0.010894,0.534503,0.218938,-0.0,1.0,0.003462,0.017484,0.0,0.996254,1.019789,9.6e-05,404.66153,0.276186,0.341436,0.41102,32,27,18,7,18,-1
case_02_Zr_peak_penalized_heads_seed9711,Zr,peak_penalized,9711,22,0.354393,0.010355,0.467233,0.223189,0.354393,0.010355,0.467233,0.223189,0.0,1.0,0.002611,-0.014302,0.0,0.997285,1.015517,2.8e-05,541.252014,0.280544,0.36535,0.418009,32,29,26,9,26,-1
case_02_Zr_peak_penalized_heads_seed9711,Zr,peak_penalized,9711,23,0.336953,0.010335,0.43572,0.167535,0.336953,0.010335,0.43572,0.167535,0.0,1.0,0.002439,0.025335,0.0,0.997111,1.020969,8.8e-05,288.829712,0.244892,0.347292,0.40237,32,26,23,9,23,-1
case_02_Zr_peak_penalized_heads_seed9711,Zr,peak_penalized,9711,24,0.343326,0.01143,0.473452,0.203071,0.343326,0.01143,0.473452,0.203071,0.0,1.0,0.00366,-0.008043,0.0,0.998578,1.056006,0.000105,203.89975,0.267508,0.342026,0.439812,32,29,25,6,25,-1
case_02_Zr_peak_penalized_heads_seed9711,Zr,peak_penalized,9711,25,0.337477,0.009395,0.444801,0.242207,0.337477,0.009395,0.444801,0.242207,-0.0,1.0,0.000681,0.017025,0.0,1.001668,1.028467,4.3e-05,294.195068,0.277857,0.331381,0.410141,32,30,23,7,23,-1
case_02_Zr_peak_heads_seed9712,Zr,peak,9712,1,0.412673,0.011133,0.632515,0.304519,0.412673,0.011133,0.632515,0.304519,0.0,1.0,0.010285,0.006322,0.0,1.006765,1.070326,0.000442,256.337982,0.346908,0.408109,0.486359,32,28,23,8,23,-1
case_02_Zr_peak_heads_seed9712,Zr,peak,9712,2,0.405091,0.010219,0.642577,0.31718,0.405091,0.010219,0.642577,0.31718,-0.0,1.0,0.014396,-0.005347,0.0,0.993999,1.096142,0.000763,481.456238,0.349782,0.393005,0.453604,32,28,26,8,26,-1
case_02_Zr_peak_heads_seed9712,Zr,peak,9712,3,0.418666,0.009777,0.544616,0.302807,0.418666,0.009777,0.544616,0.302807,-0.0,1.0,0.008871,0.016494,0.0,1.005928,1.09696,0.000469,358.488922,0.361108,0.423231,0.493424,32,26,21,7,21,-1
case_02_Zr_peak_heads_seed9712,Zr,peak,9712,4,0.422335,0.011312,0.57341,0.34047,0.422335,0.011312,0.57341,0.34047,-0.0,1.0,0.000793,0.027524,0.0,1.001534,1.044005,9.4e-05,199.702606,0.348658,0.40743,0.532826,32,30,23,8,23,-1
case_02_Zr_peak_heads_seed9712,Zr,peak,9712,5,0.395848,0.008875,0.521377,0.288277,0.395848,0.008875,0.521377,0.288277,0.0,1.0,0.006652,-0.014179,0.0,0.998967,1.04258,0.000104,392.12146,0.344483,0.394068,0.448657,32,26,22,6,22,-1
case_02_Zr_peak_heads_seed9712,Zr,peak,9712,6,0.400471,0.008567,0.521327,0.321682,0.400471,0.008567,0.521327,0.321682,0.0,1.0,0.009607,-0.024702,0.0,0.992317,1.007401,0.000389,546.242371,0.33876,0.390833,0.458247,32,29,21,8,21,-1
case_02_Zr_peak_heads_seed9712,Zr,peak,9712,7,0.424834,0.014569,0.654776,0.309012,0.424834,0.014569,0.654776,0.309012,-0.0,1.0,0.000789,0.017413,0.0,1.000499,1.028572,0.00011,306.68924,0.335842,0.408962,0.531156,32,27,21,7,21,-1
case_02_Zr_peak_heads_seed9712,Zr,peak,9712,8,0.399811,0.02097,0.610727,0.0,0.399811,0.02097,0.610727,0.0,0.0,1.0,0.001373,0.010783,0.0,0.999283,1.015213,1.6e-05,409.427887,0.340923,0.416572,0.492859,32,29,23,9,23,-1
case_02_Zr_peak_heads_seed9712,Zr,peak,9712,9,0.432343,0.016487,0.733708,0.220755,0.432343,0.016487,0.733708,0.220755,-0.0,1.0,0.001062,0.0071,0.0,1.000539,1.02298,4.2e-05,181.6819,0.357349,0.418698,0.492127,32,29,25,7,25,-1
case_02_Zr_peak_heads_seed9712,Zr,peak,9712,10,0.399979,0.017198,0.574988,0.0,0.399979,0.017198,0.574988,0.0,0.0,1.0,0.01462,-0.03416,0.0,0.995444,1.015466,0.000182,737.636719,0.347772,0.393239,0.532045,32,23,20,9,20,-1
case_02_Zr_peak_heads_seed9712,Zr,peak,9712,11,0.424989,0.01479,0.666305,0.266024,0.424989,0.01479,0.666305,0.266024,0.0,1.0,-0.001913,0.038159,0.0,1.003253,1.030784,4.2e-05,352.146698,0.34676,0.410745,0.530389,32,28,25,8,25,-1
case_02_Zr_peak_heads_seed9712,Zr,peak,9712,12,0.422719,0.009354,0.517959,0.296899,0.422719,0.009354,0.517959,0.296899,0.0,1.0,0.000754,-0.000542,0.0,0.999597,1.010187,8e-06,276.37146,0.364975,0.418727,0.483869,32,28,24,9,24,-1
case_02_Zr_peak_heads_seed9712,Zr,peak,9712,13,0.409458,0.00865,0.525899,0.341147,0.409458,0.00865,0.525899,0.341147,-0.0,1.0,0.005762,-0.015213,0.0,1.001708,1.038211,4.4e-05,440.523376,0.359554,0.399514,0.475725,32,26,27,8,27,-1
case_02_Zr_peak_heads_seed9712,Zr,peak,9712,14,0.41972,0.014844,0.77692,0.329042,0.41972,0.014844,0.77692,0.329042,0.0,1.0,0.000681,0.008167,0.0,0.999705,1.007681,1.4e-05,131.195297,0.33658,0.404159,0.48965,32,30,26,8,26,-1
case_02_Zr_peak_heads_seed9712,Zr,peak,9712,15,0.424222,0.01295,0.663327,0.302199,0.424222,0.01295,0.663327,0.302199,-0.0,1.0,0.002594,-0.020261,0.0,1.00161,1.028963,3.2e-05,279.114166,0.359954,0.409518,0.502224,32,28,24,8,24,-1
case_02_Zr_peak_heads_seed9712,Zr,peak,9712,16,0.416136,0.009588,0.507941,0.30112,0.416136,0.009588,0.507941,0.30112,-0.0,1.0,0.008634,-0.015648,0.0,0.998531,1.03311,0.000105,380.405243,0.345183,0.42035,0.486957,32,30,24,8,24,-1
case_02_Zr_peak_heads_seed9712,Zr,peak,9712,17,0.404699,0.016377,0.532542,0.0,0.404699,0.016377,0.532542,0.0,0.0,1.0,0.006476,-0.021187,0.0,1.000902,1.054013,0.000115,363.375,0.32823,0.40934,0.495567,32,28,22,11,22,-1
case_02_Zr_peak_heads_seed9712,Zr,peak,9712,18,0.420969,0.013417,0.676917,0.282751,0.420969,0.013417,0.676917,0.282751,0.0,1.0,0.001323,0.041651,0.0,0.995236,1.027098,0.000113,328.055786,0.353115,0.410422,0.491159,32,28,21,9,21,-1
case_02_Zr_peak_heads_seed9712,Zr,peak,9712,19,0.397405,0.015865,0.589697,0.0,0.397405,0.015865,0.589697,0.0,0.0,1.0,0.00044,0.040284,0.0,0.999609,1.032579,4.5e-05,305.810699,0.350025,0.405231,0.466523,32,26,22,6,22,-1
case_02_Zr_peak_heads_seed9712,Zr,peak,9712,20,0.45981,0.017886,0.869566,0.338921,0.45981,0.017886,0.869566,0.338921,0.0,1.0,0.006764,-0.00737,0.0,0.993962,1.026328,0.000199,230.514313,0.380388,0.430298,0.567698,32,29,26,10,26,-1
case_02_Zr_peak_heads_seed9712,Zr,peak,9712,21,0.417235,0.009697,0.526247,0.336718,0.417235,0.009697,0.526247,0.336718,0.0,1.0,0.002165,0.00727,0.0,0.997229,1.018843,8.8e-05,260.518799,0.358019,0.415969,0.492204,32,29,20,8,20,-1
case_02_Zr_peak_heads_seed9712,Zr,peak,9712,22,0.420102,0.01123,0.668428,0.331616,0.420102,0.01123,0.668428,0.331616,0.0,1.0,-0.002601,0.030834,0.0,1.002347,1.029683,0.000108,480.61853,0.351993,0.412774,0.480167,32,25,24,7,24,-1
case_02_Zr_peak_heads_seed9712,Zr,peak,9712,23,0.402888,0.008835,0.537097,0.310711,0.402888,0.008835,0.537097,0.310711,0.0,1.0,-0.00478,0.058293,0.0,0.99807,1.010626,2.7e-05,152.55806,0.354617,0.389726,0.459536,32,26,19,9,19,-1
case_02_Zr_peak_heads_seed9712,Zr,peak,9712,24,0.424848,0.013499,0.697499,0.336182,0.424848,0.013499,0.697499,0.336182,0.0,1.0,-9e-05,0.017187,0.0,1.000031,1.022209,4e-05,283.57959,0.354998,0.410539,0.491718,32,28,26,9,26,-1
case_02_Zr_peak_heads_seed9712,Zr,peak,9712,25,0.400741,0.017551,0.598634,0.0,0.400741,0.017551,0.598634,0.0,-0.0,1.0,0.00702,0.012376,0.0,0.999928,1.026919,0.000152,567.81543,0.313595,0.405807,0.506203,32,28,24,8,24,-1
case_02_Zr_peak_penalized_heads_seed9712,Zr,peak_penalized,9712,1,0.331252,0.011261,0.4683,0.175087,0.331252,0.011261,0.4683,0.175087,-0.0,1.0,0.006693,0.000549,0.0,1.000693,1.07084,0.000145,138.510468,0.27013,0.340494,0.396069,32,28,23,8,23,-1
case_02_Zr_peak_penalized_heads_seed9712,Zr,peak_penalized,9712,2,0.327457,0.010658,0.436508,0.212795,0.327457,0.010658,0.436508,0.212795,-0.0,1.0,0.008705,-0.004495,0.0,0.992434,1.082667,0.000633,363.802582,0.254301,0.314475,0.420735,32,28,26,8,26,-1
case_02_Zr_peak_penalized_heads_seed9712,Zr,peak_penalized,9712,3,0.339202,0.008799,0.430775,0.249069,0.339202,0.008799,0.430775,0.249069,0.0,1.0,0.009411,0.010664,0.0,1.006248,1.096565,0.000446,458.18158,0.278977,0.330557,0.406831,32,26,21,7,21,-1
case_02_Zr_peak_penalized_heads_seed9712,Zr,peak_penalized,9712,4,0.333937,0.010364,0.524524,0.23442,0.333937,0.010364,0.524524,0.23442,-0.0,1.0,0.003689,0.017655,0.0,1.000748,1.052129,0.000137,478.55246,0.276767,0.320385,0.390545,32,30,23,8,23,-1
case_02_Zr_peak_penalized_heads_seed9712,Zr,peak_penalized,9712,5,0.335486,0.008164,0.435585,0.240218,0.335486,0.008164,0.435585,0.240218,0.0,1.0,0.003599,-0.006836,0.0,0.998676,1.024116,6.2e-05,285.581238,0.277573,0.338159,0.39905,32,26,22,6,22,-1
case_02_Zr_peak_penalized_heads_seed9712,Zr,peak_penalized,9712,6,0.322222,0.009764,0.415732,0.165839,0.322222,0.009764,0.415732,0.165839,0.0,1.0,0.005836,-0.018703,0.0,0.992149,1.03192,0.000407,227.827332,0.254083,0.334995,0.379647,32,29,20,7,20,-1
case_02_Zr_peak_penalized_heads_seed9712,Zr,peak_penalized,9712,7,0.341471,0.009312,0.470873,0.194058,0.341471,0.009312,0.470873,0.194058,0.0,1.0,0.002906,0.004214,0.0,1.001102,1.057039,0.000255,277.186768,0.274117,0.348845,0.384834,32,27,21,7,21,-1
case_02_Zr_peak_penalized_heads_seed9712,Zr,peak_penalized,9712,8,0.304693,0.020198,0.478043,0.0,0.304693,0.020198,0.478043,0.0,0.0,1.0,0.005602,0.0045,0.0,0.996295,1.021806,7.6e-05,365.691956,0.201916,0.31051,0.423429,32,29,23,9,23,-1
case_02_Zr_peak_penalized_heads_seed9712,Zr,peak_penalized,9712,9,0.346879,0.01222,0.477425,0.181106,0.346879,0.01222,0.477425,0.181106,0.0,1.0,0.002195,0.011643,0.0,1.002279,1.036092,8.4e-05,231.134033,0.275987,0.351166,0.446415,32,29,25,7,25,-1
case_02_Zr_peak_penalized_heads_seed9712,Zr,peak_penalized,9712,10,0.351268,0.0156,0.567697,0.0,0.351268,0.0156,0.567697,0.0,0.0,1.0,0.015029,-0.013628,0.0,0.995764,1.033528,0.000261,707.543091,0.297266,0.347385,0.398125,32,23,20,9,20,-1
case_02_Zr_peak_penalized_heads_seed9712,Zr,peak_penalized,9712,11,0.316131,0.012333,0.473395,0.135214,0.316131,0.012333,0.473395,0.135214,-0.0,1.0,-0.00385,0.051127,0.0,1.005018,1.030328,6.9e-05,139.377426,0.235234,0.323747,0.397814,32,28,25,8,25,-1
case_02_Zr_peak_penalized_heads_seed9712,Zr,peak_penalized,9712,12,0.338674,0.012256,0.463043,0.17564,0.338674,0.012256,0.463043,0.17564,0.0,1.0,0.003436,-0.007319,0.0,0.999078,1.013623,2.9e-05,220.295609,0.237567,0.330902,0.440631,32,28,24,9,24,-1
case_02_Zr_peak_penalized_heads_seed9712,Zr,peak_penalized,9712,13,0.346135,0.011212,0.494692,0.192314,0.346135,0.011212,0.494692,0.192314,0.0,1.0,0.005111,-0.009925,0.0,0.999033,1.036424,0.000111,323.232544,0.277288,0.354244,0.421496,32,26,27,8,27,-1
case_02_Zr_peak_penalized_heads_seed9712,Zr,peak_penalized,9712,14,0.336277,0.013812,0.658442,0.200885,0.336277,0.013812,0.658442,0.200885,0.0,1.0,-0.000307,0.020469,0.0,0.997459,1.019136,6e-05,172.32515,0.259936,0.332366,0.400698,32,30,26,8,26,-1
case_02_Zr_peak_penalized_heads_seed9712,Zr,peak_penalized,9712,15,0.338957,0.01073,0.434916,0.187151,0.338957,0.01073,0.434916,0.187151,0.0,1.0,0.006811,-0.038668,0.0,0.996821,1.016665,5.3e-05,377.352509,0.243421,0.354732,0.399275,32,28,24,8,24,-1
case_02_Zr_peak_penalized_heads_seed9712,Zr,peak_penalized,9712,16,0.342513,0.011554,0.492997,0.190106,0.342513,0.011554,0.492997,0.190106,0.0,1.0,-9e-05,0.052637,0.0,1.000266,1.057725,0.000259,281.018707,0.272442,0.347375,0.413009,32,30,24,8,24,-1
case_02_Zr_peak_penalized_heads_seed9712,Zr,peak_penalized,9712,17,0.32413,0.014467,0.471798,0.0,0.32413,0.014467,0.471798,0.0,0.0,1.0,0.00855,-0.002736,0.0,1.004054,1.127666,0.000378,397.430634,0.263507,0.321464,0.406421,32,28,23,11,23,-1
case_02_Zr_peak_penalized_heads_seed9712,Zr,peak_penalized,9712,18,0.359875,0.012111,0.561826,0.248396,0.359875,0.012111,0.561826,0.248396,0.0,1.0,-0.003825,0.107389,0.0,0.997533,1.016315,0.00013,286.75116,0.268002,0.361493,0.440799,32,28,21,9,21,-1
case_02_Zr_peak_penalized_heads_seed9712,Zr,peak_penalized,9712,19,0.330748,0.014797,0.45966,0.0,0.330748,0.014797,0.45966,0.0,-0.0,1.0,-0.004538,0.07999,0.0,0.999497,1.054565,0.000144,295.09317,0.25915,0.329339,0.427253,32,26,22,6,22,-1
case_02_Zr_peak_penalized_heads_seed9712,Zr,peak_penalized,9712,20,0.332557,0.011077,0.466374,0.168599,0.332557,0.011077,0.466374,0.168599,-0.0,1.0,0.002371,-0.008229,0.0,0.995837,1.020842,8.5e-05,260.738342,0.259597,0.328743,0.400952,32,29,26,10,26,-1
case_02_Zr_peak_penalized_heads_seed9712,Zr,peak_penalized,9712,21,0.354852,0.008709,0.448751,0.24585,0.354852,0.008709,0.448751,0.24585,0.0,1.0,0.00071,0.009664,0.0,1.000452,1.026131,5.8e-05,196.071915,0.286736,0.359565,0.420593,32,29,20,8,20,-1
case_02_Zr_peak_penalized_heads_seed9712,Zr,peak_penalized,9712,22,0.338319,0.009193,0.455081,0.24518,0.338319,0.009193,0.455081,0.24518,0.0,1.0,-0.004497,0.061641,0.0,0.998293,1.031316,6.6e-05,139.277878,0.260966,0.346253,0.388959,32,25,23,7,23,-1
case_02_Zr_peak_penalized_heads_seed9712,Zr,peak_penalized,9712,23,0.357951,0.010833,0.511943,0.26564,0.357951,0.010833,0.511943,0.26564,-0.0,1.0,-0.001751,0.06798,0.0,1.000294,1.033938,0.00014,313.999512,0.29039,0.361124,0.451919,32,26,19,9,19,-1
case_02_Zr_peak_penalized_heads_seed9712,Zr,peak_penalized,9712,24,0.350248,0.00962,0.463127,0.200698,0.350248,0.00962,0.463127,0.200698,-0.0,1.0,0.000594,0.018462,0.0,0.998487,1.023226,5.8e-05,174.860168,0.283637,0.350658,0.419459,32,28,26,9,26,-1
case_02_Zr_peak_penalized_heads_seed9712,Zr,peak_penalized,9712,25,0.324413,0.01664,0.519501,0.0,0.324413,0.01664,0.519501,0.0,-0.0,1.0,0.00496,0.028992,0.0,0.998947,1.06189,0.000187,450.495117,0.23072,0.316982,0.440288,32,28,24,9,24,-1
case_02_Zr_peak_heads_seed9713,Zr,peak,9713,1,0.398049,0.016439,0.592522,0.0,0.398049,0.016439,0.592522,0.0,0.0,1.0,0.026045,-0.00377,0.0,0.996754,1.059265,0.000524,513.164246,0.338059,0.410633,0.463147,32,29,21,7,21,-1
case_02_Zr_peak_heads_seed9713,Zr,peak,9713,2,0.455375,0.019049,0.7778,0.314832,0.455375,0.019049,0.7778,0.314832,-0.0,1.0,0.005056,-0.005513,0.0,0.998903,1.054946,0.000283,577.929138,0.360934,0.431852,0.557999,32,28,21,9,21,-1
case_02_Zr_peak_heads_seed9713,Zr,peak,9713,3,0.391892,0.014491,0.497331,0.0,0.391892,0.014491,0.497331,0.0,0.0,1.0,0.002596,0.011041,0.0,1.002704,1.036908,0.000112,312.200958,0.34938,0.401467,0.455422,32,27,19,7,19,-1
case_02_Zr_peak_heads_seed9713,Zr,peak,9713,4,0.419044,0.010503,0.550466,0.295039,0.419044,0.010503,0.550466,0.295039,-0.0,1.0,0.002605,0.008542,0.0,1.003381,1.048184,0.000201,146.096558,0.329644,0.421185,0.491309,32,25,22,9,22,-1
case_02_Zr_peak_heads_seed9713,Zr,peak,9713,5,0.377571,0.019417,0.48655,0.0,0.377571,0.019417,0.48655,0.0,0.0,1.0,-6.9e-05,0.016502,0.0,1.000355,1.020619,5.1e-05,333.362061,0.324093,0.390708,0.463598,32,25,20,7,20,-1
case_02_Zr_peak_heads_seed9713,Zr,peak,9713,6,0.402853,0.017863,0.590813,0.0,0.402853,0.017863,0.590813,0.0,0.0,1.0,0.002187,0.022395,0.0,1.000527,1.054668,0.000129,417.319336,0.337389,0.401393,0.53326,32,26,23,10,23,-1
case_02_Zr_peak_heads_seed9713,Zr,peak,9713,7,0.400703,0.00848,0.50985,0.300821,0.400703,0.00848,0.50985,0.300821,0.0,1.0,0.003368,-0.003578,0.0,0.997876,1.040585,0.00013,267.317383,0.34266,0.406362,0.458036,32,27,22,9,22,-1
case_02_Zr_peak_heads_seed9713,Zr,peak,9713,8,0.42471,0.009547,0.561662,0.328302,0.42471,0.009547,0.561662,0.328302,0.0,1.0,0.005595,-0.028644,0.0,0.997394,1.019581,6e-05,425.824768,0.367926,0.408913,0.500263,32,27,21,7,21,-1
case_02_Zr_peak_heads_seed9713,Zr,peak,9713,9,0.434004,0.009827,0.611892,0.341827,0.434004,0.009827,0.611892,0.341827,0.0,1.0,0.002415,-0.015034,0.0,1.001765,1.019637,3.8e-05,215.421677,0.372528,0.420212,0.494689,32,30,26,8,26,-1
case_02_Zr_peak_heads_seed9713,Zr,peak,9713,10,0.419264,0.012161,0.615513,0.320457,0.419264,0.012161,0.615513,0.320457,0.0,1.0,0.000637,0.024625,0.0,1.00051,1.028207,3.6e-05,501.542847,0.366327,0.39648,0.544253,32,28,20,7,20,-1
case_02_Zr_peak_heads_seed9713,Zr,peak,9713,11,0.426632,0.014817,0.721138,0.338568,0.426632,0.014817,0.721138,0.338568,-0.0,1.0,-0.000217,0.025359,0.0,1.001929,1.022928,5.1e-05,331.430939,0.350463,0.417945,0.493145,32,28,25,10,25,-1
case_02_Zr_peak_heads_seed9713,Zr,peak,9713,12,0.43617,0.009626,0.665013,0.367581,0.43617,0.009626,0.665013,0.367581,-0.0,1.0,-2.5e-05,0.003799,0.0,1.000128,1.008018,6e-06,414.791168,0.381426,0.431232,0.471408,32,26,24,8,24,-1
case_02_Zr_peak_heads_seed9713,Zr,peak,9713,13,0.424349,0.012757,0.617605,0.319388,0.424349,0.012757,0.617605,0.319388,0.0,1.0,-0.00024,0.029151,0.0,0.996764,1.031393,9.5e-05,354.939026,0.352862,0.405291,0.521427,32,25,20,8,20,-1
case_02_Zr_peak_heads_seed9713,Zr,peak,9713,14,0.423917,0.008184,0.521169,0.352444,0.423917,0.008184,0.521169,0.352444,0.0,1.0,0.001836,0.014647,0.0,1.00037,1.034147,5.6e-05,331.316833,0.368709,0.421693,0.493971,32,26,24,9,24,-1
case_02_Zr_peak_heads_seed9713,Zr,peak,9713,15,0.414785,0.010378,0.595958,0.305355,0.414785,0.010378,0.595958,0.305355,-0.0,1.0,-0.000639,0.034525,0.0,0.998327,1.019261,3e-05,311.01123,0.356349,0.401678,0.478575,32,29,22,6,22,-1
case_02_Zr_peak_heads_seed9713,Zr,peak,9713,16,0.435364,0.012857,0.703454,0.310463,0.435364,0.012857,0.703454,0.310463,-0.0,1.0,0.004509,-0.005251,0.0,0.996871,1.014117,6.9e-05,304.192444,0.368222,0.428789,0.522586,32,27,21,9,21,-1
case_02_Zr_peak_heads_seed9713,Zr,peak,9713,17,0.425149,0.013271,0.624472,0.286281,0.425149,0.013271,0.624472,0.286281,-0.0,1.0,0.003519,0.010731,0.0,0.994743,1.013116,0.000149,395.055573,0.354628,0.421735,0.502041,32,27,25,8,25,-1
case_02_Zr_peak_heads_seed9713,Zr,peak,9713,18,0.416162,0.007119,0.489887,0.335516,0.416162,0.007119,0.489887,0.335516,-0.0,1.0,0.004648,-0.017191,0.0,0.99921,1.012575,2.6e-05,351.204651,0.359502,0.419817,0.464424,32,28,20,9,20,-1
case_02_Zr_peak_heads_seed9713,Zr,peak,9713,19,0.449545,0.019587,0.801365,0.332632,0.449545,0.019587,0.801365,0.332632,0.0,1.0,-0.002927,0.033112,0.0,0.998659,1.019225,5e-05,294.137543,0.357063,0.409003,0.564175,32,25,20,6,20,-1
case_02_Zr_peak_heads_seed9713,Zr,peak,9713,20,0.435157,0.007748,0.519355,0.364797,0.435157,0.007748,0.519355,0.364797,0.0,1.0,0.00134,0.016443,0.0,0.998131,1.048496,8.3e-05,294.474762,0.368361,0.441528,0.489402,32,27,24,8,24,-1
case_02_Zr_peak_heads_seed9713,Zr,peak,9713,21,0.423953,0.021032,0.848687,0.0,0.423953,0.021032,0.848687,0.0,0.0,1.0,0.022408,-0.022738,0.0,0.994324,1.033015,0.000538,683.390198,0.356045,0.414026,0.498545,32,31,25,8,25,-1
case_02_Zr_peak_heads_seed9713,Zr,peak,9713,22,0.413501,0.009044,0.513743,0.315165,0.413501,0.009044,0.513743,0.315165,-0.0,1.0,0.014188,-0.006887,0.0,0.990417,1.05002,0.000694,337.450226,0.3431,0.412898,0.482473,32,26,20,8,20,-1
case_02_Zr_peak_heads_seed9713,Zr,peak,9713,23,0.400316,0.008498,0.549202,0.305034,0.400316,0.008498,0.549202,0.305034,0.0,1.0,0.001639,-0.006474,0.0,1.000639,1.07279,0.000118,304.034943,0.35942,0.391798,0.457731,32,27,23,8,23,-1
case_02_Zr_peak_heads_seed9713,Zr,peak,9713,24,0.406673,0.01001,0.545996,0.32034,0.406673,0.01001,0.545996,0.32034,0.0,1.0,-0.000613,0.041628,0.0,0.99914,1.034864,9.2e-05,307.746918,0.342054,0.393386,0.494753,32,27,19,7,19,-1
case_02_Zr_peak_heads_seed9713,Zr,peak,9713,25,0.424919,0.012237,0.628003,0.318658,0.424919,0.012237,0.628003,0.318658,-0.0,1.0,0.001352,0.033493,0.0,1.004024,1.086456,0.000217,279.372559,0.339835,0.415324,0.509257,32,27,19,8,19,-1
case_02_Zr_peak_penalized_heads_seed9713,Zr,peak_penalized,9713,1,0.339964,0.014436,0.462842,0.0,0.339964,0.014436,0.462842,0.0,-0.0,1.0,0.022567,-0.003468,0.0,0.997056,1.05829,0.000523,439.277527,0.286741,0.351651,0.418411,32,29,21,7,21,-1
case_02_Zr_peak_penalized_heads_seed9713,Zr,peak_penalized,9713,2,0.34859,0.012077,0.487275,0.252049,0.34859,0.012077,0.487275,0.252049,-0.0,1.0,0.004243,-0.006836,0.0,0.997462,1.035055,0.000149,305.475006,0.264802,0.339243,0.439915,32,28,21,9,21,-1
case_02_Zr_peak_penalized_heads_seed9713,Zr,peak_penalized,9713,3,0.312585,0.014154,0.45062,0.0,0.312585,0.014154,0.45062,0.0,0.0,1.0,0.002863,0.0042,0.0,1.001273,1.049307,0.000145,286.573212,0.254481,0.317758,0.401851,32,27,19,7,19,-1
case_02_Zr_peak_penalized_heads_seed9713,Zr,peak_penalized,9713,4,0.362858,0.01021,0.47298,0.246012,0.362858,0.01021,0.47298,0.246012,-0.0,1.0,0.002987,-6.3e-05,0.0,0.997602,1.023243,0.000125,148.801895,0.285192,0.368109,0.434862,32,25,22,9,22,-1
case_02_Zr_peak_penalized_heads_seed9713,Zr,peak_penalized,9713,5,0.321404,0.018492,0.472537,0.0,0.321404,0.018492,0.472537,0.0,-0.0,1.0,0.001267,0.032795,0.0,1.005991,1.049044,0.000146,431.231781,0.260711,0.325088,0.440481,32,25,20,7,20,-1
case_02_Zr_peak_penalized_heads_seed9713,Zr,peak_penalized,9713,6,0.346746,0.015551,0.539465,0.0,0.346746,0.015551,0.539465,0.0,0.0,1.0,0.00091,0.024481,0.0,1.002136,1.052297,0.000127,294.931824,0.282208,0.33352,0.41918,32,26,23,10,23,-1
case_02_Zr_peak_penalized_heads_seed9713,Zr,peak_penalized,9713,7,0.34665,0.009445,0.439767,0.21808,0.34665,0.009445,0.439767,0.21808,-0.0,1.0,0.006318,-0.015922,0.0,0.999147,1.033771,7.7e-05,272.926636,0.263116,0.355608,0.412408,32,27,22,9,22,-1
case_02_Zr_peak_penalized_heads_seed9713,Zr,peak_penalized,9713,8,0.34995,0.012945,0.553899,0.218404,0.34995,0.012945,0.553899,0.218404,0.0,1.0,0.01054,-0.048933,0.0,0.994105,1.046978,0.000308,380.528656,0.270225,0.337691,0.460541,32,27,21,7,21,-1
case_02_Zr_peak_penalized_heads_seed9713,Zr,peak_penalized,9713,9,0.338945,0.014524,0.6043,0.184765,0.338945,0.014524,0.6043,0.184765,-0.0,1.0,0.004493,-0.014754,0.0,0.999196,1.026575,0.000122,135.367432,0.260646,0.33512,0.409201,32,30,26,8,26,-1
case_02_Zr_peak_penalized_heads_seed9713,Zr,peak_penalized,9713,10,0.351387,0.011893,0.592979,0.260937,0.351387,0.011893,0.592979,0.260937,0.0,1.0,-0.003183,0.044962,0.0,1.0013,1.027508,4.7e-05,419.613098,0.281635,0.34788,0.404653,32,28,20,7,20,-1
case_02_Zr_peak_penalized_heads_seed9713,Zr,peak_penalized,9713,11,0.333426,0.014599,0.717289,0.244772,0.333426,0.014599,0.717289,0.244772,0.0,1.0,-0.004175,0.053565,0.0,1.00032,1.020348,3.1e-05,331.135284,0.26234,0.331548,0.38817,32,28,26,10,26,-1
case_02_Zr_peak_penalized_heads_seed9713,Zr,peak_penalized,9713,12,0.361313,0.010503,0.475025,0.232074,0.361313,0.010503,0.475025,0.232074,-0.0,1.0,-0.000502,-3e-05,0.0,0.999478,1.00908,6e-06,595.61615,0.287874,0.363486,0.444362,32,26,24,8,24,-1
case_02_Zr_peak_penalized_heads_seed9713,Zr,peak_penalized,9713,13,0.359602,0.014065,0.617635,0.213313,0.359602,0.014065,0.617635,0.213313,-0.0,1.0,-0.000724,0.054121,0.0,0.995814,1.007539,5.5e-05,525.751648,0.281435,0.35698,0.440847,32,25,20,8,20,-1
case_02_Zr_peak_penalized_heads_seed9713,Zr,peak_penalized,9713,14,0.335688,0.010782,0.459593,0.225642,0.335688,0.010782,0.459593,0.225642,0.0,1.0,-0.000198,0.03095,0.0,1.000601,1.028541,0.000109,299.48584,0.265237,0.331897,0.436082,32,26,25,9,25,-1
case_02_Zr_peak_penalized_heads_seed9713,Zr,peak_penalized,9713,15,0.343432,0.010465,0.456578,0.216552,0.343432,0.010465,0.456578,0.216552,-0.0,1.0,-0.00409,0.051198,0.0,0.999266,1.011789,1.2e-05,216.598007,0.285928,0.333218,0.421269,32,29,22,6,22,-1
case_02_Zr_peak_penalized_heads_seed9713,Zr,peak_penalized,9713,16,0.339067,0.009144,0.426379,0.22833,0.339067,0.009144,0.426379,0.22833,0.0,1.0,0.003641,0.014255,0.0,0.997595,1.019803,4.9e-05,446.491791,0.278802,0.336632,0.412626,32,27,21,9,21,-1
case_02_Zr_peak_penalized_heads_seed9713,Zr,peak_penalized,9713,17,0.332628,0.0126,0.495245,0.208985,0.332628,0.0126,0.495245,0.208985,-0.0,1.0,0.003525,0.017953,0.0,0.99226,1.037363,0.000229,380.41449,0.251426,0.319717,0.424083,32,27,25,8,25,-1
case_02_Zr_peak_penalized_heads_seed9713,Zr,peak_penalized,9713,18,0.329362,0.011061,0.460124,0.22169,0.329362,0.011061,0.460124,0.22169,-0.0,1.0,0.004099,-0.006646,0.0,0.999888,1.032228,0.000109,162.750046,0.240143,0.324464,0.422264,32,28,20,9,20,-1
case_02_Zr_peak_penalized_heads_seed9713,Zr,peak_penalized,9713,19,0.353531,0.011509,0.561147,0.249449,0.353531,0.011509,0.561147,0.249449,-0.0,1.0,0.006097,0.019497,0.0,1.000008,1.091084,0.000384,450.067108,0.282758,0.347676,0.449644,32,25,20,6,20,-1
case_02_Zr_peak_penalized_heads_seed9713,Zr,peak_penalized,9713,20,0.346065,0.010463,0.440436,0.231967,0.346065,0.010463,0.440436,0.231967,0.0,1.0,0.001454,0.017903,0.0,0.996173,1.073039,0.000212,461.232086,0.246047,0.360354,0.414802,32,27,24,8,24,-1
case_02_Zr_peak_penalized_heads_seed9713,Zr,peak_penalized,9713,21,0.330648,0.014013,0.438891,0.0,0.330648,0.014013,0.438891,0.0,-0.0,1.0,0.023727,-0.047387,0.0,0.994959,1.022567,0.00042,742.672791,0.258627,0.341082,0.416477,32,31,25,8,25,-1
case_02_Zr_peak_penalized_heads_seed9713,Zr,peak_penalized,9713,22,0.350553,0.009959,0.495282,0.247251,0.350553,0.009959,0.495282,0.247251,-0.0,1.0,0.015369,-0.030905,0.0,0.989798,1.035389,0.000608,306.242126,0.279959,0.355157,0.409674,32,26,20,8,20,-1
case_02_Zr_peak_penalized_heads_seed9713,Zr,peak_penalized,9713,23,0.343014,0.010343,0.548095,0.237587,0.343014,0.010343,0.548095,0.237587,0.0,1.0,-8.4e-05,0.001994,0.0,1.000704,1.078025,0.000118,244.355347,0.27502,0.343086,0.392588,32,27,23,8,23,-1
case_02_Zr_peak_penalized_heads_seed9713,Zr,peak_penalized,9713,24,0.355038,0.009492,0.503741,0.265397,0.355038,0.009492,0.503741,0.265397,0.0,1.0,-0.002496,0.031151,0.0,0.99985,1.009502,1.1e-05,487.373718,0.290426,0.347457,0.420076,32,27,20,7,20,-1
case_02_Zr_peak_penalized_heads_seed9713,Zr,peak_penalized,9713,25,0.345231,0.012591,0.511554,0.216603,0.345231,0.012591,0.511554,0.216603,0.0,1.0,-0.000375,0.016241,0.0,0.999066,1.020438,6.7e-05,338.566162,0.271384,0.33265,0.464117,32,27,19,8,19,-1
case_03_NbS2_peak_heads_seed9721,NbS2,peak,9721,1,0.355945,0.014963,0.51205,0.0,0.355945,0.014963,0.51205,0.0,-0.0,1.0,0.032953,-0.000616,0.03125,1.002434,1.250793,0.003051,736.24646,0.296867,0.368429,0.429039,32,8,10,7,10,-1
case_03_NbS2_peak_heads_seed9721,NbS2,peak,9721,2,0.356275,0.014952,0.464096,0.0,0.356275,0.014952,0.464096,0.0,-0.0,1.0,0.005907,0.0351,0.0,1.010632,1.174841,0.001441,356.889954,0.304207,0.355413,0.452274,32,8,11,8,11,-1
case_03_NbS2_peak_heads_seed9721,NbS2,peak,9721,3,0.351804,0.010086,0.521751,0.263914,0.351804,0.010086,0.521751,0.263914,0.0,1.0,0.009119,-0.000474,0.0,0.992483,1.136178,0.000948,608.1297,0.289034,0.350861,0.426894,32,5,5,7,7,-1
case_03_NbS2_peak_heads_seed9721,NbS2,peak,9721,4,0.352804,0.01711,0.51822,0.0,0.352804,0.01711,0.51822,0.0,0.0,1.0,0.010165,0.031911,0.0,1.000381,1.093528,0.000785,530.067871,0.245419,0.363702,0.449562,32,11,12,13,14,-1
case_03_NbS2_peak_heads_seed9721,NbS2,peak,9721,5,0.353172,0.016438,0.523281,0.0,0.353172,0.016438,0.523281,0.0,-0.0,1.0,0.002368,-0.009434,0.0,0.995577,1.063829,0.000547,447.398956,0.272223,0.364688,0.471244,32,7,7,7,8,-1
case_03_NbS2_peak_heads_seed9721,NbS2,peak,9721,6,0.353513,0.012245,0.498504,0.2374,0.353513,0.012245,0.498504,0.2374,0.0,1.0,0.007721,0.027761,0.0,0.999172,1.085821,0.000508,387.269928,0.275349,0.334377,0.462918,32,6,6,6,7,-1
case_03_NbS2_peak_heads_seed9721,NbS2,peak,9721,7,0.346927,0.010095,0.478633,0.246875,0.346927,0.010095,0.478633,0.246875,-0.0,1.0,0.010641,0.023847,0.0,1.004202,1.067732,0.000358,680.243591,0.275765,0.347981,0.42037,32,7,10,11,12,-1
case_03_NbS2_peak_heads_seed9721,NbS2,peak,9721,8,0.351718,0.012512,0.539858,0.249222,0.351718,0.012512,0.539858,0.249222,0.0,1.0,0.013953,-0.055602,0.0,1.000448,1.070207,0.000435,514.867798,0.265567,0.350682,0.441164,32,7,8,8,8,-1
case_03_NbS2_peak_heads_seed9721,NbS2,peak,9721,9,0.372062,0.011457,0.509126,0.28034,0.372062,0.011457,0.509126,0.28034,-0.0,1.0,0.001034,0.071998,0.0,0.997417,1.036161,0.000162,541.575745,0.288344,0.358102,0.463032,32,9,11,10,12,-1
case_03_NbS2_peak_heads_seed9721,NbS2,peak,9721,10,0.351357,0.011743,0.485996,0.25358,0.351357,0.011743,0.485996,0.25358,-0.0,1.0,0.011294,0.007467,0.0,1.001513,1.050954,0.000321,722.99408,0.275952,0.339794,0.441817,32,6,8,7,9,-1
case_03_NbS2_peak_heads_seed9721,NbS2,peak,9721,11,0.372183,0.010242,0.51107,0.26994,0.372183,0.010242,0.51107,0.26994,0.0,1.0,0.009237,-0.048545,0.0,0.991119,1.071829,0.000809,229.839203,0.299239,0.373384,0.449192,32,8,10,9,10,-1
case_03_NbS2_peak_heads_seed9721,NbS2,peak,9721,12,0.33834,0.00963,0.47651,0.244626,0.33834,0.00963,0.47651,0.244626,-0.0,1.0,0.005656,-0.031845,0.0,0.996989,1.078551,0.000508,666.649414,0.273611,0.327986,0.416074,32,6,7,7,7,-1
case_03_NbS2_peak_heads_seed9721,NbS2,peak,9721,13,0.356005,0.012339,0.504481,0.244277,0.356005,0.012339,0.504481,0.244277,0.0,1.0,-0.003609,0.080901,0.0,0.996843,1.067023,0.000281,400.45105,0.280724,0.347895,0.448613,32,8,10,10,10,-1
case_03_NbS2_peak_heads_seed9721,NbS2,peak,9721,14,0.364173,0.012321,0.568486,0.252141,0.364173,0.012321,0.568486,0.252141,0.0,1.0,0.018013,-0.112924,0.0,0.997606,1.072696,0.000353,661.722473,0.261874,0.368248,0.443203,32,6,10,10,11,-1
case_03_NbS2_peak_heads_seed9721,NbS2,peak,9721,15,0.36939,0.009506,0.457426,0.279428,0.36939,0.009506,0.457426,0.279428,0.0,1.0,0.005095,0.031748,0.0,0.999276,1.072115,0.000515,561.286865,0.311895,0.363977,0.451841,32,8,10,9,11,-1
case_03_NbS2_peak_heads_seed9721,NbS2,peak,9721,16,0.352242,0.009871,0.479127,0.26117,0.352242,0.009871,0.479127,0.26117,0.0,1.0,0.00866,-0.022881,0.0,0.993209,1.108433,0.000853,488.500366,0.284949,0.346425,0.443413,32,7,11,10,12,-1
case_03_NbS2_peak_heads_seed9721,NbS2,peak,9721,17,0.367498,0.010399,0.534154,0.271272,0.367498,0.010399,0.534154,0.271272,0.0,1.0,-0.013452,0.150107,0.0,1.003996,1.079436,0.000562,474.014374,0.304578,0.362324,0.457511,32,6,7,7,8,-1
case_03_NbS2_peak_heads_seed9721,NbS2,peak,9721,18,0.362946,0.00953,0.481123,0.247583,0.362946,0.00953,0.481123,0.247583,0.0,1.0,-0.001668,0.082105,0.0,1.003601,1.072013,0.000465,490.309204,0.294107,0.360688,0.428118,32,6,9,6,9,-1
case_03_NbS2_peak_heads_seed9721,NbS2,peak,9721,19,0.357226,0.009772,0.498498,0.279377,0.357226,0.009772,0.498498,0.279377,-0.0,1.0,0.005522,-0.026761,0.0,0.992808,1.062207,0.000358,607.635681,0.299289,0.344095,0.446457,32,6,8,9,10,-1
case_03_NbS2_peak_heads_seed9721,NbS2,peak,9721,20,0.364156,0.009084,0.485916,0.27886,0.364156,0.009084,0.485916,0.27886,-0.0,1.0,-0.002806,0.092022,0.0,0.991991,1.050669,0.000358,496.122192,0.303142,0.36148,0.438668,32,7,9,10,11,-1
case_03_NbS2_peak_heads_seed9721,NbS2,peak,9721,21,0.3769,0.010883,0.523488,0.270051,0.3769,0.010883,0.523488,0.270051,0.0,1.0,-0.008695,0.158734,0.0,0.997846,1.054745,0.000383,441.676971,0.301549,0.372649,0.466914,32,10,12,12,12,-1
case_03_NbS2_peak_heads_seed9721,NbS2,peak,9721,22,0.37974,0.010468,0.494672,0.25569,0.37974,0.010468,0.494672,0.25569,0.0,1.0,0.006055,0.087853,0.0,0.988455,1.026442,0.000562,742.444519,0.304349,0.37694,0.454411,32,7,8,10,10,-1
case_03_NbS2_peak_heads_seed9721,NbS2,peak,9721,23,0.351601,0.020609,0.554952,0.0,0.351601,0.020609,0.554952,0.0,0.0,1.0,-0.024879,0.188473,0.0,1.002423,1.056456,0.000412,806.595703,0.270111,0.359234,0.506258,32,7,11,10,12,-1
case_03_NbS2_peak_heads_seed9721,NbS2,peak,9721,24,0.356833,0.009407,0.456763,0.240884,0.356833,0.009407,0.456763,0.240884,0.0,1.0,-0.016019,0.179798,0.0,0.999324,1.012521,3.6e-05,649.816956,0.289419,0.354748,0.443859,32,7,8,8,9,-1
case_03_NbS2_peak_heads_seed9721,NbS2,peak,9721,25,0.350508,0.014908,0.495251,0.0,0.350508,0.014908,0.495251,0.0,-0.0,1.0,-0.005485,0.085505,0.0,0.999692,1.035047,6.5e-05,756.347229,0.279257,0.358612,0.443581,32,6,6,5,6,-1
case_03_NbS2_peak_penalized_heads_seed9721,NbS2,peak_penalized,9721,1,0.286996,0.01614,0.467898,0.0,0.286996,0.01614,0.467898,0.0,-0.0,1.0,0.036901,-0.00587,0.03125,0.997096,1.242826,0.002966,750.565857,0.214578,0.280029,0.377146,32,8,10,7,10,-1
case_03_NbS2_peak_penalized_heads_seed9721,NbS2,peak_penalized,9721,2,0.287772,0.015932,0.427539,0.0,0.287772,0.015932,0.427539,0.0,-0.0,1.0,0.005563,0.036041,0.0,1.013286,1.160029,0.001386,655.709595,0.189339,0.284601,0.398053,32,8,11,8,11,-1
case_03_NbS2_peak_penalized_heads_seed9721,NbS2,peak_penalized,9721,3,0.261866,0.011068,0.399926,0.140052,0.261866,0.011068,0.399926,0.140052,-0.0,1.0,0.005521,0.004104,0.0,0.995881,1.075675,0.000537,350.358459,0.197573,0.25274,0.353334,32,5,5,7,7,-1
case_03_NbS2_peak_penalized_heads_seed9721,NbS2,peak_penalized,9721,4,0.271311,0.017835,0.473728,0.0,0.271311,0.017835,0.473728,0.0,-0.0,1.0,4.3e-05,0.036183,0.0,1.006425,1.094195,0.000366,343.829254,0.155834,0.277796,0.379179,32,11,12,13,14,-1
case_03_NbS2_peak_penalized_heads_seed9721,NbS2,peak_penalized,9721,5,0.282579,0.016561,0.462952,0.0,0.282579,0.016561,0.462952,0.0,0.0,1.0,0.000907,0.017871,0.0,1.001142,1.063123,0.00029,336.010712,0.199842,0.277766,0.394748,32,7,7,7,8,-1
case_03_NbS2_peak_penalized_heads_seed9721,NbS2,peak_penalized,9721,6,0.273706,0.014532,0.46244,0.138156,0.273706,0.014532,0.46244,0.138156,0.0,1.0,-0.000298,0.056703,0.0,1.000396,1.036976,0.000239,465.179565,0.191653,0.264152,0.400023,32,6,6,6,7,-1
case_03_NbS2_peak_penalized_heads_seed9721,NbS2,peak_penalized,9721,7,0.276982,0.010418,0.391184,0.144715,0.276982,0.010418,0.391184,0.144715,-0.0,1.0,0.000687,0.043474,0.0,1.006074,1.05032,0.000155,587.043396,0.216508,0.269204,0.370653,32,7,10,11,12,-1
case_03_NbS2_peak_penalized_heads_seed9721,NbS2,peak_penalized,9721,8,0.265256,0.014086,0.485922,0.14123,0.265256,0.014086,0.485922,0.14123,-0.0,1.0,0.007185,-0.016743,0.0,0.99305,1.049295,0.000347,496.064728,0.186386,0.236822,0.379555,32,7,8,8,8,-1
case_03_NbS2_peak_penalized_heads_seed9721,NbS2,peak_penalized,9721,9,0.297305,0.014225,0.45123,0.15097,0.297305,0.014225,0.45123,0.15097,-0.0,1.0,0.002301,0.041062,0.0,1.000625,1.073073,0.000245,501.362701,0.200184,0.292175,0.398909,32,9,11,10,12,-1
case_03_NbS2_peak_penalized_heads_seed9721,NbS2,peak_penalized,9721,10,0.274308,0.01204,0.415692,0.175623,0.274308,0.01204,0.415692,0.175623,-0.0,1.0,0.005253,0.001186,0.0,1.007443,1.08855,0.000347,529.228577,0.191242,0.250914,0.361179,32,6,9,8,10,-1
case_03_NbS2_peak_penalized_heads_seed9721,NbS2,peak_penalized,9721,11,0.307359,0.011067,0.429301,0.206823,0.307359,0.011067,0.429301,0.206823,0.0,1.0,0.011978,-0.052667,0.0,0.992249,1.060793,0.000534,521.045593,0.221509,0.306005,0.399686,32,8,10,9,10,-1
case_03_NbS2_peak_penalized_heads_seed9721,NbS2,peak_penalized,9721,12,0.280245,0.013741,0.472764,0.136074,0.280245,0.013741,0.472764,0.136074,-0.0,1.0,0.004826,0.000506,0.0,0.997445,1.060547,0.000385,570.875,0.212975,0.266805,0.397958,32,6,7,7,7,-1
case_03_NbS2_peak_penalized_heads_seed9721,NbS2,peak_penalized,9721,13,0.284722,0.01304,0.47127,0.143042,0.284722,0.01304,0.47127,0.143042,0.0,1.0,-0.004315,0.1047,0.0,0.994445,1.057807,0.000268,704.242371,0.20863,0.266843,0.371972,32,8,10,11,11,-1
case_03_NbS2_peak_penalized_heads_seed9721,NbS2,peak_penalized,9721,14,0.278859,0.013065,0.420239,0.144486,0.278859,0.013065,0.420239,0.144486,-0.0,1.0,0.013972,-0.123604,0.0,1.001145,1.039899,0.000105,657.710876,0.186585,0.273602,0.382244,32,6,10,10,11,-1
case_03_NbS2_peak_penalized_heads_seed9721,NbS2,peak_penalized,9721,15,0.291788,0.013346,0.452879,0.146994,0.291788,0.013346,0.452879,0.146994,-0.0,1.0,0.005858,0.016189,0.0,0.999542,1.053804,0.000291,466.575134,0.211782,0.269722,0.393433,32,8,10,9,11,-1
case_03_NbS2_peak_penalized_heads_seed9721,NbS2,peak_penalized,9721,16,0.279123,0.012397,0.400939,0.137724,0.279123,0.012397,0.400939,0.137724,0.0,1.0,0.011615,-0.023489,0.0,0.989343,1.072397,0.000794,452.769867,0.194157,0.264178,0.36918,32,7,11,10,12,-1
case_03_NbS2_peak_penalized_heads_seed9721,NbS2,peak_penalized,9721,17,0.289791,0.011383,0.450369,0.146463,0.289791,0.011383,0.450369,0.146463,-0.0,1.0,-0.019467,0.177013,0.0,1.006487,1.070791,0.000399,693.930786,0.230944,0.272713,0.378942,32,6,7,7,8,-1
case_03_NbS2_peak_penalized_heads_seed9721,NbS2,peak_penalized,9721,18,0.282542,0.014207,0.442358,0.136917,0.282542,0.014207,0.442358,0.136917,-0.0,1.0,-0.006213,0.139559,0.0,1.001757,1.065445,0.00033,621.905334,0.162591,0.279208,0.389343,32,6,9,6,9,-1
case_03_NbS2_peak_penalized_heads_seed9721,NbS2,peak_penalized,9721,19,0.275963,0.0136,0.463535,0.145691,0.275963,0.0136,0.463535,0.145691,0.0,1.0,0.009406,-0.018374,0.0,0.989104,1.047196,0.000511,565.584412,0.184663,0.268359,0.376956,32,6,8,9,10,-1
case_03_NbS2_peak_penalized_heads_seed9721,NbS2,peak_penalized,9721,20,0.282886,0.009939,0.413314,0.148194,0.282886,0.009939,0.413314,0.148194,-0.0,1.0,-0.011219,0.128796,0.0,0.996566,1.041249,0.000169,634.324707,0.221983,0.290626,0.344696,32,7,9,10,11,-1
case_03_NbS2_peak_penalized_heads_seed9721,NbS2,peak_penalized,9721,21,0.288098,0.012799,0.423983,0.164904,0.288098,0.012799,0.423983,0.164904,0.0,1.0,-0.002219,0.113977,0.0,1.002021,1.077965,0.000412,458.433685,0.189528,0.296218,0.375473,32,10,12,12,12,-1
case_03_NbS2_peak_penalized_heads_seed9721,NbS2,peak_penalized,9721,22,0.285393,0.012285,0.443965,0.178434,0.285393,0.012285,0.443965,0.178434,-0.0,1.0,-0.0006,0.145819,0.0,0.990371,1.038232,0.000402,664.194824,0.21361,0.261083,0.370933,32,7,8,10,10,-1
case_03_NbS2_peak_penalized_heads_seed9721,NbS2,peak_penalized,9721,23,0.289239,0.01972,0.534534,0.0,0.289239,0.01972,0.534534,0.0,0.0,1.0,-0.026332,0.22592,0.0,1.004066,1.046744,0.000295,706.995544,0.205032,0.283064,0.431844,32,7,10,9,11,-1
case_03_NbS2_peak_penalized_heads_seed9721,NbS2,peak_penalized,9721,24,0.273338,0.012242,0.424627,0.146332,0.273338,0.012242,0.424627,0.146332,-0.0,1.0,-0.008697,0.105834,0.0,0.999851,1.044908,0.000132,471.946899,0.187059,0.26622,0.36087,32,7,8,8,9,-1
case_03_NbS2_peak_penalized_heads_seed9721,NbS2,peak_penalized,9721,25,0.258488,0.013692,0.384169,0.0,0.258488,0.013692,0.384169,0.0,-0.0,1.0,-0.013141,0.12859,0.0,0.999515,1.036898,0.000101,834.436829,0.176033,0.256158,0.359413,32,6,6,5,6,-1
case_03_NbS2_peak_heads_seed9722,NbS2,peak,9722,1,0.350234,0.011159,0.460093,0.237664,0.350234,0.011159,0.460093,0.237664,0.0,1.0,0.035302,0.002419,0.03125,1.005438,1.253076,0.003019,513.185974,0.272803,0.345422,0.436739,32,5,5,5,5,-1
case_03_NbS2_peak_heads_seed9722,NbS2,peak,9722,2,0.358795,0.010442,0.495361,0.240995,0.358795,0.010442,0.495361,0.240995,-0.0,1.0,0.013287,0.000895,0.0,0.998438,1.101995,0.001516,319.147583,0.285012,0.356894,0.439963,32,7,8,8,8,-1
case_03_NbS2_peak_heads_seed9722,NbS2,peak,9722,3,0.34471,0.011483,0.52923,0.185364,0.34471,0.011483,0.52923,0.185364,0.0,1.0,0.009306,0.016085,0.0,0.997248,1.102811,0.000923,668.641418,0.277744,0.342135,0.413147,32,6,7,9,9,-1
case_03_NbS2_peak_heads_seed9722,NbS2,peak,9722,4,0.373078,0.010926,0.499069,0.253544,0.373078,0.010926,0.499069,0.253544,-0.0,1.0,-0.003517,0.128892,0.0,1.011774,1.082696,0.000593,651.167419,0.290734,0.376966,0.441329,32,8,14,11,14,-1
case_03_NbS2_peak_heads_seed9722,NbS2,peak,9722,5,0.368344,0.017547,0.56468,0.0,0.368344,0.017547,0.56468,0.0,0.0,1.0,0.003306,0.042108,0.0,0.996901,1.053121,0.000434,605.891296,0.274827,0.375899,0.476157,32,7,11,9,12,-1
case_03_NbS2_peak_heads_seed9722,NbS2,peak,9722,6,0.358178,0.012362,0.547323,0.268955,0.358178,0.012362,0.547323,0.268955,-0.0,1.0,-0.003517,0.077196,0.0,0.99901,1.055836,0.000236,358.689972,0.281689,0.331417,0.44467,32,6,10,9,10,-1
case_03_NbS2_peak_heads_seed9722,NbS2,peak,9722,7,0.369273,0.008299,0.483506,0.269116,0.369273,0.008299,0.483506,0.269116,-0.0,1.0,-0.003166,0.069014,0.0,0.994242,1.029479,0.000219,500.913208,0.31504,0.371013,0.441654,32,8,9,8,10,-1
case_03_NbS2_peak_heads_seed9722,NbS2,peak,9722,8,0.375851,0.01282,0.525472,0.276695,0.375851,0.01282,0.525472,0.276695,0.0,1.0,0.0023,0.037105,0.0,1.002563,1.089996,0.000336,692.747986,0.289046,0.357064,0.467134,32,10,10,10,12,-1
case_03_NbS2_peak_heads_seed9722,NbS2,peak,9722,9,0.374086,0.011338,0.508538,0.252264,0.374086,0.011338,0.508538,0.252264,-0.0,1.0,0.01129,0.020386,0.0,0.992779,1.062085,0.000773,517.111389,0.288762,0.374035,0.445998,32,10,12,11,13,-1
case_03_NbS2_peak_heads_seed9722,NbS2,peak,9722,10,0.349619,0.014516,0.460958,0.0,0.349619,0.014516,0.460958,0.0,0.0,1.0,0.008062,-0.007656,0.0,0.999926,1.093778,0.000682,451.434967,0.288643,0.34449,0.434417,32,8,9,9,11,-1
case_03_NbS2_peak_heads_seed9722,NbS2,peak,9722,11,0.356726,0.015398,0.496093,0.0,0.356726,0.015398,0.496093,0.0,0.0,1.0,0.003582,0.011471,0.0,1.000962,1.067137,0.000306,650.111694,0.284384,0.369188,0.442005,32,9,12,11,13,-1
case_03_NbS2_peak_heads_seed9722,NbS2,peak,9722,12,0.369347,0.010051,0.488224,0.273784,0.369347,0.010051,0.488224,0.273784,0.0,1.0,0.011845,-0.040547,0.0,0.994619,1.06198,0.000464,811.595337,0.302984,0.370727,0.43671,32,8,8,8,8,-1
case_03_NbS2_peak_heads_seed9722,NbS2,peak,9722,13,0.326805,0.013517,0.435738,0.0,0.326805,0.013517,0.435738,0.0,-0.0,1.0,0.003237,0.012069,0.0,0.999283,1.034013,0.000232,530.90155,0.26407,0.326328,0.395722,32,7,9,7,9,-1
case_03_NbS2_peak_heads_seed9722,NbS2,peak,9722,14,0.385485,0.010021,0.503849,0.304104,0.385485,0.010021,0.503849,0.304104,0.0,1.0,0.005539,0.011687,0.0,0.995102,1.040466,0.000301,474.267731,0.318339,0.367668,0.465871,32,8,11,11,12,-1
case_03_NbS2_peak_heads_seed9722,NbS2,peak,9722,15,0.377481,0.008669,0.486071,0.273269,0.377481,0.008669,0.486071,0.273269,-0.0,1.0,0.005266,-0.004049,0.0,1.005558,1.044772,0.000299,688.943359,0.31627,0.378731,0.443593,32,8,9,10,10,-1
case_03_NbS2_peak_heads_seed9722,NbS2,peak,9722,16,0.347079,0.010414,0.49184,0.267426,0.347079,0.010414,0.49184,0.267426,0.0,1.0,0.008964,-0.043269,0.0,0.994771,1.050497,0.000194,253.317322,0.282553,0.329207,0.440297,32,5,6,9,9,-1
case_03_NbS2_peak_heads_seed9722,NbS2,peak,9722,17,0.354133,0.012121,0.511974,0.243486,0.354133,0.012121,0.511974,0.243486,0.0,1.0,-0.004446,0.111601,0.0,0.993682,1.061615,0.000739,632.621399,0.273904,0.343187,0.450532,32,7,9,8,10,-1
case_03_NbS2_peak_heads_seed9722,NbS2,peak,9722,18,0.360315,0.012211,0.51946,0.247766,0.360315,0.012211,0.51946,0.247766,0.0,1.0,-0.007621,0.056041,0.0,0.999936,1.039804,0.000176,701.862427,0.282039,0.344258,0.427209,32,8,8,8,9,-1
case_03_NbS2_peak_heads_seed9722,NbS2,peak,9722,19,0.335804,0.01584,0.523483,0.0,0.335804,0.01584,0.523483,0.0,0.0,1.0,-9.8e-05,0.065506,0.0,0.991328,1.015469,0.00016,475.55954,0.27026,0.330372,0.437909,32,5,6,7,7,-1
case_03_NbS2_peak_heads_seed9722,NbS2,peak,9722,20,0.357834,0.008945,0.524911,0.272278,0.357834,0.008945,0.524911,0.272278,-0.0,1.0,0.001938,0.065462,0.0,0.996356,1.066299,0.000561,837.864746,0.301102,0.350504,0.403682,32,7,9,7,9,-1
case_03_NbS2_peak_heads_seed9722,NbS2,peak,9722,21,0.346171,0.009954,0.449145,0.245584,0.346171,0.009954,0.449145,0.245584,0.0,1.0,-0.001662,0.041409,0.0,0.996856,1.050176,0.000303,499.261902,0.27425,0.341628,0.439795,32,6,7,8,8,-1
case_03_NbS2_peak_heads_seed9722,NbS2,peak,9722,22,0.331013,0.014121,0.430085,0.0,0.331013,0.014121,0.430085,0.0,-0.0,1.0,0.001335,0.029252,0.0,0.998368,1.031995,0.000154,668.238464,0.252177,0.338322,0.404342,32,5,7,7,8,-1
case_03_NbS2_peak_heads_seed9722,NbS2,peak,9722,23,0.336275,0.011408,0.546059,0.247386,0.336275,0.011408,0.546059,0.247386,0.0,1.0,-0.006177,0.111988,0.0,0.999231,1.060943,0.000312,585.306335,0.272574,0.322745,0.436322,32,8,10,9,10,-1
case_03_NbS2_peak_heads_seed9722,NbS2,peak,9722,24,0.359204,0.01168,0.499369,0.264073,0.359204,0.01168,0.499369,0.264073,0.0,1.0,0.00154,0.036522,0.0,0.998893,1.035691,0.000239,579.829163,0.276927,0.35495,0.446265,32,8,10,7,11,-1
case_03_NbS2_peak_heads_seed9722,NbS2,peak,9722,25,0.36898,0.011551,0.544794,0.239858,0.36898,0.011551,0.544794,0.239858,0.0,1.0,0.00999,-0.055361,0.0,0.999882,1.055143,0.000386,475.375183,0.278832,0.369003,0.43834,32,6,9,7,10,-1
case_03_NbS2_peak_penalized_heads_seed9722,NbS2,peak_penalized,9722,1,0.276161,0.010808,0.416304,0.133532,0.276161,0.010808,0.416304,0.133532,0.0,1.0,0.036035,-0.018523,0.0,0.984485,1.159056,0.003007,684.604309,0.218721,0.2731,0.351504,32,5,5,5,5,-1
case_03_NbS2_peak_penalized_heads_seed9722,NbS2,peak_penalized,9722,2,0.255286,0.011409,0.402393,0.139985,0.255286,0.011409,0.402393,0.139985,-0.0,1.0,0.018143,0.012815,0.0,1.00657,1.122453,0.002194,420.391541,0.16119,0.243257,0.346891,32,7,8,8,8,-1
case_03_NbS2_peak_penalized_heads_seed9722,NbS2,peak_penalized,9722,3,0.271374,0.011759,0.397723,0.146923,0.271374,0.011759,0.397723,0.146923,-0.0,1.0,-0.00121,0.043078,0.0,1.005696,1.092644,0.000817,502.855713,0.18843,0.271757,0.354376,32,6,7,9,9,-1
case_03_NbS2_peak_penalized_heads_seed9722,NbS2,peak_penalized,9722,4,0.296034,0.01355,0.45756,0.154334,0.296034,0.01355,0.45756,0.154334,-0.0,1.0,0.010471,0.009213,0.0,0.993064,1.05744,0.000682,475.688812,0.206255,0.274364,0.399283,32,8,14,11,14,-1
case_03_NbS2_peak_penalized_heads_seed9722,NbS2,peak_penalized,9722,5,0.305922,0.01969,0.547714,0.0,0.305922,0.01969,0.547714,0.0,0.0,1.0,0.006665,0.012746,0.0,0.995736,1.048087,0.000393,621.879456,0.204867,0.310063,0.450189,32,7,11,9,12,-1
case_03_NbS2_peak_penalized_heads_seed9722,NbS2,peak_penalized,9722,6,0.287224,0.014304,0.44837,0.126454,0.287224,0.014304,0.44837,0.126454,0.0,1.0,-0.003914,0.055545,0.0,0.998928,1.029039,0.000229,304.434906,0.188738,0.280381,0.390564,32,6,10,9,10,-1
case_03_NbS2_peak_penalized_heads_seed9722,NbS2,peak_penalized,9722,7,0.290253,0.01025,0.430062,0.205231,0.290253,0.01025,0.430062,0.205231,0.0,1.0,0.004322,-0.005702,0.0,0.996436,1.021988,0.000163,627.185181,0.212147,0.288745,0.363187,32,8,9,8,10,-1
case_03_NbS2_peak_penalized_heads_seed9722,NbS2,peak_penalized,9722,8,0.281477,0.012457,0.438014,0.129283,0.281477,0.012457,0.438014,0.129283,0.0,1.0,0.012315,-0.038912,0.0,1.000406,1.076369,0.0003,546.303833,0.191656,0.286384,0.367382,32,10,9,9,11,-1
case_03_NbS2_peak_penalized_heads_seed9722,NbS2,peak_penalized,9722,9,0.30253,0.012579,0.467186,0.204795,0.30253,0.012579,0.467186,0.204795,-0.0,1.0,0.015323,0.018901,0.0,0.984978,1.063119,0.000695,724.975098,0.215553,0.299052,0.391855,32,10,12,11,13,-1
case_03_NbS2_peak_penalized_heads_seed9722,NbS2,peak_penalized,9722,10,0.287158,0.013815,0.414281,0.0,0.287158,0.013815,0.414281,0.0,0.0,1.0,0.001534,0.118219,0.0,0.997306,1.101071,0.000817,682.408813,0.218751,0.284888,0.388145,32,8,9,9,11,-1
case_03_NbS2_peak_penalized_heads_seed9722,NbS2,peak_penalized,9722,11,0.293202,0.014803,0.455454,0.0,0.293202,0.014803,0.455454,0.0,-0.0,1.0,0.015319,-0.009651,0.0,0.998843,1.10055,0.00082,549.376526,0.211657,0.29355,0.387511,32,9,12,11,13,-1
case_03_NbS2_peak_penalized_heads_seed9722,NbS2,peak_penalized,9722,12,0.276019,0.010744,0.436592,0.146708,0.276019,0.010744,0.436592,0.146708,-0.0,1.0,0.00341,0.09129,0.0,0.988267,1.084323,0.001454,659.370117,0.209912,0.264709,0.351864,32,8,8,8,8,-1
case_03_NbS2_peak_penalized_heads_seed9722,NbS2,peak_penalized,9722,13,0.269748,0.012911,0.38851,0.0,0.269748,0.012911,0.38851,0.0,0.0,1.0,-0.005122,0.142201,0.0,0.999731,1.046273,0.000613,540.21875,0.210861,0.265833,0.362029,32,7,9,7,9,-1
case_03_NbS2_peak_penalized_heads_seed9722,NbS2,peak_penalized,9722,14,0.292251,0.009962,0.449435,0.18941,0.292251,0.009962,0.449435,0.18941,-0.0,1.0,0.002561,0.105356,0.0,0.991121,1.063411,0.000557,693.127991,0.219028,0.301301,0.337602,32,8,11,11,12,-1
case_03_NbS2_peak_penalized_heads_seed9722,NbS2,peak_penalized,9722,15,0.294345,0.012258,0.466857,0.146863,0.294345,0.012258,0.466857,0.146863,0.0,1.0,4.7e-05,0.051204,0.0,1.005282,1.109753,0.000669,596.396362,0.216234,0.277129,0.398089,32,8,9,10,10,-1
case_03_NbS2_peak_penalized_heads_seed9722,NbS2,peak_penalized,9722,16,0.273502,0.01319,0.449545,0.153784,0.273502,0.01319,0.449545,0.153784,-0.0,1.0,0.007937,-0.008483,0.0,0.997346,1.089239,0.000418,317.039551,0.198668,0.259899,0.371701,32,5,6,9,9,-1
case_03_NbS2_peak_penalized_heads_seed9722,NbS2,peak_penalized,9722,17,0.288828,0.013869,0.478031,0.139133,0.288828,0.013869,0.478031,0.139133,-0.0,1.0,-0.022902,0.272789,0.0,1.00114,1.060822,0.000236,583.327393,0.211403,0.27212,0.400586,32,7,9,8,10,-1
case_03_NbS2_peak_penalized_heads_seed9722,NbS2,peak_penalized,9722,18,0.271926,0.010205,0.400739,0.16352,0.271926,0.010205,0.400739,0.16352,-0.0,1.0,-0.010672,0.072008,0.0,1.001659,1.018728,4.2e-05,728.526306,0.218889,0.28038,0.363455,32,8,8,8,9,-1
case_03_NbS2_peak_penalized_heads_seed9722,NbS2,peak_penalized,9722,19,0.27748,0.014872,0.477566,0.0,0.27748,0.014872,0.477566,0.0,-0.0,1.0,-0.013481,0.250165,0.0,0.989914,1.038535,0.00036,488.948639,0.195768,0.273547,0.36963,32,5,6,7,7,-1
case_03_NbS2_peak_penalized_heads_seed9722,NbS2,peak_penalized,9722,20,0.265014,0.011218,0.410266,0.132007,0.265014,0.011218,0.410266,0.132007,-0.0,1.0,-0.0106,0.121294,0.0,0.996266,1.067781,0.000595,316.790253,0.198378,0.256588,0.368221,32,7,9,7,9,-1
case_03_NbS2_peak_penalized_heads_seed9722,NbS2,peak_penalized,9722,21,0.279198,0.011839,0.435824,0.178549,0.279198,0.011839,0.435824,0.178549,-0.0,1.0,-0.007906,0.133196,0.0,1.001188,1.058643,0.000361,489.379639,0.205525,0.257183,0.370329,32,6,7,8,8,-1
case_03_NbS2_peak_penalized_heads_seed9722,NbS2,peak_penalized,9722,22,0.250889,0.01279,0.379498,0.0,0.250889,0.01279,0.379498,0.0,0.0,1.0,-0.008706,0.193995,0.0,1.001651,1.061395,0.000302,634.59729,0.167363,0.258036,0.32949,32,5,7,7,8,-1
case_03_NbS2_peak_penalized_heads_seed9722,NbS2,peak_penalized,9722,23,0.267347,0.016536,0.520531,0.124926,0.267347,0.016536,0.520531,0.124926,-0.0,1.0,-0.016583,0.218973,0.0,1.002209,1.056714,0.0003,754.057861,0.169427,0.239085,0.382249,32,8,9,8,9,-1
case_03_NbS2_peak_penalized_heads_seed9722,NbS2,peak_penalized,9722,24,0.287736,0.015238,0.462824,0.133836,0.287736,0.015238,0.462824,0.133836,-0.0,1.0,0.003949,0.074733,0.0,0.99116,1.032003,0.000656,538.404358,0.189882,0.267624,0.407392,32,8,10,7,11,-1
case_03_NbS2_peak_penalized_heads_seed9722,NbS2,peak_penalized,9722,25,0.289233,0.011451,0.529448,0.139383,0.289233,0.011451,0.529448,0.139383,0.0,1.0,0.013802,-0.090341,0.0,0.993304,1.087761,0.001185,379.069672,0.231646,0.280064,0.345444,32,6,9,7,10,-1
case_03_NbS2_peak_heads_seed9723,NbS2,peak,9723,1,0.36007,0.015327,0.475782,0.0,0.36007,0.015327,0.475782,0.0,-0.0,1.0,0.023633,-0.02591,0.0,0.976932,1.090653,0.002842,416.713013,0.297032,0.372327,0.443521,32,11,12,11,13,-1
case_03_NbS2_peak_heads_seed9723,NbS2,peak,9723,2,0.360502,0.018101,0.515475,0.0,0.360502,0.018101,0.515475,0.0,0.0,1.0,0.000258,0.001729,0.0,0.999387,1.041996,0.000146,320.810181,0.254567,0.363419,0.469167,32,7,9,9,10,-1
case_03_NbS2_peak_heads_seed9723,NbS2,peak,9723,3,0.366543,0.01264,0.528148,0.247539,0.366543,0.01264,0.528148,0.247539,0.0,1.0,0.010365,-0.014288,0.0,0.988488,1.035888,0.000292,762.364197,0.283821,0.359057,0.46173,32,10,12,10,12,-1
case_03_NbS2_peak_heads_seed9723,NbS2,peak,9723,4,0.353243,0.009423,0.473057,0.271604,0.353243,0.009423,0.473057,0.271604,-0.0,1.0,0.015074,-0.031086,0.0,0.992757,1.088658,0.000987,573.060181,0.283308,0.350684,0.423877,32,5,7,7,9,-1
case_03_NbS2_peak_heads_seed9723,NbS2,peak,9723,5,0.350463,0.01503,0.470412,0.0,0.350463,0.01503,0.470412,0.0,0.0,1.0,0.011709,-0.012172,0.0,0.999216,1.104175,0.001047,689.247986,0.282047,0.36372,0.4417,32,7,9,9,10,-1
case_03_NbS2_peak_heads_seed9723,NbS2,peak,9723,6,0.350683,0.010973,0.451511,0.171221,0.350683,0.010973,0.451511,0.171221,-0.0,1.0,-0.00093,0.083878,0.0,1.004858,1.13617,0.000654,362.543091,0.281668,0.352079,0.444297,32,5,6,6,7,-1
case_03_NbS2_peak_heads_seed9723,NbS2,peak,9723,7,0.365519,0.011699,0.521703,0.257686,0.365519,0.011699,0.521703,0.257686,0.0,1.0,0.009369,0.058402,0.0,1.003254,1.070268,0.000629,541.692566,0.276814,0.360951,0.459214,32,8,9,8,10,-1
case_03_NbS2_peak_heads_seed9723,NbS2,peak,9723,8,0.347607,0.012088,0.551411,0.259406,0.347607,0.012088,0.551411,0.259406,0.0,1.0,-0.011195,0.116507,0.0,1.011332,1.063772,0.000396,480.052551,0.272994,0.340456,0.428689,32,8,10,11,12,-1
case_03_NbS2_peak_heads_seed9723,NbS2,peak,9723,9,0.349449,0.009412,0.471401,0.257414,0.349449,0.009412,0.471401,0.257414,1e-06,1.0,-0.005177,0.101315,0.0,1.001145,1.031751,0.000105,491.129639,0.26928,0.355677,0.40701,32,6,7,7,7,-1
case_03_NbS2_peak_heads_seed9723,NbS2,peak,9723,10,0.352568,0.017214,0.587793,0.0,0.352568,0.017214,0.587793,0.0,-0.0,1.0,0.00883,-0.047577,0.0,1.001514,1.04469,0.000191,921.466919,0.282387,0.34396,0.447213,32,8,11,9,12,-1
case_03_NbS2_peak_heads_seed9723,NbS2,peak,9723,11,0.352757,0.009697,0.442416,0.24966,0.352757,0.009697,0.442416,0.24966,0.0,1.0,-0.005164,0.114965,0.0,1.004124,1.066535,0.00037,391.314301,0.291168,0.349892,0.424802,32,6,8,8,9,-1
case_03_NbS2_peak_heads_seed9723,NbS2,peak,9723,12,0.345877,0.015846,0.490626,0.0,0.345877,0.015846,0.490626,0.0,0.0,1.0,-0.000573,0.122418,0.0,1.004063,1.087687,0.000432,601.157288,0.279421,0.343292,0.446951,32,6,7,6,7,-1
case_03_NbS2_peak_heads_seed9723,NbS2,peak,9723,13,0.364438,0.008099,0.480128,0.284251,0.364438,0.008099,0.480128,0.284251,-1e-06,1.0,0.002094,0.105432,0.0,1.00242,1.075691,0.000512,578.009949,0.306484,0.367683,0.410348,32,7,7,5,8,-1
case_03_NbS2_peak_heads_seed9723,NbS2,peak,9723,14,0.375229,0.00935,0.501012,0.279441,0.375229,0.00935,0.501012,0.279441,-0.0,1.0,0.0035,0.097992,0.0,0.986151,1.076895,0.000659,880.535522,0.317668,0.370726,0.426746,32,8,10,10,10,-1
case_03_NbS2_peak_heads_seed9723,NbS2,peak,9723,15,0.373468,0.01165,0.523974,0.250043,0.373468,0.01165,0.523974,0.250043,-0.0,1.0,-0.00598,0.133618,0.0,0.992863,1.048247,0.000533,415.176758,0.306456,0.356258,0.452684,32,8,10,8,10,-1
case_03_NbS2_peak_heads_seed9723,NbS2,peak,9723,16,0.36921,0.009824,0.449818,0.220252,0.36921,0.009824,0.449818,0.220252,-0.0,1.0,0.011537,0.012701,0.0,1.001901,1.081151,0.000797,686.955078,0.279821,0.38478,0.429564,32,8,8,8,9,-1
case_03_NbS2_peak_heads_seed9723,NbS2,peak,9723,17,0.362869,0.011696,0.537173,0.244913,0.362869,0.011696,0.537173,0.244913,-0.0,1.0,-0.017891,0.256182,0.0,0.992365,1.046018,0.000544,943.806152,0.27864,0.352423,0.457315,32,8,9,9,10,-1
case_03_NbS2_peak_heads_seed9723,NbS2,peak,9723,18,0.348562,0.011404,0.554338,0.249178,0.348562,0.011404,0.554338,0.249178,0.0,1.0,0.019973,-0.08051,0.0,0.99445,1.08453,0.000607,1143.722778,0.280549,0.336051,0.433279,32,6,6,5,6,-1
case_03_NbS2_peak_heads_seed9723,NbS2,peak,9723,19,0.367371,0.009058,0.447805,0.24017,0.367371,0.009058,0.447805,0.24017,-1e-06,1.0,-0.001071,0.087704,0.0,0.997382,1.041837,0.00037,475.626862,0.284217,0.373931,0.425311,32,8,13,10,13,-1
case_03_NbS2_peak_heads_seed9723,NbS2,peak,9723,20,0.349279,0.02068,0.535211,0.0,0.349279,0.02068,0.535211,0.0,0.0,1.0,0.014607,-0.000626,0.0,0.990092,1.06875,0.001439,870.376221,0.265845,0.362859,0.487686,32,7,8,8,9,-1
case_03_NbS2_peak_heads_seed9723,NbS2,peak,9723,21,0.356226,0.010996,0.497368,0.246422,0.356226,0.010996,0.497368,0.246422,0.0,1.0,-0.007566,0.181058,0.0,1.002165,1.114662,0.000962,632.427734,0.284512,0.34622,0.44457,32,9,9,10,11,-1
case_03_NbS2_peak_heads_seed9723,NbS2,peak,9723,22,0.361186,0.008866,0.46544,0.273129,0.361186,0.008866,0.46544,0.273129,-0.0,1.0,-0.027303,0.340632,0.0,1.00256,1.051976,0.000493,317.327423,0.302958,0.353251,0.4414,32,9,9,10,11,-1
case_03_NbS2_peak_heads_seed9723,NbS2,peak,9723,23,0.36713,0.014995,0.492337,0.0,0.36713,0.014995,0.492337,0.0,-0.0,1.0,0.017012,0.014695,0.0,0.982834,1.1378,0.001129,928.382019,0.300552,0.380727,0.445927,32,11,15,12,16,-1
case_03_NbS2_peak_heads_seed9723,NbS2,peak,9723,24,0.354658,0.013972,0.483334,0.0,0.354658,0.013972,0.483334,0.0,-0.0,1.0,-0.033025,0.375499,0.0,1.002533,1.08219,0.000647,811.7677,0.297486,0.358667,0.428675,32,10,10,8,11,-1
case_03_NbS2_peak_heads_seed9723,NbS2,peak,9723,25,0.359113,0.01093,0.488847,0.24967,0.359113,0.01093,0.488847,0.24967,-0.0,1.0,-0.035393,0.384575,0.0,0.996484,1.048079,0.000329,296.310364,0.280597,0.346616,0.437575,32,6,9,8,10,-1
case_03_NbS2_peak_penalized_heads_seed9723,NbS2,peak_penalized,9723,1,0.289192,0.015714,0.474503,0.0,0.289192,0.015714,0.474503,0.0,0.0,1.0,0.035948,-0.021843,0.0,0.980322,1.06196,0.002165,676.795959,0.208397,0.290759,0.397055,32,11,12,11,13,-1
case_03_NbS2_peak_penalized_heads_seed9723,NbS2,peak_penalized,9723,2,0.296844,0.015768,0.434994,0.0,0.296844,0.015768,0.434994,0.0,0.0,1.0,0.002951,0.016737,0.0,1.009166,1.123867,0.000913,289.600708,0.208671,0.295424,0.393424,32,7,9,9,10,-1
case_03_NbS2_peak_penalized_heads_seed9723,NbS2,peak_penalized,9723,3,0.307477,0.012275,0.494857,0.220854,0.307477,0.012275,0.494857,0.220854,-0.0,1.0,0.019103,-0.030789,0.0,0.982465,1.064308,0.000737,660.224426,0.227227,0.297091,0.38529,32,10,12,10,12,-1
case_03_NbS2_peak_penalized_heads_seed9723,NbS2,peak_penalized,9723,4,0.272041,0.011401,0.448343,0.147512,0.272041,0.011401,0.448343,0.147512,0.0,1.0,0.013776,-0.026287,0.0,0.99015,1.06933,0.000774,821.70813,0.203552,0.25824,0.343376,32,5,7,7,9,-1
case_03_NbS2_peak_penalized_heads_seed9723,NbS2,peak_penalized,9723,5,0.289917,0.0148,0.450128,0.0,0.289917,0.0148,0.450128,0.0,-0.0,1.0,0.012266,-0.007056,0.0,0.997839,1.116696,0.001101,485.237396,0.211952,0.296574,0.391092,32,7,9,8,9,-1
case_03_NbS2_peak_penalized_heads_seed9723,NbS2,peak_penalized,9723,6,0.271244,0.012333,0.438016,0.134298,0.271244,0.012333,0.438016,0.134298,-0.0,1.0,-0.011073,0.141592,0.0,1.010459,1.111316,0.000676,373.038239,0.211792,0.253961,0.363139,32,5,6,6,7,-1
case_03_NbS2_peak_penalized_heads_seed9723,NbS2,peak_penalized,9723,7,0.27024,0.012886,0.446931,0.14166,0.27024,0.012886,0.446931,0.14166,-0.0,1.0,-0.004237,0.087854,0.0,1.003922,1.059889,0.000145,524.615784,0.198995,0.258386,0.347621,32,8,9,8,10,-1
case_03_NbS2_peak_penalized_heads_seed9723,NbS2,peak_penalized,9723,8,0.281622,0.013388,0.5121,0.18505,0.281622,0.013388,0.5121,0.18505,0.0,1.0,-0.002102,0.088482,0.0,0.997314,1.064953,0.000287,623.247314,0.209835,0.259234,0.357879,32,8,10,11,12,-1
case_03_NbS2_peak_penalized_heads_seed9723,NbS2,peak_penalized,9723,9,0.264159,0.011863,0.442182,0.133796,0.264159,0.011863,0.442182,0.133796,-0.0,1.0,0.007882,0.064943,0.0,0.996301,1.053257,0.000561,752.342224,0.206169,0.260801,0.362365,32,6,7,7,7,-1
case_03_NbS2_peak_penalized_heads_seed9723,NbS2,peak_penalized,9723,10,0.270309,0.016162,0.431917,0.0,0.270309,0.016162,0.431917,0.0,0.0,1.0,0.007329,-0.043946,0.0,1.006278,1.080371,0.000366,972.142151,0.17984,0.268696,0.393063,32,8,11,9,12,-1
case_03_NbS2_peak_penalized_heads_seed9723,NbS2,peak_penalized,9723,11,0.287422,0.011553,0.386672,0.137764,0.287422,0.011553,0.386672,0.137764,0.0,1.0,-0.001564,0.100997,0.0,1.001957,1.029911,0.000148,365.980255,0.200865,0.280413,0.367459,32,6,8,8,9,-1
case_03_NbS2_peak_penalized_heads_seed9723,NbS2,peak_penalized,9723,12,0.257785,0.014818,0.48841,0.0,0.257785,0.014818,0.48841,0.0,0.0,1.0,0.00852,0.079123,0.0,1.006025,1.126649,0.0011,696.091797,0.183464,0.268825,0.337245,32,6,7,6,7,-1
case_03_NbS2_peak_penalized_heads_seed9723,NbS2,peak_penalized,9723,13,0.283189,0.00936,0.426789,0.201695,0.283189,0.00936,0.426789,0.201695,-0.0,1.0,-0.004667,0.108644,0.0,1.010875,1.071342,0.000514,758.697449,0.222931,0.277241,0.363016,32,7,7,5,8,-1
case_03_NbS2_peak_penalized_heads_seed9723,NbS2,peak_penalized,9723,14,0.302523,0.012793,0.481438,0.156689,0.302523,0.012793,0.481438,0.156689,0.0,1.0,0.006135,0.013926,0.0,0.995481,1.062425,0.000526,605.089783,0.235305,0.279103,0.395618,32,8,10,10,10,-1
case_03_NbS2_peak_penalized_heads_seed9723,NbS2,peak_penalized,9723,15,0.301742,0.013275,0.475687,0.180914,0.301742,0.013275,0.475687,0.180914,-0.0,1.0,0.001858,0.056472,0.0,0.997579,1.054294,0.000336,442.454559,0.221887,0.287449,0.378293,32,8,10,8,10,-1
case_03_NbS2_peak_penalized_heads_seed9723,NbS2,peak_penalized,9723,16,0.288458,0.013511,0.433944,0.0,0.288458,0.013511,0.433944,0.0,-0.0,1.0,-0.000761,0.036095,0.0,1.002058,1.067846,0.000454,1157.771362,0.226615,0.289498,0.369659,32,8,8,8,9,-1
case_03_NbS2_peak_penalized_heads_seed9723,NbS2,peak_penalized,9723,17,0.2741,0.010195,0.429226,0.193311,0.2741,0.010195,0.429226,0.193311,-0.0,1.0,-0.021772,0.253327,0.0,0.993544,1.050825,0.000375,523.5224,0.217373,0.264333,0.336123,32,8,9,10,11,-1
case_03_NbS2_peak_penalized_heads_seed9723,NbS2,peak_penalized,9723,18,0.253323,0.010457,0.387217,0.133145,0.253323,0.010457,0.387217,0.133145,-0.0,1.0,0.012539,-0.100979,0.0,1.003392,1.050168,0.000262,750.836487,0.185692,0.247242,0.337114,32,6,6,5,6,-1
case_03_NbS2_peak_penalized_heads_seed9723,NbS2,peak_penalized,9723,19,0.300644,0.013572,0.426944,0.140823,0.300644,0.013572,0.426944,0.140823,0.0,1.0,-0.003895,0.103734,0.0,0.993839,1.039827,0.000275,450.946533,0.207415,0.312646,0.401125,32,8,13,10,13,-1
case_03_NbS2_peak_penalized_heads_seed9723,NbS2,peak_penalized,9723,20,0.259138,0.018361,0.495322,0.0,0.259138,0.018361,0.495322,0.0,-0.0,1.0,0.006712,-0.00426,0.0,0.997464,1.065189,0.000512,818.317383,0.149708,0.261647,0.37601,32,7,8,7,8,-1
case_03_NbS2_peak_penalized_heads_seed9723,NbS2,peak_penalized,9723,21,0.273245,0.012884,0.412956,0.137523,0.273245,0.012884,0.412956,0.137523,-0.0,1.0,-0.002471,0.099167,0.0,1.001977,1.071841,0.000531,787.099487,0.173485,0.276974,0.376575,32,9,9,10,11,-1
case_03_NbS2_peak_penalized_heads_seed9723,NbS2,peak_penalized,9723,22,0.284068,0.011354,0.433868,0.151071,0.284068,0.011354,0.433868,0.151071,0.0,1.0,-0.004451,0.177701,0.0,1.000092,1.091036,0.000781,429.755951,0.217614,0.269564,0.379959,32,9,9,10,11,-1
case_03_NbS2_peak_penalized_heads_seed9723,NbS2,peak_penalized,9723,23,0.302555,0.016441,0.438782,0.0,0.302555,0.016441,0.438782,0.0,0.0,1.0,0.019729,-0.069585,0.0,0.988729,1.05489,0.000735,938.49707,0.204817,0.32155,0.420069,32,11,14,11,15,-1
case_03_NbS2_peak_penalized_heads_seed9723,NbS2,peak_penalized,9723,24,0.28103,0.016317,0.444574,0.0,0.28103,0.016317,0.444574,0.0,0.0,1.0,0.005441,0.14651,0.0,0.994719,1.115913,0.001415,689.130981,0.164375,0.272686,0.386156,32,10,10,8,11,-1
case_03_NbS2_peak_penalized_heads_seed9723,NbS2,peak_penalized,9723,25,0.285474,0.016935,0.456161,0.0,0.285474,0.016935,0.456161,0.0,0.0,1.0,-0.008709,0.152393,0.0,0.996068,1.083934,0.000888,585.791504,0.155296,0.293463,0.403435,32,6,9,7,9,-1
case_07_Li2TeC2_peak_heads_seed9731,Li2TeC2,peak,9731,1,0.31762,0.026965,0.56259,0.0,0.31762,0.026965,0.56259,0.0,0.0,1.0,0.010647,7.7e-05,0.0,1.000343,1.055903,0.000266,206.43782,0.017165,0.349761,0.479601,32,29,27,30,32,-1
case_07_Li2TeC2_peak_heads_seed9731,Li2TeC2,peak,9731,2,0.307915,0.031651,0.587217,0.0,0.307915,0.031651,0.587217,0.0,0.0,1.0,0.002957,-0.000111,0.0,1.002312,1.022692,6e-05,103.17852,0.0,0.345226,0.503765,32,31,28,26,30,-1
case_07_Li2TeC2_peak_heads_seed9731,Li2TeC2,peak,9731,3,0.262039,0.031473,0.561707,0.0,0.262039,0.031473,0.561707,0.0,0.0,1.0,0.000969,0.004103,0.0,1.000494,1.01137,8e-06,128.718552,0.0,0.292535,0.505438,32,29,24,26,29,-1
case_07_Li2TeC2_peak_heads_seed9731,Li2TeC2,peak,9731,4,0.291991,0.029192,0.6792,0.0,0.291991,0.029192,0.6792,0.0,-0.0,1.0,0.002991,0.008317,0.0,0.999629,1.016561,3.5e-05,173.827896,0.0,0.319399,0.472458,32,31,28,26,32,-1
case_07_Li2TeC2_peak_heads_seed9731,Li2TeC2,peak,9731,5,0.335321,0.023684,0.606107,0.0,0.335321,0.023684,0.606107,0.0,-0.0,1.0,0.005379,0.001689,0.0,1.000586,1.017614,6.3e-05,211.897629,0.188663,0.318664,0.480898,32,30,29,26,31,-1
case_07_Li2TeC2_peak_heads_seed9731,Li2TeC2,peak,9731,6,0.316434,0.027254,0.626034,0.0,0.316434,0.027254,0.626034,0.0,0.0,1.0,0.001859,-0.004047,0.0,0.998294,1.012766,2.6e-05,115.247223,0.169708,0.329721,0.540589,32,26,28,23,29,-1
case_07_Li2TeC2_peak_heads_seed9731,Li2TeC2,peak,9731,7,0.335429,0.020625,0.519569,0.0,0.335429,0.020625,0.519569,0.0,-0.0,1.0,-0.0014,0.006444,0.0,1.000077,1.010584,9e-06,188.232758,0.222982,0.355315,0.461683,32,31,27,26,31,-1
case_07_Li2TeC2_peak_heads_seed9731,Li2TeC2,peak,9731,8,0.308485,0.029376,0.583873,0.0,0.308485,0.029376,0.583873,0.0,0.0,1.0,0.003347,-0.002367,0.0,1.000102,1.014948,1.6e-05,156.879791,0.0,0.342605,0.519224,32,29,26,23,29,-1
case_07_Li2TeC2_peak_heads_seed9731,Li2TeC2,peak,9731,9,0.320123,0.026102,0.630776,0.0,0.320123,0.026102,0.630776,0.0,-0.0,1.0,0.00214,-0.002547,0.0,1.000718,1.016011,9e-06,116.700264,0.179003,0.317639,0.489248,32,30,31,26,32,-1
case_07_Li2TeC2_peak_heads_seed9731,Li2TeC2,peak,9731,10,0.347362,0.028323,0.543244,0.0,0.347362,0.028323,0.543244,0.0,0.0,1.0,0.003008,-0.000244,0.0,0.999271,1.016961,2.7e-05,132.950272,0.018674,0.398644,0.488158,32,30,31,26,32,-1
case_07_Li2TeC2_peak_heads_seed9731,Li2TeC2,peak,9731,11,0.241736,0.032937,0.743594,0.0,0.241736,0.032937,0.743594,0.0,0.0,1.0,0.002847,0.000525,0.0,1.0014,1.016363,1.7e-05,123.618599,0.0,0.253779,0.418499,32,29,27,28,31,-1
case_07_Li2TeC2_peak_heads_seed9731,Li2TeC2,peak,9731,12,0.324421,0.034213,0.768568,0.0,0.324421,0.034213,0.768568,0.0,0.0,1.0,0.002144,-0.003447,0.0,0.999245,1.01863,2.2e-05,114.806145,0.0,0.349343,0.541911,32,31,31,27,31,-1
case_07_Li2TeC2_peak_heads_seed9731,Li2TeC2,peak,9731,13,0.30207,0.036508,0.620116,0.0,0.30207,0.036508,0.620116,0.0,0.0,1.0,0.001957,0.016756,0.0,1.00266,1.02522,3.5e-05,254.873871,0.0,0.319902,0.555109,32,28,25,30,31,-1
case_07_Li2TeC2_peak_heads_seed9731,Li2TeC2,peak,9731,14,0.365315,0.024213,0.580248,0.0,0.365315,0.024213,0.580248,0.0,-0.0,1.0,0.002472,-0.003834,0.0,0.999704,1.025624,4.8e-05,98.398872,0.194711,0.402312,0.501311,32,29,31,29,32,-1
case_07_Li2TeC2_peak_heads_seed9731,Li2TeC2,peak,9731,15,0.30379,0.02879,0.54461,0.0,0.30379,0.02879,0.54461,0.0,-0.0,1.0,0.001696,0.003561,0.0,1.000415,1.021695,2.2e-05,102.258148,0.0,0.345866,0.476626,32,29,29,30,32,-1
case_07_Li2TeC2_peak_heads_seed9731,Li2TeC2,peak,9731,16,0.3097,0.033817,0.722459,0.0,0.3097,0.033817,0.722459,0.0,-0.0,1.0,0.003008,0.012501,0.0,1.003277,1.059932,8.4e-05,144.64566,0.0,0.349974,0.550802,32,30,26,29,32,-1
case_07_Li2TeC2_peak_heads_seed9731,Li2TeC2,peak,9731,17,0.273832,0.025255,0.438661,0.0,0.273832,0.025255,0.438661,0.0,0.0,1.0,0.003056,-0.014495,0.0,1.00004,1.008839,9e-06,85.876785,0.0,0.317541,0.421542,32,30,26,23,31,-1
case_07_Li2TeC2_peak_heads_seed9731,Li2TeC2,peak,9731,18,0.318627,0.024822,0.546117,0.0,0.318627,0.024822,0.546117,0.0,-0.0,1.0,0.004125,0.011474,0.0,1.002048,1.062122,7.7e-05,191.193527,0.162357,0.347829,0.500659,32,32,29,27,31,-1
case_07_Li2TeC2_peak_heads_seed9731,Li2TeC2,peak,9731,19,0.27781,0.03179,0.56981,0.0,0.27781,0.03179,0.56981,0.0,0.0,1.0,0.000206,0.005772,0.0,1.000175,1.018814,2.3e-05,159.859634,0.0,0.331331,0.473571,32,30,31,30,32,-1
case_07_Li2TeC2_peak_heads_seed9731,Li2TeC2,peak,9731,20,0.31152,0.026951,0.603225,0.0,0.31152,0.026951,0.603225,0.0,-0.0,1.0,-0.001672,0.022676,0.0,1.000746,1.01012,8e-06,94.90699,0.01763,0.353724,0.439599,32,32,29,27,32,-1
case_07_Li2TeC2_peak_heads_seed9731,Li2TeC2,peak,9731,21,0.307902,0.028964,0.511679,0.0,0.307902,0.028964,0.511679,0.0,-0.0,1.0,-0.000278,0.026337,0.0,1.001558,1.016792,1.7e-05,175.471054,0.0,0.344668,0.474483,32,28,25,28,31,-1
case_07_Li2TeC2_peak_heads_seed9731,Li2TeC2,peak,9731,22,0.308613,0.030745,0.616309,0.0,0.308613,0.030745,0.616309,0.0,-0.0,1.0,0.003258,-0.012752,0.0,1.000819,1.017133,2.5e-05,128.595627,0.0,0.335051,0.463285,32,30,32,28,32,-1
case_07_Li2TeC2_peak_heads_seed9731,Li2TeC2,peak,9731,23,0.283128,0.02926,0.573105,0.0,0.283128,0.02926,0.573105,0.0,-0.0,1.0,0.000416,0.0102,0.0,0.999416,1.016893,1.6e-05,142.559845,0.0,0.299846,0.494798,32,31,28,26,31,-1
case_07_Li2TeC2_peak_heads_seed9731,Li2TeC2,peak,9731,24,0.262918,0.022176,0.447493,0.0,0.262918,0.022176,0.447493,0.0,-0.0,1.0,0.004157,-0.025612,0.0,0.998534,1.008055,1e-05,94.640068,0.017449,0.278581,0.418659,32,31,28,27,31,-1
case_07_Li2TeC2_peak_heads_seed9731,Li2TeC2,peak,9731,25,0.276636,0.026036,0.493067,0.0,0.276636,0.026036,0.493067,0.0,-0.0,1.0,0.001197,0.003234,0.0,0.999328,1.015709,2.1e-05,105.366592,0.0,0.294815,0.46912,32,31,30,28,31,-1
case_07_Li2TeC2_peak_penalized_heads_seed9731,Li2TeC2,peak_penalized,9731,1,0.194683,0.021229,0.452616,0.0,0.194683,0.021229,0.452616,0.0,0.0,1.0,0.007384,0.003159,0.0,1.00327,1.044632,0.000111,123.769333,0.00355,0.19224,0.319539,32,29,27,30,32,-1
case_07_Li2TeC2_peak_penalized_heads_seed9731,Li2TeC2,peak_penalized,9731,2,0.210775,0.025742,0.583057,0.0,0.210775,0.025742,0.583057,0.0,0.0,1.0,0.00284,-0.003843,0.0,1.000351,1.025295,3e-05,87.051323,0.0,0.238781,0.340475,32,31,28,26,30,-1
case_07_Li2TeC2_peak_penalized_heads_seed9731,Li2TeC2,peak_penalized,9731,3,0.173002,0.021033,0.492926,0.0,0.173002,0.021033,0.492926,0.0,0.0,1.0,0.003685,-0.01112,0.0,0.996948,1.021441,7.3e-05,127.032394,0.0,0.190513,0.299144,32,29,24,26,29,-1
case_07_Li2TeC2_peak_penalized_heads_seed9731,Li2TeC2,peak_penalized,9731,4,0.197484,0.02437,0.464341,0.0,0.197484,0.02437,0.464341,0.0,0.0,1.0,0.004099,-0.000347,0.0,0.999257,1.020351,8e-05,151.833313,0.0,0.204435,0.384589,32,31,28,26,32,-1
case_07_Li2TeC2_peak_penalized_heads_seed9731,Li2TeC2,peak_penalized,9731,5,0.233337,0.020142,0.533123,0.0,0.233337,0.020142,0.533123,0.0,0.0,1.0,0.007513,0.001158,0.0,1.000186,1.028577,0.000116,254.298141,0.116838,0.253304,0.35815,32,30,29,26,31,-1
case_07_Li2TeC2_peak_penalized_heads_seed9731,Li2TeC2,peak_penalized,9731,6,0.232546,0.022265,0.553671,0.0,0.232546,0.022265,0.553671,0.0,0.0,1.0,0.001625,-0.000788,0.0,0.999673,1.021166,2.8e-05,150.58725,0.034326,0.219969,0.378553,32,26,28,23,29,-1
case_07_Li2TeC2_peak_penalized_heads_seed9731,Li2TeC2,peak_penalized,9731,7,0.196639,0.015517,0.33568,0.0,0.196639,0.015517,0.33568,0.0,0.0,1.0,-0.002424,0.01251,0.0,0.999865,1.01451,1.3e-05,168.922989,0.082881,0.22325,0.292267,32,31,27,26,31,-1
case_07_Li2TeC2_peak_penalized_heads_seed9731,Li2TeC2,peak_penalized,9731,8,0.226083,0.023716,0.480512,0.0,0.226083,0.023716,0.480512,0.0,-0.0,1.0,0.00067,0.013058,0.0,1.001018,1.010804,1.2e-05,111.435028,0.002091,0.210979,0.402289,32,29,26,23,29,-1
case_07_Li2TeC2_peak_penalized_heads_seed9731,Li2TeC2,peak_penalized,9731,9,0.187376,0.018345,0.385726,0.0,0.187376,0.018345,0.385726,0.0,-0.0,1.0,0.002451,-0.012614,0.0,1.000248,1.009703,6e-06,221.756271,0.001111,0.209055,0.303212,32,30,31,26,32,-1
case_07_Li2TeC2_peak_penalized_heads_seed9731,Li2TeC2,peak_penalized,9731,10,0.2323,0.022252,0.466528,0.0,0.2323,0.022252,0.466528,0.0,-0.0,1.0,0.00025,0.012139,0.0,0.999545,1.005794,5e-06,151.5448,0.004211,0.225374,0.390709,32,30,31,26,32,-1
case_07_Li2TeC2_peak_penalized_heads_seed9731,Li2TeC2,peak_penalized,9731,11,0.162294,0.029725,0.738856,0.0,0.162294,0.029725,0.738856,0.0,0.0,1.0,0.004583,-0.029281,0.0,1.000881,1.008871,6e-06,98.091934,0.0,0.119892,0.345225,32,29,27,28,31,-1
case_07_Li2TeC2_peak_penalized_heads_seed9731,Li2TeC2,peak_penalized,9731,12,0.219709,0.024366,0.625715,0.0,0.219709,0.024366,0.625715,0.0,0.0,1.0,0.000799,0.013183,0.0,0.999626,1.015323,1.3e-05,131.81279,0.0,0.234289,0.342952,32,31,31,27,31,-1
case_07_Li2TeC2_peak_penalized_heads_seed9731,Li2TeC2,peak_penalized,9731,13,0.222178,0.028384,0.547613,0.0,0.222178,0.028384,0.547613,0.0,0.0,1.0,0.003493,0.001936,0.0,1.002378,1.029543,3.2e-05,230.398819,0.0,0.246794,0.390167,32,28,25,30,31,-1
case_07_Li2TeC2_peak_penalized_heads_seed9731,Li2TeC2,peak_penalized,9731,14,0.237717,0.019161,0.493286,0.0,0.237717,0.019161,0.493286,0.0,0.0,1.0,0.000203,0.013716,0.0,1.000467,1.018739,2e-05,105.503212,0.091695,0.239309,0.352202,32,29,30,30,32,-1
case_07_Li2TeC2_peak_penalized_heads_seed9731,Li2TeC2,peak_penalized,9731,15,0.225935,0.024938,0.468237,0.0,0.225935,0.024938,0.468237,0.0,-0.0,1.0,-0.000433,0.019992,0.0,1.000742,1.015661,1.3e-05,136.928207,0.0,0.242435,0.381816,32,29,29,30,32,-1
case_07_Li2TeC2_peak_penalized_heads_seed9731,Li2TeC2,peak_penalized,9731,16,0.2299,0.026478,0.539447,0.0,0.2299,0.026478,0.539447,0.0,0.0,1.0,0.008584,-0.000204,0.0,1.003475,1.105241,0.000207,254.193176,0.0,0.243902,0.404992,32,30,26,29,32,-1
case_07_Li2TeC2_peak_penalized_heads_seed9731,Li2TeC2,peak_penalized,9731,17,0.196586,0.020487,0.404209,0.0,0.196586,0.020487,0.404209,0.0,0.0,1.0,0.002089,0.000607,0.0,1.001003,1.014524,2.2e-05,99.963539,0.0,0.219499,0.311525,32,30,26,23,31,-1
case_07_Li2TeC2_peak_penalized_heads_seed9731,Li2TeC2,peak_penalized,9731,18,0.232557,0.022502,0.507752,0.0,0.232557,0.022502,0.507752,0.0,-0.0,1.0,0.003068,-0.009203,0.0,1.000828,1.035625,4.4e-05,156.117889,0.06166,0.236616,0.376837,32,32,29,27,32,-1
case_07_Li2TeC2_peak_penalized_heads_seed9731,Li2TeC2,peak_penalized,9731,19,0.203876,0.0259,0.459401,0.0,0.203876,0.0259,0.459401,0.0,0.0,1.0,0.001424,0.014828,0.0,1.001013,1.017869,3.1e-05,139.567886,0.0,0.208988,0.398548,32,30,32,30,32,-1
case_07_Li2TeC2_peak_penalized_heads_seed9731,Li2TeC2,peak_penalized,9731,20,0.241786,0.01976,0.473537,0.0,0.241786,0.01976,0.473537,0.0,0.0,1.0,-0.002022,0.027466,0.0,1.001418,1.017519,2.1e-05,116.92244,0.119975,0.25323,0.364809,32,32,29,27,32,-1
case_07_Li2TeC2_peak_penalized_heads_seed9731,Li2TeC2,peak_penalized,9731,21,0.243642,0.022803,0.433704,0.0,0.243642,0.022803,0.433704,0.0,0.0,1.0,0.000947,0.032477,0.0,1.001076,1.025962,4.4e-05,181.272675,0.005616,0.257558,0.402137,32,28,25,28,31,-1
case_07_Li2TeC2_peak_penalized_heads_seed9731,Li2TeC2,peak_penalized,9731,22,0.211497,0.022524,0.420064,0.0,0.211497,0.022524,0.420064,0.0,-0.0,1.0,0.001771,-0.007679,0.0,1.000468,1.023672,5.8e-05,126.320549,0.0,0.233825,0.359909,32,30,32,28,32,-1
case_07_Li2TeC2_peak_penalized_heads_seed9731,Li2TeC2,peak_penalized,9731,23,0.178611,0.022424,0.448027,0.0,0.178611,0.022424,0.448027,0.0,0.0,1.0,-0.000561,0.013346,0.0,0.99979,1.013155,9e-06,173.419708,0.0,0.21019,0.31313,32,31,28,25,31,-1
case_07_Li2TeC2_peak_penalized_heads_seed9731,Li2TeC2,peak_penalized,9731,24,0.154513,0.018874,0.430837,0.0,0.154513,0.018874,0.430837,0.0,-0.0,1.0,0.006655,-0.042988,0.0,0.999255,1.015458,1.2e-05,137.018387,0.000854,0.168196,0.307487,32,31,28,27,31,-1
case_07_Li2TeC2_peak_penalized_heads_seed9731,Li2TeC2,peak_penalized,9731,25,0.194793,0.024638,0.492268,0.0,0.194793,0.024638,0.492268,0.0,-0.0,1.0,-0.000626,0.023665,0.0,0.999164,1.014692,1.1e-05,81.739861,0.0,0.194359,0.366596,32,31,30,28,31,-1
case_07_Li2TeC2_peak_heads_seed9732,Li2TeC2,peak,9732,1,0.270655,0.027966,0.487109,0.0,0.270655,0.027966,0.487109,0.0,-0.0,1.0,0.006505,0.000535,0.0,1.000624,1.02561,9e-05,82.175659,0.0,0.299351,0.478052,32,31,27,28,32,-1
case_07_Li2TeC2_peak_heads_seed9732,Li2TeC2,peak,9732,2,0.321032,0.031119,0.541682,0.0,0.321032,0.031119,0.541682,0.0,-0.0,1.0,0.002723,-0.002817,0.0,0.998902,1.023854,9.9e-05,91.439407,0.0,0.352797,0.515239,32,29,29,29,32,-1
case_07_Li2TeC2_peak_heads_seed9732,Li2TeC2,peak,9732,3,0.330637,0.030301,0.624722,0.0,0.330637,0.030301,0.624722,0.0,0.0,1.0,0.002851,-0.006008,0.0,0.997907,1.024065,8.9e-05,137.875916,0.0145,0.360649,0.52862,32,31,30,30,32,-1
case_07_Li2TeC2_peak_heads_seed9732,Li2TeC2,peak,9732,4,0.29792,0.027266,0.518777,0.0,0.29792,0.027266,0.518777,0.0,0.0,1.0,0.005851,-0.018001,0.0,0.999333,1.019239,3e-05,239.355301,0.016823,0.327583,0.474889,32,28,29,26,31,-1
case_07_Li2TeC2_peak_heads_seed9732,Li2TeC2,peak,9732,5,0.333393,0.031449,0.618603,0.0,0.333393,0.031449,0.618603,0.0,-0.0,1.0,0.003048,-0.007641,0.0,0.997777,1.01836,3.3e-05,190.01799,0.0,0.349207,0.518078,32,31,29,29,32,-1
case_07_Li2TeC2_peak_heads_seed9732,Li2TeC2,peak,9732,6,0.283952,0.024826,0.496005,0.0,0.283952,0.024826,0.496005,0.0,0.0,1.0,0.00341,0.001132,0.0,1.000913,1.023567,4.9e-05,161.248047,0.0,0.315114,0.447959,32,27,23,25,28,-1
case_07_Li2TeC2_peak_heads_seed9732,Li2TeC2,peak,9732,7,0.337304,0.029866,0.651868,0.0,0.337304,0.029866,0.651868,0.0,0.0,1.0,0.002954,-0.016578,0.0,1.000034,1.017835,2.2e-05,169.350311,0.017718,0.376575,0.521569,32,31,31,31,32,-1
case_07_Li2TeC2_peak_heads_seed9732,Li2TeC2,peak,9732,8,0.288693,0.028423,0.54422,0.0,0.288693,0.028423,0.54422,0.0,0.0,1.0,0.001263,-0.005736,0.0,1.000729,1.013052,1.5e-05,157.159042,0.0,0.325686,0.46622,32,30,30,26,31,-1
case_07_Li2TeC2_peak_heads_seed9732,Li2TeC2,peak,9732,9,0.326111,0.029927,0.636399,0.0,0.326111,0.029927,0.636399,0.0,-0.0,1.0,0.003247,-0.002337,0.0,1.000726,1.02015,2.3e-05,252.437851,0.014904,0.350536,0.548118,32,31,31,31,32,-1
case_07_Li2TeC2_peak_heads_seed9732,Li2TeC2,peak,9732,10,0.283647,0.02805,0.54359,0.0,0.283647,0.02805,0.54359,0.0,0.0,1.0,0.001909,-0.001298,0.0,1.00023,1.009997,7e-06,159.444534,0.0,0.323265,0.454465,32,29,31,29,32,-1
case_07_Li2TeC2_peak_heads_seed9732,Li2TeC2,peak,9732,11,0.300658,0.030143,0.613786,0.0,0.300658,0.030143,0.613786,0.0,-0.0,1.0,0.001897,-0.004809,0.0,0.999834,1.008268,6e-06,117.346985,0.0,0.330768,0.467556,32,28,32,27,32,-1
case_07_Li2TeC2_peak_heads_seed9732,Li2TeC2,peak,9732,12,0.309649,0.032494,0.703636,0.0,0.309649,0.032494,0.703636,0.0,0.0,1.0,0.003842,-0.017353,0.0,0.998982,1.029173,4.5e-05,183.513443,0.0,0.325285,0.485369,32,30,32,27,32,-1
case_07_Li2TeC2_peak_heads_seed9732,Li2TeC2,peak,9732,13,0.334272,0.017333,0.48928,0.0,0.334272,0.017333,0.48928,0.0,-0.0,1.0,0.003251,-0.010372,0.0,1.00007,1.015527,1.9e-05,157.128418,0.224475,0.340104,0.441366,32,29,30,28,32,-1
case_07_Li2TeC2_peak_heads_seed9732,Li2TeC2,peak,9732,14,0.358054,0.026,0.692853,0.0,0.358054,0.026,0.692853,0.0,0.0,1.0,-0.001931,0.026708,0.0,0.998084,1.006439,1.9e-05,154.95311,0.217943,0.362525,0.518571,32,31,28,30,32,-1
case_07_Li2TeC2_peak_heads_seed9732,Li2TeC2,peak,9732,15,0.320763,0.025965,0.58445,0.0,0.320763,0.025965,0.58445,0.0,0.0,1.0,0.002426,-0.012644,0.0,0.999192,1.005736,7e-06,150.807739,0.15377,0.358287,0.480762,32,29,28,29,31,-1
case_07_Li2TeC2_peak_heads_seed9732,Li2TeC2,peak,9732,16,0.265457,0.033456,0.608428,0.0,0.265457,0.033456,0.608428,0.0,0.0,1.0,0.001419,0.009539,0.0,1.001878,1.013285,1.5e-05,109.366692,0.0,0.279317,0.499676,32,32,28,25,31,-1
case_07_Li2TeC2_peak_heads_seed9732,Li2TeC2,peak,9732,17,0.303692,0.026322,0.524121,0.0,0.303692,0.026322,0.524121,0.0,-0.0,1.0,0.002721,-0.00927,0.0,0.999971,1.011063,1.3e-05,122.331596,0.016824,0.324655,0.482833,32,30,25,31,32,-1
case_07_Li2TeC2_peak_heads_seed9732,Li2TeC2,peak,9732,18,0.318556,0.026904,0.543617,0.0,0.318556,0.026904,0.543617,0.0,0.0,1.0,0.000494,0.024695,0.0,1.001914,1.020595,3.2e-05,114.096207,0.017975,0.344888,0.484099,32,29,30,31,32,-1
case_07_Li2TeC2_peak_heads_seed9732,Li2TeC2,peak,9732,19,0.311172,0.028496,0.588416,0.0,0.311172,0.028496,0.588416,0.0,0.0,1.0,0.003723,-0.026507,0.0,1.000885,1.024285,2.8e-05,192.485199,0.01519,0.312217,0.512973,32,29,31,29,32,-1
case_07_Li2TeC2_peak_heads_seed9732,Li2TeC2,peak,9732,20,0.286394,0.028893,0.624342,0.0,0.286394,0.028893,0.624342,0.0,0.0,1.0,0.003849,-0.023932,0.0,1.000115,1.009228,8e-06,216.001953,0.0,0.308579,0.466807,32,30,27,28,30,-1
case_07_Li2TeC2_peak_heads_seed9732,Li2TeC2,peak,9732,21,0.273942,0.032004,0.612753,0.0,0.273942,0.032004,0.612753,0.0,0.0,1.0,0.001636,0.010891,0.0,0.998151,1.012979,4.2e-05,175.631363,0.0,0.303251,0.456122,32,27,30,27,32,-1
case_07_Li2TeC2_peak_heads_seed9732,Li2TeC2,peak,9732,22,0.321333,0.030688,0.578985,0.0,0.321333,0.030688,0.578985,0.0,-0.0,1.0,0.001553,0.021213,0.0,1.000198,1.023513,5.1e-05,148.613449,0.0,0.334626,0.49441,32,30,28,27,32,-1
case_07_Li2TeC2_peak_heads_seed9732,Li2TeC2,peak,9732,23,0.339341,0.027495,0.659932,0.0,0.339341,0.027495,0.659932,0.0,0.0,1.0,0.003762,-0.00659,0.0,1.000161,1.025727,4.2e-05,118.757324,0.189363,0.340304,0.55057,32,30,30,28,32,-1
case_07_Li2TeC2_peak_heads_seed9732,Li2TeC2,peak,9732,24,0.380311,0.025208,0.688644,0.0,0.380311,0.025208,0.688644,0.0,0.0,1.0,0.004624,0.000613,0.0,0.99997,1.027318,7.3e-05,188.934662,0.224712,0.384912,0.509153,32,26,31,29,32,-1
case_07_Li2TeC2_peak_heads_seed9732,Li2TeC2,peak,9732,25,0.314804,0.03005,0.591177,0.0,0.314804,0.03005,0.591177,0.0,0.0,1.0,0.005919,-0.010398,0.0,0.999432,1.032131,8.8e-05,141.404312,0.0,0.34524,0.494599,32,30,30,31,32,-1
case_07_Li2TeC2_peak_penalized_heads_seed9732,Li2TeC2,peak_penalized,9732,1,0.190592,0.023019,0.427976,0.0,0.190592,0.023019,0.427976,0.0,0.0,1.0,0.006154,0.001282,0.0,1.001343,1.032499,6.2e-05,81.594536,0.00107,0.219763,0.369301,32,31,27,28,32,-1
case_07_Li2TeC2_peak_penalized_heads_seed9732,Li2TeC2,peak_penalized,9732,2,0.221315,0.027504,0.538289,0.0,0.221315,0.027504,0.538289,0.0,0.0,1.0,0.003806,3e-06,0.0,0.999719,1.018077,4.1e-05,116.681206,0.0,0.22623,0.404747,32,29,29,29,32,-1
case_07_Li2TeC2_peak_penalized_heads_seed9732,Li2TeC2,peak_penalized,9732,3,0.247084,0.028693,0.568753,0.0,0.247084,0.028693,0.568753,0.0,-0.0,1.0,0.001806,-0.002169,0.0,0.999254,1.012886,3.2e-05,108.252533,0.00112,0.27171,0.438351,32,31,30,30,32,-1
case_07_Li2TeC2_peak_penalized_heads_seed9732,Li2TeC2,peak_penalized,9732,4,0.19817,0.021938,0.453915,0.0,0.19817,0.021938,0.453915,0.0,0.0,1.0,0.005218,-0.017499,0.0,0.996816,1.019954,5.9e-05,169.746643,0.001521,0.183864,0.367856,32,28,29,26,31,-1
case_07_Li2TeC2_peak_penalized_heads_seed9732,Li2TeC2,peak_penalized,9732,5,0.247509,0.026501,0.611199,0.0,0.247509,0.026501,0.611199,0.0,0.0,1.0,0.002418,0.001885,0.0,0.997725,1.016145,4.5e-05,95.948257,0.002804,0.264734,0.400699,32,31,29,29,32,-1
case_07_Li2TeC2_peak_penalized_heads_seed9732,Li2TeC2,peak_penalized,9732,6,0.176125,0.021725,0.449055,0.0,0.176125,0.021725,0.449055,0.0,0.0,1.0,0.002378,0.009871,0.0,1.00229,1.022585,4.8e-05,154.780685,0.0,0.172312,0.377315,32,27,23,25,28,-1
case_07_Li2TeC2_peak_penalized_heads_seed9732,Li2TeC2,peak_penalized,9732,7,0.239406,0.022148,0.458763,0.0,0.239406,0.022148,0.458763,0.0,-0.0,1.0,0.001774,-0.009483,0.0,1.00051,1.014318,1.4e-05,156.36293,0.009725,0.26137,0.374736,32,31,31,31,32,-1
case_07_Li2TeC2_peak_penalized_heads_seed9732,Li2TeC2,peak_penalized,9732,8,0.206096,0.021439,0.439914,0.0,0.206096,0.021439,0.439914,0.0,0.0,1.0,0.002141,-0.008897,0.0,1.000111,1.017492,1.1e-05,152.215225,0.0,0.224429,0.325826,32,30,30,26,31,-1
case_07_Li2TeC2_peak_penalized_heads_seed9732,Li2TeC2,peak_penalized,9732,9,0.23272,0.028287,0.602434,0.0,0.23272,0.028287,0.602434,0.0,-0.0,1.0,0.004504,-0.01216,0.0,1.000147,1.018143,1.9e-05,295.490662,0.003375,0.215936,0.405644,32,31,31,31,32,-1
case_07_Li2TeC2_peak_penalized_heads_seed9732,Li2TeC2,peak_penalized,9732,10,0.217489,0.025901,0.446445,0.0,0.217489,0.025901,0.446445,0.0,0.0,1.0,0.001132,0.000858,0.0,1.000236,1.014592,9e-06,146.658325,0.0,0.254336,0.420602,32,29,31,29,32,-1
case_07_Li2TeC2_peak_penalized_heads_seed9732,Li2TeC2,peak_penalized,9732,11,0.198029,0.022957,0.39999,0.0,0.198029,0.022957,0.39999,0.0,0.0,1.0,0.002402,-0.002677,0.0,1.000076,1.010758,1.4e-05,146.053009,0.0,0.22849,0.340842,32,28,32,27,32,-1
case_07_Li2TeC2_peak_penalized_heads_seed9732,Li2TeC2,peak_penalized,9732,12,0.212289,0.024911,0.58034,0.0,0.212289,0.024911,0.58034,0.0,0.0,1.0,0.002547,-0.012976,0.0,0.999249,1.021643,3.2e-05,117.544083,0.0,0.24614,0.328089,32,30,32,27,32,-1
case_07_Li2TeC2_peak_penalized_heads_seed9732,Li2TeC2,peak_penalized,9732,13,0.263236,0.019223,0.439725,0.0,0.263236,0.019223,0.439725,0.0,-0.0,1.0,0.003601,-0.008033,0.0,0.999615,1.013038,1.7e-05,199.373566,0.137123,0.263336,0.422908,32,29,30,28,32,-1
case_07_Li2TeC2_peak_penalized_heads_seed9732,Li2TeC2,peak_penalized,9732,14,0.250095,0.021566,0.664348,0.0,0.250095,0.021566,0.664348,0.0,-0.0,1.0,0.002825,0.005813,0.0,0.998101,1.018469,9.2e-05,116.22921,0.150102,0.230128,0.384807,32,31,28,30,32,-1
case_07_Li2TeC2_peak_penalized_heads_seed9732,Li2TeC2,peak_penalized,9732,15,0.211379,0.02399,0.412157,0.0,0.211379,0.02399,0.412157,0.0,0.0,1.0,0.003426,-0.019109,0.0,0.997414,1.011563,2.6e-05,179.10231,0.001616,0.220451,0.37469,32,29,28,29,31,-1
case_07_Li2TeC2_peak_penalized_heads_seed9732,Li2TeC2,peak_penalized,9732,16,0.185816,0.026815,0.448275,0.0,0.185816,0.026815,0.448275,0.0,0.0,1.0,0.001415,0.011043,0.0,1.002032,1.015629,2.5e-05,91.777809,0.0,0.207308,0.39428,32,32,28,25,31,-1
case_07_Li2TeC2_peak_penalized_heads_seed9732,Li2TeC2,peak_penalized,9732,17,0.191231,0.019144,0.417363,0.0,0.191231,0.019144,0.417363,0.0,-0.0,1.0,0.003265,-0.009037,0.0,1.000076,1.013857,3.1e-05,98.499428,0.004608,0.199743,0.324501,32,30,25,31,32,-1
case_07_Li2TeC2_peak_penalized_heads_seed9732,Li2TeC2,peak_penalized,9732,18,0.238011,0.023474,0.474091,0.0,0.238011,0.023474,0.474091,0.0,0.0,1.0,0.001078,0.02738,0.0,1.004209,1.031513,7.3e-05,121.611519,0.005805,0.25004,0.420357,32,29,30,31,32,-1
case_07_Li2TeC2_peak_penalized_heads_seed9732,Li2TeC2,peak_penalized,9732,19,0.228738,0.024288,0.526448,0.0,0.228738,0.024288,0.526448,0.0,0.0,1.0,0.002963,-0.017972,0.0,0.998644,1.010335,2.7e-05,124.076576,0.002912,0.231904,0.409765,32,29,31,29,32,-1
case_07_Li2TeC2_peak_penalized_heads_seed9732,Li2TeC2,peak_penalized,9732,20,0.208824,0.026433,0.524556,0.0,0.208824,0.026433,0.524556,0.0,-0.0,1.0,0.001362,-0.027446,0.0,0.999385,1.008766,5e-06,261.60257,0.0,0.198999,0.430991,32,30,27,28,30,-1
case_07_Li2TeC2_peak_penalized_heads_seed9732,Li2TeC2,peak_penalized,9732,21,0.188185,0.02378,0.509146,0.0,0.188185,0.02378,0.509146,0.0,0.0,1.0,0.000235,0.015075,0.0,0.999285,1.008571,1.8e-05,153.968964,0.0,0.19723,0.32117,32,27,30,27,32,-1
case_07_Li2TeC2_peak_penalized_heads_seed9732,Li2TeC2,peak_penalized,9732,22,0.206089,0.026208,0.473839,0.0,0.206089,0.026208,0.473839,0.0,-0.0,1.0,-0.001171,0.021059,0.0,0.999767,1.010737,6e-06,135.133606,0.0,0.184509,0.464305,32,30,28,27,32,-1
case_07_Li2TeC2_peak_penalized_heads_seed9732,Li2TeC2,peak_penalized,9732,23,0.232388,0.016854,0.412376,0.0,0.232388,0.016854,0.412376,0.0,-0.0,1.0,0.003748,-0.005916,0.0,0.999049,1.031007,5.9e-05,115.688797,0.152389,0.248511,0.313346,32,30,30,28,32,-1
case_07_Li2TeC2_peak_penalized_heads_seed9732,Li2TeC2,peak_penalized,9732,24,0.263643,0.023552,0.620484,0.0,0.263643,0.023552,0.620484,0.0,0.0,1.0,0.002829,0.005758,0.0,1.000022,1.023518,5.5e-05,204.196732,0.104292,0.236408,0.423908,32,26,31,29,32,-1
case_07_Li2TeC2_peak_penalized_heads_seed9732,Li2TeC2,peak_penalized,9732,25,0.220945,0.024308,0.48288,0.0,0.220945,0.024308,0.48288,0.0,0.0,1.0,0.004584,-0.009293,0.0,0.999725,1.025121,5e-05,141.861008,0.0,0.262942,0.364082,32,30,30,31,32,-1
case_07_Li2TeC2_peak_heads_seed9733,Li2TeC2,peak,9733,1,0.290144,0.028404,0.539569,0.0,0.290144,0.028404,0.539569,0.0,-0.0,1.0,0.008941,0.005133,0.0,1.005273,1.036778,0.000141,252.922287,0.0,0.346859,0.447108,32,31,27,26,31,-1
case_07_Li2TeC2_peak_heads_seed9733,Li2TeC2,peak,9733,2,0.28698,0.033719,0.608344,0.0,0.28698,0.033719,0.608344,0.0,-0.0,1.0,0.004381,0.015125,0.0,1.006524,1.043751,0.00014,138.359497,0.0,0.336467,0.490721,32,26,30,28,31,-1
case_07_Li2TeC2_peak_heads_seed9733,Li2TeC2,peak,9733,3,0.287996,0.038562,0.715463,0.0,0.287996,0.038562,0.715463,0.0,-0.0,1.0,0.002811,0.005075,0.0,1.00025,1.036109,6.2e-05,104.026352,0.0,0.306338,0.530254,32,29,31,29,32,-1
case_07_Li2TeC2_peak_heads_seed9733,Li2TeC2,peak,9733,4,0.28299,0.029341,0.546701,0.0,0.28299,0.029341,0.546701,0.0,-0.0,1.0,-0.00058,0.012787,0.0,1.001302,1.011199,1.5e-05,104.919441,0.0,0.300195,0.472742,32,31,30,31,32,-1
case_07_Li2TeC2_peak_heads_seed9733,Li2TeC2,peak,9733,5,0.290328,0.033017,0.62401,0.0,0.290328,0.033017,0.62401,0.0,-0.0,1.0,0.001577,0.009477,0.0,0.999475,1.010622,9e-06,141.516403,0.0,0.316055,0.527062,32,29,27,29,30,-1
case_07_Li2TeC2_peak_heads_seed9733,Li2TeC2,peak,9733,6,0.289926,0.030831,0.560056,0.0,0.289926,0.030831,0.560056,0.0,0.0,1.0,0.002632,0.006605,0.0,1.001579,1.025465,3.5e-05,200.437393,0.0,0.318271,0.516437,32,32,28,26,31,-1
case_07_Li2TeC2_peak_heads_seed9733,Li2TeC2,peak,9733,7,0.300656,0.032212,0.621424,0.0,0.300656,0.032212,0.621424,0.0,-0.0,1.0,0.000482,0.009543,0.0,1.000333,1.015398,1.1e-05,203.066177,0.0,0.320447,0.491705,32,30,29,26,32,-1
case_07_Li2TeC2_peak_heads_seed9733,Li2TeC2,peak,9733,8,0.308527,0.024072,0.557473,0.0,0.308527,0.024072,0.557473,0.0,-0.0,1.0,0.004108,0.00233,0.0,1.001648,1.020874,4.4e-05,220.899017,0.151309,0.330291,0.466073,32,31,28,27,31,-1
case_07_Li2TeC2_peak_heads_seed9733,Li2TeC2,peak,9733,9,0.282059,0.033418,0.567026,0.0,0.282059,0.033418,0.567026,0.0,-0.0,1.0,0.000894,0.011703,0.0,1.001879,1.023588,2e-05,136.211304,0.0,0.339795,0.501477,32,31,31,24,32,-1
case_07_Li2TeC2_peak_heads_seed9733,Li2TeC2,peak,9733,10,0.27519,0.027263,0.613179,0.0,0.27519,0.027263,0.613179,0.0,-0.0,1.0,0.001991,-0.0075,0.0,0.999819,1.007345,5e-06,73.791435,0.0,0.283853,0.418581,32,29,31,30,32,-1
case_07_Li2TeC2_peak_heads_seed9733,Li2TeC2,peak,9733,11,0.328936,0.030403,0.677658,0.0,0.328936,0.030403,0.677658,0.0,-0.0,1.0,0.001038,0.004927,0.0,1.000071,1.012689,1.2e-05,107.722275,0.016596,0.349924,0.521864,32,30,29,31,32,-1
case_07_Li2TeC2_peak_heads_seed9733,Li2TeC2,peak,9733,12,0.318961,0.037767,0.67263,0.0,0.318961,0.037767,0.67263,0.0,0.0,1.0,0.003899,-0.010139,0.0,0.999867,1.028161,2.8e-05,121.921638,0.0,0.365801,0.567298,32,27,29,25,31,-1
case_07_Li2TeC2_peak_heads_seed9733,Li2TeC2,peak,9733,13,0.305537,0.027016,0.556414,0.0,0.305537,0.027016,0.556414,0.0,-0.0,1.0,0.001484,-9.1e-05,0.0,1.000426,1.016701,2.7e-05,116.560822,0.0,0.344385,0.436563,32,30,32,31,32,-1
case_07_Li2TeC2_peak_heads_seed9733,Li2TeC2,peak,9733,14,0.2837,0.030665,0.572927,0.0,0.2837,0.030665,0.572927,0.0,-0.0,1.0,0.000929,0.011832,0.0,1.00088,1.035592,3.5e-05,137.999268,0.0,0.312422,0.478977,32,29,30,26,32,-1
case_07_Li2TeC2_peak_heads_seed9733,Li2TeC2,peak,9733,15,0.341671,0.02473,0.600194,0.0,0.341671,0.02473,0.600194,0.0,-0.0,1.0,0.001097,0.007936,0.0,0.999378,1.032725,4.4e-05,188.507141,0.239366,0.369882,0.484892,32,28,30,25,31,-1
case_07_Li2TeC2_peak_heads_seed9733,Li2TeC2,peak,9733,16,0.32806,0.028366,0.683622,0.0,0.32806,0.028366,0.683622,0.0,-0.0,1.0,0.001827,-0.007455,0.0,0.998977,1.003931,8e-06,90.704155,0.018153,0.3482,0.480747,32,30,27,27,32,-1
case_07_Li2TeC2_peak_heads_seed9733,Li2TeC2,peak,9733,17,0.281557,0.030329,0.51383,0.0,0.281557,0.030329,0.51383,0.0,0.0,1.0,0.002563,0.002088,0.0,1.003158,1.028195,5.8e-05,123.046822,0.0,0.325661,0.468594,32,31,30,28,32,-1
case_07_Li2TeC2_peak_heads_seed9733,Li2TeC2,peak,9733,18,0.368084,0.024286,0.644208,0.0,0.368084,0.024286,0.644208,0.0,0.0,1.0,0.003482,-0.007162,0.0,1.000133,1.028619,3.5e-05,146.879059,0.196433,0.396625,0.534494,32,28,29,26,30,-1
case_07_Li2TeC2_peak_heads_seed9733,Li2TeC2,peak,9733,19,0.287277,0.027018,0.553015,0.0,0.287277,0.027018,0.553015,0.0,0.0,1.0,0.002933,-0.006618,0.0,1.000487,1.012754,1.9e-05,166.881882,0.0,0.328898,0.469721,32,29,31,27,32,-1
case_07_Li2TeC2_peak_heads_seed9733,Li2TeC2,peak,9733,20,0.281741,0.027779,0.607857,0.0,0.281741,0.027779,0.607857,0.0,-0.0,1.0,0.002262,-0.00144,0.0,0.999618,1.01275,2e-05,164.390228,0.0,0.320952,0.426681,32,29,29,24,30,-1
case_07_Li2TeC2_peak_heads_seed9733,Li2TeC2,peak,9733,21,0.304422,0.028963,0.524367,0.0,0.304422,0.028963,0.524367,0.0,0.0,1.0,0.001398,0.004927,0.0,1.001717,1.010892,1.2e-05,159.151703,0.0,0.319565,0.515094,32,30,24,30,32,-1
case_07_Li2TeC2_peak_heads_seed9733,Li2TeC2,peak,9733,22,0.362701,0.029136,0.64525,0.0,0.362701,0.029136,0.64525,0.0,-0.0,1.0,0.001512,0.004863,0.0,1.001894,1.013267,1.4e-05,211.850052,0.171609,0.346182,0.551103,32,28,29,28,31,-1
case_07_Li2TeC2_peak_heads_seed9733,Li2TeC2,peak,9733,23,0.326313,0.029648,0.635016,0.0,0.326313,0.029648,0.635016,0.0,0.0,1.0,0.003319,-0.017162,0.0,0.999489,1.052809,8.7e-05,74.874252,0.015199,0.3354,0.50496,32,30,28,30,32,-1
case_07_Li2TeC2_peak_heads_seed9733,Li2TeC2,peak,9733,24,0.285466,0.026309,0.616997,0.0,0.285466,0.026309,0.616997,0.0,0.0,1.0,0.001705,-0.002843,0.0,0.999523,1.009983,1e-05,116.020187,0.015561,0.288653,0.4234,32,31,27,28,31,-1
case_07_Li2TeC2_peak_heads_seed9733,Li2TeC2,peak,9733,25,0.228576,0.02854,0.490107,0.0,0.228576,0.02854,0.490107,0.0,-0.0,1.0,-0.000771,0.028948,0.0,1.002275,1.024789,2.7e-05,76.179413,0.0,0.259192,0.411311,32,28,28,25,30,-1
case_07_Li2TeC2_peak_penalized_heads_seed9733,Li2TeC2,peak_penalized,9733,1,0.211073,0.021436,0.382303,0.0,0.211073,0.021436,0.382303,0.0,-0.0,1.0,0.008377,0.003485,0.0,1.003582,1.036193,9.7e-05,205.903198,0.0,0.231821,0.348278,32,31,27,26,31,-1
case_07_Li2TeC2_peak_penalized_heads_seed9733,Li2TeC2,peak_penalized,9733,2,0.203111,0.026391,0.486557,0.0,0.203111,0.026391,0.486557,0.0,-0.0,1.0,0.004639,0.009541,0.0,1.004479,1.036981,9.4e-05,183.208069,0.0,0.224797,0.417755,32,26,30,28,31,-1
case_07_Li2TeC2_peak_penalized_heads_seed9733,Li2TeC2,peak_penalized,9733,3,0.222045,0.027354,0.520958,0.0,0.222045,0.027354,0.520958,0.0,0.0,1.0,0.002129,0.005879,0.0,1.001953,1.029733,3e-05,130.846375,0.0,0.251555,0.403524,32,29,30,29,32,-1
case_07_Li2TeC2_peak_penalized_heads_seed9733,Li2TeC2,peak_penalized,9733,4,0.208187,0.025685,0.482039,0.0,0.208187,0.025685,0.482039,0.0,0.0,1.0,0.003007,-0.002138,0.0,0.998666,1.018285,5.1e-05,138.112595,0.0,0.229035,0.381426,32,31,30,31,32,-1
case_07_Li2TeC2_peak_penalized_heads_seed9733,Li2TeC2,peak_penalized,9733,5,0.201448,0.025737,0.55625,0.0,0.201448,0.025737,0.55625,0.0,0.0,1.0,0.00283,-0.007332,0.0,0.998098,1.014329,3e-05,145.237381,0.0,0.216333,0.377543,32,29,27,29,30,-1
case_07_Li2TeC2_peak_penalized_heads_seed9733,Li2TeC2,peak_penalized,9733,6,0.205043,0.02434,0.473359,0.0,0.205043,0.02434,0.473359,0.0,-0.0,1.0,0.002089,0.013392,0.0,1.001923,1.053249,6.2e-05,249.798569,0.0,0.21812,0.387517,32,32,28,27,31,-1
case_07_Li2TeC2_peak_penalized_heads_seed9733,Li2TeC2,peak_penalized,9733,7,0.214074,0.023207,0.432271,0.0,0.214074,0.023207,0.432271,0.0,0.0,1.0,0.003,0.002655,0.0,1.000806,1.015519,2e-05,283.387268,0.0,0.24721,0.368745,32,30,29,26,32,-1
case_07_Li2TeC2_peak_penalized_heads_seed9733,Li2TeC2,peak_penalized,9733,8,0.195579,0.022042,0.446758,0.0,0.195579,0.022042,0.446758,0.0,0.0,1.0,0.002094,0.015914,0.0,1.001809,1.019685,3.7e-05,146.833221,0.011311,0.203997,0.341731,32,31,28,27,31,-1
case_07_Li2TeC2_peak_penalized_heads_seed9733,Li2TeC2,peak_penalized,9733,9,0.187425,0.024358,0.426941,0.0,0.187425,0.024358,0.426941,0.0,-0.0,1.0,0.002568,-3e-06,0.0,1.001035,1.016481,1.6e-05,169.40863,0.0,0.192072,0.347242,32,31,31,24,32,-1
case_07_Li2TeC2_peak_penalized_heads_seed9733,Li2TeC2,peak_penalized,9733,10,0.20795,0.021414,0.413294,0.0,0.20795,0.021414,0.413294,0.0,-0.0,1.0,0.001123,0.007016,0.0,0.998482,1.008988,3e-05,112.628647,0.0,0.228048,0.348325,32,29,31,30,32,-1
case_07_Li2TeC2_peak_penalized_heads_seed9733,Li2TeC2,peak_penalized,9733,11,0.225187,0.022445,0.473309,0.0,0.225187,0.022445,0.473309,0.0,-0.0,1.0,-0.002582,0.03905,0.0,0.997814,1.009159,1.4e-05,100.672363,0.001407,0.246151,0.344856,32,30,29,31,32,-1
case_07_Li2TeC2_peak_penalized_heads_seed9733,Li2TeC2,peak_penalized,9733,12,0.212194,0.028464,0.578949,0.0,0.212194,0.028464,0.578949,0.0,0.0,1.0,0.003573,-0.008821,0.0,0.999651,1.027457,2.8e-05,117.573906,0.0,0.201748,0.456605,32,27,29,25,31,-1
case_07_Li2TeC2_peak_penalized_heads_seed9733,Li2TeC2,peak_penalized,9733,13,0.196428,0.0213,0.409465,0.0,0.196428,0.0213,0.409465,0.0,0.0,1.0,-0.000538,0.018141,0.0,0.999493,1.01392,2e-05,109.686172,0.0,0.219046,0.3323,32,30,32,31,32,-1
case_07_Li2TeC2_peak_penalized_heads_seed9733,Li2TeC2,peak_penalized,9733,14,0.218774,0.027232,0.514742,0.0,0.218774,0.027232,0.514742,0.0,-0.0,1.0,0.002318,0.006543,0.0,1.002601,1.030455,3.5e-05,152.307587,0.0,0.197981,0.423117,32,29,30,26,32,-1
case_07_Li2TeC2_peak_penalized_heads_seed9733,Li2TeC2,peak_penalized,9733,15,0.265389,0.022943,0.537828,0.0,0.265389,0.022943,0.537828,0.0,0.0,1.0,-0.000177,0.01154,0.0,0.999575,1.032353,3.2e-05,165.261459,0.134203,0.269343,0.412393,32,28,30,25,31,-1
case_07_Li2TeC2_peak_penalized_heads_seed9733,Li2TeC2,peak_penalized,9733,16,0.209374,0.023456,0.478748,0.0,0.209374,0.023456,0.478748,0.0,0.0,1.0,0.003908,-0.021546,0.0,0.998825,1.013398,1.1e-05,135.699814,0.00193,0.216711,0.386527,32,30,27,27,32,-1
case_07_Li2TeC2_peak_penalized_heads_seed9733,Li2TeC2,peak_penalized,9733,17,0.189644,0.024207,0.462978,0.0,0.189644,0.024207,0.462978,0.0,-0.0,1.0,0.000617,0.016005,0.0,1.002621,1.022772,3.8e-05,180.976837,0.0,0.193037,0.36844,32,31,31,27,32,-1
case_07_Li2TeC2_peak_penalized_heads_seed9733,Li2TeC2,peak_penalized,9733,18,0.224892,0.013468,0.362826,0.0,0.224892,0.013468,0.362826,0.0,0.0,1.0,0.003034,-0.01224,0.0,1.000391,1.017851,2.1e-05,108.384422,0.155456,0.228467,0.334746,32,28,29,26,30,-1
case_07_Li2TeC2_peak_penalized_heads_seed9733,Li2TeC2,peak_penalized,9733,19,0.203362,0.022869,0.489876,0.0,0.203362,0.022869,0.489876,0.0,0.0,1.0,0.003818,-0.00864,0.0,1.000875,1.019848,2.4e-05,217.86174,0.0,0.210815,0.377369,32,29,31,27,32,-1
case_07_Li2TeC2_peak_penalized_heads_seed9733,Li2TeC2,peak_penalized,9733,20,0.174407,0.021554,0.405311,0.0,0.174407,0.021554,0.405311,0.0,0.0,1.0,0.002887,-0.002071,0.0,0.999959,1.025433,2.7e-05,175.362457,0.0,0.169358,0.351752,32,29,29,24,30,-1
case_07_Li2TeC2_peak_penalized_heads_seed9733,Li2TeC2,peak_penalized,9733,21,0.235456,0.025115,0.498668,0.0,0.235456,0.025115,0.498668,0.0,0.0,1.0,-0.000315,0.00798,0.0,1.000121,1.00965,1.9e-05,210.250168,0.007518,0.212061,0.433881,32,30,25,29,32,-1
case_07_Li2TeC2_peak_penalized_heads_seed9733,Li2TeC2,peak_penalized,9733,22,0.25145,0.022033,0.451573,0.0,0.25145,0.022033,0.451573,0.0,0.0,1.0,-0.000847,0.031317,0.0,1.000029,1.014424,1.5e-05,168.987228,0.022782,0.270808,0.40305,32,28,30,28,31,-1
case_07_Li2TeC2_peak_penalized_heads_seed9733,Li2TeC2,peak_penalized,9733,23,0.233866,0.023135,0.46598,0.0,0.233866,0.023135,0.46598,0.0,0.0,1.0,0.003182,-0.015354,0.0,1.00016,1.035563,3.5e-05,135.64769,0.00127,0.246008,0.381456,32,30,28,30,32,-1
case_07_Li2TeC2_peak_penalized_heads_seed9733,Li2TeC2,peak_penalized,9733,24,0.186652,0.018095,0.355667,0.0,0.186652,0.018095,0.355667,0.0,0.0,1.0,5e-05,0.021103,0.0,0.999856,1.015263,1.2e-05,92.479378,0.005014,0.189265,0.312365,32,31,27,27,30,-1
case_07_Li2TeC2_peak_penalized_heads_seed9733,Li2TeC2,peak_penalized,9733,25,0.17789,0.022539,0.387236,0.0,0.17789,0.022539,0.387236,0.0,-0.0,1.0,-0.000322,0.022645,0.0,0.999199,1.006803,9e-06,102.873245,0.0,0.214867,0.326645,32,28,29,26,31,-1
case_08_NaNiH3_peak_heads_seed9741,NaNiH3,peak,9741,1,0.417899,0.018498,0.589292,0.237821,0.417899,0.018498,0.589292,0.237821,-0.0,1.0,0.014132,-0.016626,0.0,0.983971,1.032576,0.000597,514.78363,0.306759,0.380396,0.588907,32,7,21,21,24,-1
case_08_NaNiH3_peak_heads_seed9741,NaNiH3,peak,9741,2,0.455147,0.020909,0.589259,0.25629,0.455147,0.020909,0.589259,0.25629,-0.0,1.0,0.000627,0.01138,0.0,1.003243,1.044375,0.000148,401.33374,0.323039,0.447801,0.589142,32,5,18,15,19,-1
case_08_NaNiH3_peak_heads_seed9741,NaNiH3,peak,9741,3,0.417692,0.02151,0.711745,0.288218,0.417692,0.02151,0.711745,0.288218,0.0,1.0,0.002761,-0.015553,0.0,0.997248,1.019248,7.6e-05,193.4272,0.301895,0.361773,0.588542,32,4,20,23,24,-1
case_08_NaNiH3_peak_heads_seed9741,NaNiH3,peak,9741,4,0.415278,0.021339,0.713319,0.235104,0.415278,0.021339,0.713319,0.235104,-0.0,1.0,0.00057,0.005796,0.0,0.999753,1.006163,7e-06,183.441971,0.305059,0.367188,0.588844,32,6,23,22,26,-1
case_08_NaNiH3_peak_heads_seed9741,NaNiH3,peak,9741,5,0.445628,0.022282,0.708946,0.276923,0.445628,0.022282,0.708946,0.276923,-0.0,1.0,1.1e-05,0.016762,0.0,0.99803,1.010619,4.7e-05,246.223816,0.320334,0.391348,0.58897,32,6,21,20,22,-1
case_08_NaNiH3_peak_heads_seed9741,NaNiH3,peak,9741,6,0.410866,0.02063,0.769491,0.265774,0.410866,0.02063,0.769491,0.265774,0.0,1.0,0.002672,-0.004206,0.0,0.999473,1.015895,4.6e-05,228.919479,0.307708,0.357818,0.588309,32,8,25,24,25,-1
case_08_NaNiH3_peak_heads_seed9741,NaNiH3,peak,9741,7,0.388982,0.021306,0.768305,0.246673,0.388982,0.021306,0.768305,0.246673,0.0,1.0,0.003988,-0.025657,0.0,0.998691,1.012655,3.4e-05,388.555145,0.298719,0.345749,0.588605,32,6,24,26,27,-1
case_08_NaNiH3_peak_heads_seed9741,NaNiH3,peak,9741,8,0.45053,0.024471,0.768456,0.256262,0.45053,0.024471,0.768456,0.256262,0.0,1.0,-0.001524,0.015197,0.0,1.000248,1.012287,1.5e-05,362.742035,0.31789,0.390508,0.589157,32,5,18,21,23,-1
case_08_NaNiH3_peak_heads_seed9741,NaNiH3,peak,9741,9,0.394628,0.021283,0.707398,0.175794,0.394628,0.021283,0.707398,0.175794,0.0,1.0,0.003954,-0.009519,0.0,1.000749,1.01549,3e-05,485.907135,0.294522,0.354356,0.588765,32,6,25,23,26,-1
case_08_NaNiH3_peak_heads_seed9741,NaNiH3,peak,9741,10,0.446339,0.022471,0.708192,0.285031,0.446339,0.022471,0.708192,0.285031,-0.0,1.0,0.003659,0.004258,0.0,1.000713,1.017056,3.6e-05,499.211456,0.299108,0.412415,0.588853,32,5,21,22,23,-1
case_08_NaNiH3_peak_heads_seed9741,NaNiH3,peak,9741,11,0.422316,0.022207,0.712746,0.286864,0.422316,0.022207,0.712746,0.286864,0.0,1.0,0.00389,0.003701,0.0,0.999276,1.029705,4.9e-05,607.618408,0.30415,0.359821,0.588595,32,5,18,18,21,-1
case_08_NaNiH3_peak_heads_seed9741,NaNiH3,peak,9741,12,0.409588,0.018825,0.588977,0.27405,0.409588,0.018825,0.588977,0.27405,0.0,1.0,0.004209,-0.003275,0.0,0.9963,1.025509,0.0001,231.260376,0.305096,0.369363,0.58855,32,5,23,22,24,-1
case_08_NaNiH3_peak_heads_seed9741,NaNiH3,peak,9741,13,0.444535,0.024679,0.713445,0.195246,0.444535,0.024679,0.713445,0.195246,-0.0,1.0,0.000978,0.000226,0.0,0.998726,1.047471,0.000205,283.980804,0.304029,0.373666,0.588968,32,6,20,21,22,-1
case_08_NaNiH3_peak_heads_seed9741,NaNiH3,peak,9741,14,0.386593,0.020802,0.58896,0.195949,0.386593,0.020802,0.58896,0.195949,0.0,1.0,0.001479,0.000332,0.0,0.999989,1.029982,5.3e-05,345.299835,0.271895,0.341574,0.588291,32,5,21,21,23,-1
case_08_NaNiH3_peak_heads_seed9741,NaNiH3,peak,9741,15,0.44801,0.020081,0.607235,0.295586,0.44801,0.020081,0.607235,0.295586,-0.0,1.0,0.004114,-0.014359,0.0,0.993037,1.048648,0.00032,124.634033,0.325332,0.407846,0.588814,32,6,21,20,23,-1
case_08_NaNiH3_peak_heads_seed9741,NaNiH3,peak,9741,16,0.382816,0.017908,0.589233,0.186027,0.382816,0.017908,0.589233,0.186027,-0.0,1.0,-0.002665,0.01977,0.0,1.000585,1.021313,3.6e-05,193.670532,0.302856,0.347634,0.588307,32,6,21,26,27,-1
case_08_NaNiH3_peak_heads_seed9741,NaNiH3,peak,9741,17,0.438077,0.022236,0.589162,0.246256,0.438077,0.022236,0.589162,0.246256,0.0,1.0,0.000645,0.016791,0.0,0.999368,1.017477,2.9e-05,180.985184,0.299137,0.385442,0.588817,32,6,17,18,19,-1
case_08_NaNiH3_peak_heads_seed9741,NaNiH3,peak,9741,18,0.447381,0.023118,0.7121,0.295411,0.447381,0.023118,0.7121,0.295411,0.0,1.0,-0.000229,0.008505,0.0,0.999759,1.028667,5.4e-05,420.095398,0.318469,0.364869,0.589085,32,6,22,21,23,-1
case_08_NaNiH3_peak_heads_seed9741,NaNiH3,peak,9741,19,0.40539,0.019482,0.711811,0.294692,0.40539,0.019482,0.711811,0.294692,-0.0,1.0,0.004064,-0.00404,0.0,1.000407,1.046361,0.000113,228.037888,0.3003,0.363493,0.588076,32,8,25,20,25,-1
case_08_NaNiH3_peak_heads_seed9741,NaNiH3,peak,9741,20,0.419973,0.023848,0.711923,0.242045,0.419973,0.023848,0.711923,0.242045,-0.0,1.0,0.007012,-0.016407,0.0,1.001099,1.049947,0.000286,243.218246,0.298027,0.354771,0.588767,32,7,22,22,24,-1
case_08_NaNiH3_peak_heads_seed9741,NaNiH3,peak,9741,21,0.431402,0.023447,0.768935,0.279696,0.431402,0.023447,0.768935,0.279696,0.0,1.0,0.005703,-0.004318,0.0,0.994433,1.012277,0.000102,346.142334,0.301908,0.363796,0.58931,32,7,22,22,23,-1
case_08_NaNiH3_peak_heads_seed9741,NaNiH3,peak,9741,22,0.417693,0.022885,0.589198,0.198646,0.417693,0.022885,0.589198,0.198646,-0.0,1.0,0.001327,0.012966,0.0,1.001397,1.076923,0.000321,236.001144,0.290965,0.366183,0.588739,32,5,19,18,20,-1
case_08_NaNiH3_peak_heads_seed9741,NaNiH3,peak,9741,23,0.43704,0.021914,0.713967,0.24061,0.43704,0.021914,0.713967,0.24061,-0.0,1.0,0.001653,0.004544,0.0,0.999841,1.036023,7.4e-05,190.674561,0.324237,0.371396,0.588802,32,6,18,19,22,-1
case_08_NaNiH3_peak_heads_seed9741,NaNiH3,peak,9741,24,0.431232,0.021317,0.713018,0.217486,0.431232,0.021317,0.713018,0.217486,-0.0,1.0,-0.001267,0.027835,0.0,1.001548,1.027927,0.000129,148.951736,0.317163,0.381028,0.589042,32,7,24,23,25,-1
case_08_NaNiH3_peak_heads_seed9741,NaNiH3,peak,9741,25,0.441958,0.026197,0.767718,0.201291,0.441958,0.026197,0.767718,0.201291,0.0,1.0,0.004974,-0.008385,0.0,1.000703,1.029497,0.000133,228.160019,0.310128,0.387585,0.700191,32,7,24,23,27,-1
case_08_NaNiH3_peak_penalized_heads_seed9741,NaNiH3,peak_penalized,9741,1,0.332026,0.009297,0.461224,0.237756,0.332026,0.009297,0.461224,0.237756,0.0,1.0,0.010628,-0.016853,0.0,0.983744,1.019961,0.000597,333.852142,0.26336,0.325754,0.38449,32,7,21,21,24,-1
case_08_NaNiH3_peak_penalized_heads_seed9741,NaNiH3,peak_penalized,9741,2,0.354179,0.009714,0.448288,0.254632,0.354179,0.009714,0.448288,0.254632,0.0,1.0,0.000972,0.00895,0.0,1.001205,1.03246,0.000194,241.463318,0.30522,0.333447,0.435617,32,5,18,15,19,-1
case_08_NaNiH3_peak_penalized_heads_seed9741,NaNiH3,peak_penalized,9741,3,0.336153,0.011789,0.449788,0.205208,0.336153,0.011789,0.449788,0.205208,-0.0,1.0,0.004929,-0.009091,0.0,0.99825,1.046908,0.000301,247.753265,0.264172,0.324524,0.439272,32,4,20,23,24,-1
case_08_NaNiH3_peak_penalized_heads_seed9741,NaNiH3,peak_penalized,9741,4,0.319037,0.008626,0.441881,0.205184,0.319037,0.008626,0.441881,0.205184,-0.0,1.0,0.005854,0.001561,0.0,0.997761,1.037023,0.000247,279.050354,0.263462,0.327884,0.376191,32,6,23,22,26,-1
case_08_NaNiH3_peak_penalized_heads_seed9741,NaNiH3,peak_penalized,9741,5,0.348334,0.010921,0.567496,0.253683,0.348334,0.010921,0.567496,0.253683,0.0,1.0,-0.001767,0.028989,0.0,1.001269,1.025831,7.7e-05,100.400963,0.282099,0.330421,0.424714,32,6,21,20,22,-1
case_08_NaNiH3_peak_penalized_heads_seed9741,NaNiH3,peak_penalized,9741,6,0.337665,0.011895,0.50524,0.228747,0.337665,0.011895,0.50524,0.228747,-0.0,1.0,0.002006,0.01531,0.0,1.000819,1.032129,4.1e-05,484.358704,0.264727,0.329053,0.440613,32,8,25,24,25,-1
case_08_NaNiH3_peak_penalized_heads_seed9741,NaNiH3,peak_penalized,9741,7,0.322729,0.008595,0.433397,0.21686,0.322729,0.008595,0.433397,0.21686,-0.0,1.0,0.009583,-0.035624,0.0,0.995797,1.030553,0.000239,493.136688,0.269295,0.327404,0.387513,32,6,24,26,27,-1
case_08_NaNiH3_peak_penalized_heads_seed9741,NaNiH3,peak_penalized,9741,8,0.349217,0.009319,0.466439,0.276911,0.349217,0.009319,0.466439,0.276911,0.0,1.0,0.001101,0.010571,0.0,0.999618,1.015452,3.3e-05,358.708313,0.290288,0.328517,0.432604,32,5,18,21,23,-1
case_08_NaNiH3_peak_penalized_heads_seed9741,NaNiH3,peak_penalized,9741,9,0.315006,0.010481,0.432139,0.151658,0.315006,0.010481,0.432139,0.151658,-0.0,1.0,0.003491,0.004723,0.0,1.002197,1.028164,7.6e-05,475.417572,0.239078,0.322582,0.3897,32,6,25,23,26,-1
case_08_NaNiH3_peak_penalized_heads_seed9741,NaNiH3,peak_penalized,9741,10,0.332945,0.011028,0.434252,0.202968,0.332945,0.011028,0.434252,0.202968,0.0,1.0,0.010565,-0.019207,0.0,1.002383,1.046657,0.000218,421.942505,0.264898,0.327605,0.425264,32,5,21,22,23,-1
case_08_NaNiH3_peak_penalized_heads_seed9741,NaNiH3,peak_penalized,9741,11,0.32962,0.009611,0.439284,0.214361,0.32962,0.009611,0.439284,0.214361,0.0,1.0,0.004327,0.007032,0.0,0.998062,1.039434,0.000126,527.157104,0.286162,0.321819,0.429453,32,5,18,18,21,-1
case_08_NaNiH3_peak_penalized_heads_seed9741,NaNiH3,peak_penalized,9741,12,0.323104,0.011696,0.445722,0.19549,0.323104,0.011696,0.445722,0.19549,0.0,1.0,-0.001199,0.017111,0.0,0.997133,1.04261,0.00015,271.342194,0.254739,0.322378,0.419434,32,5,23,22,24,-1
case_08_NaNiH3_peak_penalized_heads_seed9741,NaNiH3,peak_penalized,9741,13,0.335552,0.012718,0.482915,0.190461,0.335552,0.012718,0.482915,0.190461,-0.0,1.0,-0.002067,0.026426,0.0,0.999712,1.0084,1.1e-05,308.471161,0.253565,0.326393,0.435823,32,6,21,21,22,-1
case_08_NaNiH3_peak_penalized_heads_seed9741,NaNiH3,peak_penalized,9741,14,0.319292,0.013068,0.444215,0.159994,0.319292,0.013068,0.444215,0.159994,0.0,1.0,0.003458,-0.020232,0.0,0.998515,1.026561,3.6e-05,468.547333,0.241139,0.309862,0.42365,32,5,21,21,23,-1
case_08_NaNiH3_peak_penalized_heads_seed9741,NaNiH3,peak_penalized,9741,15,0.359597,0.012735,0.564988,0.239822,0.359597,0.012735,0.564988,0.239822,0.0,1.0,-0.001067,0.018212,0.0,0.999738,1.011105,1.1e-05,370.455048,0.286637,0.339955,0.451677,32,6,21,20,23,-1
case_08_NaNiH3_peak_penalized_heads_seed9741,NaNiH3,peak_penalized,9741,16,0.320398,0.009116,0.442701,0.159518,0.320398,0.009116,0.442701,0.159518,-0.0,1.0,-0.001124,0.048738,0.0,1.001039,1.030457,5.7e-05,219.165573,0.273683,0.324718,0.370626,32,6,21,26,27,-1
case_08_NaNiH3_peak_penalized_heads_seed9741,NaNiH3,peak_penalized,9741,17,0.338293,0.010818,0.44979,0.199068,0.338293,0.010818,0.44979,0.199068,-0.0,1.0,0.003213,0.002563,0.0,0.998194,1.032628,5.8e-05,306.040558,0.272148,0.327972,0.431898,32,6,17,18,19,-1
case_08_NaNiH3_peak_penalized_heads_seed9741,NaNiH3,peak_penalized,9741,18,0.336548,0.011132,0.491498,0.188981,0.336548,0.011132,0.491498,0.188981,0.0,1.0,0.003063,-0.007703,0.0,0.998456,1.019542,7.4e-05,244.791199,0.284745,0.326226,0.441484,32,6,22,21,23,-1
case_08_NaNiH3_peak_penalized_heads_seed9741,NaNiH3,peak_penalized,9741,19,0.324011,0.013499,0.511379,0.17695,0.324011,0.013499,0.511379,0.17695,0.0,1.0,-0.001009,0.064898,0.0,0.998604,1.028254,0.000158,369.573944,0.231371,0.317519,0.427382,32,8,25,20,25,-1
case_08_NaNiH3_peak_penalized_heads_seed9741,NaNiH3,peak_penalized,9741,20,0.320897,0.013923,0.448285,0.150134,0.320897,0.013923,0.448285,0.150134,0.0,1.0,-0.000843,0.036392,0.0,0.998292,1.033443,0.000111,211.022705,0.219777,0.318719,0.432365,32,7,22,22,24,-1
case_08_NaNiH3_peak_penalized_heads_seed9741,NaNiH3,peak_penalized,9741,21,0.339348,0.008916,0.446544,0.215644,0.339348,0.008916,0.446544,0.215644,0.0,1.0,0.003112,0.014523,0.0,0.997171,1.021931,0.000113,357.741455,0.290522,0.326581,0.416701,32,7,22,22,23,-1
case_08_NaNiH3_peak_penalized_heads_seed9741,NaNiH3,peak_penalized,9741,22,0.320155,0.010689,0.495402,0.184699,0.320155,0.010689,0.495402,0.184699,0.0,1.0,0.001116,0.014352,0.0,1.000042,1.071475,0.000269,271.622101,0.246577,0.327392,0.360616,32,5,19,18,20,-1
case_08_NaNiH3_peak_penalized_heads_seed9741,NaNiH3,peak_penalized,9741,23,0.344145,0.011433,0.52408,0.193813,0.344145,0.011433,0.52408,0.193813,0.0,1.0,-0.004832,0.085473,0.0,1.00118,1.028689,6.3e-05,223.251831,0.284092,0.328935,0.436001,32,6,18,19,22,-1
case_08_NaNiH3_peak_penalized_heads_seed9741,NaNiH3,peak_penalized,9741,24,0.349174,0.013465,0.564571,0.137934,0.349174,0.013465,0.564571,0.137934,-0.0,1.0,-0.009058,0.125311,0.0,1.000637,1.048655,0.000165,342.560486,0.286823,0.339906,0.440609,32,7,24,23,25,-1
case_08_NaNiH3_peak_penalized_heads_seed9741,NaNiH3,peak_penalized,9741,25,0.335981,0.011372,0.446547,0.14658,0.335981,0.011372,0.446547,0.14658,-0.0,1.0,0.002108,0.034591,0.0,0.998029,1.035009,0.000148,335.60849,0.266401,0.32989,0.428114,32,7,24,23,27,-1
case_08_NaNiH3_peak_heads_seed9742,NaNiH3,peak,9742,1,0.376445,0.016266,0.589357,0.261917,0.376445,0.016266,0.589357,0.261917,-0.0,1.0,0.015785,-0.016764,0.0,0.984019,1.04477,0.000784,366.881744,0.296037,0.350703,0.575913,32,4,19,19,21,-1
case_08_NaNiH3_peak_heads_seed9742,NaNiH3,peak,9742,2,0.457943,0.020587,0.710945,0.313235,0.457943,0.020587,0.710945,0.313235,-0.0,1.0,0.001833,0.007131,0.0,0.997418,1.022325,8.4e-05,231.697906,0.344631,0.404662,0.588834,32,6,21,18,21,-1
case_08_NaNiH3_peak_heads_seed9742,NaNiH3,peak,9742,3,0.421526,0.020685,0.710338,0.267733,0.421526,0.020685,0.710338,0.267733,-0.0,1.0,0.006344,-0.014607,0.0,0.99863,1.059142,0.000194,331.541199,0.303731,0.375094,0.588559,32,7,22,21,23,-1
case_08_NaNiH3_peak_heads_seed9742,NaNiH3,peak,9742,4,0.406329,0.018219,0.589409,0.27708,0.406329,0.018219,0.589409,0.27708,-0.0,1.0,0.008353,-0.012866,0.0,0.995857,1.040616,0.000258,293.323669,0.310353,0.37227,0.588282,32,6,25,22,25,-1
case_08_NaNiH3_peak_heads_seed9742,NaNiH3,peak,9742,5,0.488015,0.024978,0.767878,0.298342,0.488015,0.024978,0.767878,0.298342,-0.0,1.0,0.003531,-0.003766,0.0,0.998303,1.027383,8.6e-05,129.872726,0.316016,0.461571,0.698992,32,6,19,20,21,-1
case_08_NaNiH3_peak_heads_seed9742,NaNiH3,peak,9742,6,0.474011,0.022697,0.715051,0.241668,0.474011,0.022697,0.715051,0.241668,-0.0,1.0,-0.001704,0.022765,0.0,0.998801,1.027925,5.1e-05,308.653656,0.32384,0.448361,0.589152,32,7,19,17,19,-1
case_08_NaNiH3_peak_heads_seed9742,NaNiH3,peak,9742,7,0.440504,0.023605,0.713365,0.233076,0.440504,0.023605,0.713365,0.233076,-0.0,1.0,0.004344,-0.006611,0.0,0.996112,1.023778,0.000116,350.858002,0.287177,0.387329,0.589227,32,7,22,21,24,-1
case_08_NaNiH3_peak_heads_seed9742,NaNiH3,peak,9742,8,0.407644,0.018502,0.589174,0.266736,0.407644,0.018502,0.589174,0.266736,-0.0,1.0,0.003723,0.014712,0.0,1.001939,1.060828,0.000331,275.962158,0.30267,0.372252,0.588598,32,5,21,22,25,-1
case_08_NaNiH3_peak_heads_seed9742,NaNiH3,peak,9742,9,0.427027,0.019699,0.589268,0.254258,0.427027,0.019699,0.589268,0.254258,0.0,1.0,-0.004799,0.050891,0.0,1.000309,1.041417,0.000111,196.798096,0.30896,0.385103,0.588434,32,6,20,20,23,-1
case_08_NaNiH3_peak_heads_seed9742,NaNiH3,peak,9742,10,0.418711,0.023896,0.773572,0.274202,0.418711,0.023896,0.773572,0.274202,-0.0,1.0,-0.000113,0.009573,0.0,0.999445,1.010227,1.5e-05,378.402863,0.296863,0.382248,0.588724,32,9,23,25,27,-1
case_08_NaNiH3_peak_heads_seed9742,NaNiH3,peak,9742,11,0.4292,0.02183,0.710385,0.280067,0.4292,0.02183,0.710385,0.280067,0.0,1.0,0.003236,-0.00601,0.0,1.002191,1.027811,4.8e-05,413.597504,0.299177,0.368949,0.58892,32,7,18,19,22,-1
case_08_NaNiH3_peak_heads_seed9742,NaNiH3,peak,9742,12,0.449641,0.023332,0.709532,0.246499,0.449641,0.023332,0.709532,0.246499,-0.0,1.0,0.005564,-0.001365,0.0,0.995556,1.018745,0.00017,353.121277,0.3154,0.38787,0.589031,32,6,18,18,21,-1
case_08_NaNiH3_peak_heads_seed9742,NaNiH3,peak,9742,13,0.440057,0.023602,0.712563,0.242702,0.440057,0.023602,0.712563,0.242702,0.0,1.0,0.001524,0.015426,0.0,0.998904,1.062953,0.00012,167.641266,0.298204,0.39704,0.58883,32,5,21,18,21,-1
case_08_NaNiH3_peak_heads_seed9742,NaNiH3,peak,9742,14,0.419823,0.025059,0.762121,0.286731,0.419823,0.025059,0.762121,0.286731,-0.0,1.0,-0.000388,0.018213,0.0,1.001334,1.049075,0.000163,205.874435,0.293136,0.341747,0.589245,32,7,24,22,25,-1
case_08_NaNiH3_peak_heads_seed9742,NaNiH3,peak,9742,15,0.489052,0.023893,0.767164,0.281673,0.489052,0.023893,0.767164,0.281673,0.0,1.0,-0.001223,0.054266,0.0,0.999914,1.066966,0.0002,301.647858,0.316104,0.491348,0.589402,32,7,17,17,19,-1
case_08_NaNiH3_peak_heads_seed9742,NaNiH3,peak,9742,16,0.423739,0.018071,0.589245,0.306809,0.423739,0.018071,0.589245,0.306809,0.0,1.0,0.002421,0.004385,0.0,0.999306,1.029074,5.6e-05,249.488907,0.322112,0.384237,0.588803,32,5,24,19,24,-1
case_08_NaNiH3_peak_heads_seed9742,NaNiH3,peak,9742,17,0.363309,0.016836,0.588848,0.239588,0.363309,0.016836,0.588848,0.239588,-0.0,1.0,0.008812,-0.044858,0.0,0.987787,1.055209,0.000428,207.086731,0.293676,0.33306,0.579642,32,5,25,23,26,-1
case_08_NaNiH3_peak_heads_seed9742,NaNiH3,peak,9742,18,0.425258,0.022723,0.589098,0.18423,0.425258,0.022723,0.589098,0.18423,0.0,1.0,0.003252,-0.005231,0.0,1.002786,1.038948,0.00011,264.546112,0.290055,0.363847,0.588624,32,5,20,20,21,-1
case_08_NaNiH3_peak_heads_seed9742,NaNiH3,peak,9742,19,0.442513,0.021826,0.589275,0.286333,0.442513,0.021826,0.589275,0.286333,0.0,1.0,0.0044,-0.003218,0.0,0.997344,1.030916,0.000122,372.085266,0.31999,0.375825,0.589157,32,5,19,18,19,-1
case_08_NaNiH3_peak_heads_seed9742,NaNiH3,peak,9742,20,0.395322,0.019592,0.626504,0.195596,0.395322,0.019592,0.626504,0.195596,-0.0,1.0,0.003118,-0.017349,0.0,1.001422,1.014221,1.8e-05,255.409866,0.298368,0.351923,0.588429,32,5,22,22,24,-1
case_08_NaNiH3_peak_heads_seed9742,NaNiH3,peak,9742,21,0.421267,0.022058,0.710751,0.271304,0.421267,0.022058,0.710751,0.271304,-0.0,1.0,0.001003,0.00484,0.0,0.998683,1.019632,6.1e-05,111.92981,0.302396,0.362533,0.5887,32,5,25,23,27,-1
case_08_NaNiH3_peak_heads_seed9742,NaNiH3,peak,9742,22,0.434836,0.021935,0.624228,0.277363,0.434836,0.021935,0.624228,0.277363,0.0,1.0,0.006552,-0.02589,0.0,0.997443,1.014661,7.7e-05,259.400177,0.307406,0.382735,0.58883,32,6,20,21,23,-1
case_08_NaNiH3_peak_heads_seed9742,NaNiH3,peak,9742,23,0.403824,0.020498,0.708722,0.279866,0.403824,0.020498,0.708722,0.279866,0.0,1.0,-0.002059,0.020368,0.0,0.998541,1.020001,5.9e-05,260.512878,0.298531,0.366281,0.588991,32,7,23,24,26,-1
case_08_NaNiH3_peak_heads_seed9742,NaNiH3,peak,9742,24,0.423891,0.023936,0.711291,0.239359,0.423891,0.023936,0.711291,0.239359,-0.0,1.0,-0.008692,0.088133,0.0,1.000145,1.013276,1.1e-05,389.574219,0.302935,0.357612,0.589372,32,5,21,20,23,-1
case_08_NaNiH3_peak_heads_seed9742,NaNiH3,peak,9742,25,0.443906,0.0227,0.713552,0.276153,0.443906,0.0227,0.713552,0.276153,0.0,1.0,0.002008,0.00134,0.0,0.999028,1.01257,2.8e-05,244.348022,0.305487,0.392134,0.589469,32,6,27,22,27,-1
case_08_NaNiH3_peak_penalized_heads_seed9742,NaNiH3,peak_penalized,9742,1,0.317095,0.009644,0.441826,0.184923,0.317095,0.009644,0.441826,0.184923,-0.0,1.0,0.015929,-0.006957,0.0,0.994038,1.090872,0.000995,332.561493,0.262439,0.3181,0.403861,32,4,19,19,21,-1
case_08_NaNiH3_peak_penalized_heads_seed9742,NaNiH3,peak_penalized,9742,2,0.357948,0.013767,0.587182,0.207608,0.357948,0.013767,0.587182,0.207608,0.0,1.0,0.002595,-0.001933,0.0,0.993979,1.044558,0.000181,112.604744,0.278928,0.337899,0.439698,32,6,21,18,21,-1
case_08_NaNiH3_peak_penalized_heads_seed9742,NaNiH3,peak_penalized,9742,3,0.335657,0.010851,0.457429,0.22668,0.335657,0.010851,0.457429,0.22668,0.0,1.0,0.011884,0.006053,0.0,1.002065,1.087483,0.000436,645.568665,0.256898,0.326781,0.439721,32,7,22,21,23,-1
case_08_NaNiH3_peak_penalized_heads_seed9742,NaNiH3,peak_penalized,9742,4,0.341284,0.011042,0.47992,0.227811,0.341284,0.011042,0.47992,0.227811,-0.0,1.0,0.008476,-0.007315,0.0,0.998018,1.047739,0.000342,384.928925,0.267093,0.331343,0.436113,32,6,25,22,25,-1
case_08_NaNiH3_peak_penalized_heads_seed9742,NaNiH3,peak_penalized,9742,5,0.341607,0.010858,0.442549,0.221477,0.341607,0.010858,0.442549,0.221477,-0.0,1.0,0.003039,-0.005009,0.0,0.997815,1.020134,6.1e-05,200.506592,0.2614,0.330168,0.431875,32,6,19,20,21,-1
case_08_NaNiH3_peak_penalized_heads_seed9742,NaNiH3,peak_penalized,9742,6,0.335751,0.01049,0.440764,0.209508,0.335751,0.01049,0.440764,0.209508,-0.0,1.0,0.005366,-0.007618,0.0,0.995673,1.035088,0.000105,373.508484,0.251292,0.327241,0.43446,32,7,19,17,19,-1
case_08_NaNiH3_peak_penalized_heads_seed9742,NaNiH3,peak_penalized,9742,7,0.348133,0.014549,0.588938,0.154918,0.348133,0.014549,0.588938,0.154918,-0.0,1.0,0.007618,-0.013034,0.0,0.995221,1.044832,0.00021,422.225525,0.27111,0.335453,0.442522,32,7,22,21,24,-1
case_08_NaNiH3_peak_penalized_heads_seed9742,NaNiH3,peak_penalized,9742,8,0.317939,0.012069,0.455985,0.167644,0.317939,0.012069,0.455985,0.167644,-0.0,1.0,0.001246,0.010988,0.0,1.000054,1.031824,0.00013,361.513092,0.234641,0.324245,0.422237,32,5,21,22,25,-1
case_08_NaNiH3_peak_penalized_heads_seed9742,NaNiH3,peak_penalized,9742,9,0.341202,0.012716,0.487736,0.150459,0.341202,0.012716,0.487736,0.150459,-0.0,1.0,-0.004976,0.061442,0.0,1.002144,1.022177,3.6e-05,118.312477,0.266223,0.337617,0.437684,32,6,20,20,23,-1
case_08_NaNiH3_peak_penalized_heads_seed9742,NaNiH3,peak_penalized,9742,10,0.328171,0.010602,0.443096,0.2217,0.328171,0.010602,0.443096,0.2217,-0.0,1.0,-0.00077,0.041681,0.0,0.996173,1.022249,5.1e-05,353.818481,0.266649,0.311073,0.422728,32,9,23,25,27,-1
case_08_NaNiH3_peak_penalized_heads_seed9742,NaNiH3,peak_penalized,9742,11,0.33662,0.010817,0.445718,0.178187,0.33662,0.010817,0.445718,0.178187,0.0,1.0,0.001416,0.008779,0.0,0.999124,1.01991,3.9e-05,439.718475,0.262148,0.330118,0.423487,32,7,18,19,22,-1
case_08_NaNiH3_peak_penalized_heads_seed9742,NaNiH3,peak_penalized,9742,12,0.351475,0.009416,0.444024,0.238208,0.351475,0.009416,0.444024,0.238208,-0.0,1.0,0.00398,0.021347,0.0,0.994453,1.029322,0.000268,323.353638,0.28472,0.339024,0.43585,32,6,18,18,21,-1
case_08_NaNiH3_peak_penalized_heads_seed9742,NaNiH3,peak_penalized,9742,13,0.335638,0.011676,0.440112,0.15431,0.335638,0.011676,0.440112,0.15431,0.0,1.0,-0.000872,0.018851,0.0,0.998819,1.02051,3.4e-05,219.521545,0.250939,0.329349,0.432084,32,5,22,19,22,-1
case_08_NaNiH3_peak_penalized_heads_seed9742,NaNiH3,peak_penalized,9742,14,0.339785,0.013403,0.590715,0.242512,0.339785,0.013403,0.590715,0.242512,-0.0,1.0,0.002098,0.009361,0.0,1.001384,1.04224,0.000164,313.935394,0.252493,0.31885,0.429429,32,7,24,22,25,-1
case_08_NaNiH3_peak_penalized_heads_seed9742,NaNiH3,peak_penalized,9742,15,0.364741,0.012251,0.520186,0.229477,0.364741,0.012251,0.520186,0.229477,-0.0,1.0,-0.001555,0.059609,0.0,1.003418,1.035491,0.000111,385.658051,0.285375,0.365495,0.445373,32,7,17,17,19,-1
case_08_NaNiH3_peak_penalized_heads_seed9742,NaNiH3,peak_penalized,9742,16,0.346703,0.010112,0.446589,0.219485,0.346703,0.010112,0.446589,0.219485,0.0,1.0,0.000483,0.033074,0.0,1.001993,1.033653,6.3e-05,258.250793,0.276976,0.3338,0.430095,32,5,23,18,23,-1
case_08_NaNiH3_peak_penalized_heads_seed9742,NaNiH3,peak_penalized,9742,17,0.300469,0.009722,0.441575,0.191316,0.300469,0.009722,0.441575,0.191316,-0.0,1.0,0.001393,-0.017301,0.0,0.995533,1.028044,5.5e-05,306.680603,0.247034,0.289687,0.390354,32,5,25,23,26,-1
case_08_NaNiH3_peak_penalized_heads_seed9742,NaNiH3,peak_penalized,9742,18,0.336934,0.014452,0.473448,0.142431,0.336934,0.014452,0.473448,0.142431,-0.0,1.0,0.003868,-0.021954,0.0,0.998396,1.017146,3.2e-05,181.241669,0.208383,0.33055,0.436686,32,5,20,20,21,-1
case_08_NaNiH3_peak_penalized_heads_seed9742,NaNiH3,peak_penalized,9742,19,0.332546,0.00914,0.449789,0.23436,0.332546,0.00914,0.449789,0.23436,0.0,1.0,-0.001519,0.040141,0.0,1.0011,1.013671,1.4e-05,545.442322,0.28247,0.326201,0.435612,32,5,19,18,19,-1
case_08_NaNiH3_peak_penalized_heads_seed9742,NaNiH3,peak_penalized,9742,20,0.315802,0.014204,0.627955,0.1928,0.315802,0.014204,0.627955,0.1928,-0.0,1.0,0.010408,-0.071362,0.0,0.992962,1.021522,0.000158,297.68396,0.215604,0.317953,0.385992,32,5,22,22,24,-1
case_08_NaNiH3_peak_penalized_heads_seed9742,NaNiH3,peak_penalized,9742,21,0.342538,0.014036,0.570902,0.216427,0.342538,0.014036,0.570902,0.216427,0.0,1.0,0.004053,0.02321,0.0,1.002582,1.044855,0.000218,384.392822,0.269208,0.32584,0.436843,32,5,25,23,27,-1
case_08_NaNiH3_peak_penalized_heads_seed9742,NaNiH3,peak_penalized,9742,22,0.351641,0.015577,0.620532,0.2214,0.351641,0.015577,0.620532,0.2214,0.0,1.0,0.00449,-0.003288,0.0,0.999467,1.060773,0.000424,336.230774,0.250123,0.326665,0.42967,32,6,20,21,23,-1
case_08_NaNiH3_peak_penalized_heads_seed9742,NaNiH3,peak_penalized,9742,23,0.316963,0.010024,0.449791,0.203276,0.316963,0.010024,0.449791,0.203276,0.0,1.0,-0.003156,0.038279,0.0,0.999936,1.038567,9.2e-05,178.56427,0.238993,0.320398,0.380022,32,7,23,24,26,-1
case_08_NaNiH3_peak_penalized_heads_seed9742,NaNiH3,peak_penalized,9742,24,0.319921,0.009596,0.440764,0.222458,0.319921,0.009596,0.440764,0.222458,-1e-06,1.0,-0.012562,0.142012,0.0,1.004165,1.045454,0.000102,510.587402,0.246742,0.32464,0.381615,32,5,21,20,23,-1
case_08_NaNiH3_peak_penalized_heads_seed9742,NaNiH3,peak_penalized,9742,25,0.333978,0.012246,0.590242,0.226757,0.333978,0.012246,0.590242,0.226757,0.0,1.0,-0.001449,0.03562,0.0,0.998432,1.017699,4.8e-05,155.12413,0.257144,0.327674,0.38136,32,6,26,22,26,-1
case_08_NaNiH3_peak_heads_seed9743,NaNiH3,peak,9743,1,0.405748,0.022094,0.711152,0.25755,0.405748,0.022094,0.711152,0.25755,0.0,1.0,0.009475,-0.006684,0.0,0.993723,1.066042,0.000407,292.399963,0.285237,0.349555,0.588957,32,8,23,23,25,-1
case_08_NaNiH3_peak_heads_seed9743,NaNiH3,peak,9743,2,0.441991,0.023198,0.768399,0.290128,0.441991,0.023198,0.768399,0.290128,-0.0,1.0,0.005243,0.010125,0.0,1.001032,1.051399,0.000236,260.691071,0.314672,0.405698,0.589249,32,8,21,25,26,-1
case_08_NaNiH3_peak_heads_seed9743,NaNiH3,peak,9743,3,0.425908,0.02551,0.712909,0.221422,0.425908,0.02551,0.712909,0.221422,0.0,1.0,0.00966,-0.0167,0.0,0.992906,1.05874,0.000633,356.911224,0.303874,0.344525,0.58913,32,6,23,23,24,-1
case_08_NaNiH3_peak_heads_seed9743,NaNiH3,peak,9743,4,0.413402,0.019782,0.589386,0.28189,0.413402,0.019782,0.589386,0.28189,-0.0,1.0,0.002895,-0.013499,0.0,0.99701,1.042493,0.000147,341.926849,0.307441,0.365528,0.588292,32,7,18,18,21,-1
case_08_NaNiH3_peak_heads_seed9743,NaNiH3,peak,9743,5,0.431118,0.022524,0.710216,0.233265,0.431118,0.022524,0.710216,0.233265,0.0,1.0,0.006306,-0.018409,0.0,0.995507,1.024386,8.3e-05,249.389725,0.298065,0.390691,0.589025,32,8,22,22,24,-1
case_08_NaNiH3_peak_heads_seed9743,NaNiH3,peak,9743,6,0.45491,0.021558,0.711815,0.29096,0.45491,0.021558,0.711815,0.29096,0.0,1.0,0.002708,-0.002514,0.0,0.997038,1.013657,6.2e-05,269.989258,0.320368,0.42157,0.588651,32,5,18,17,21,-1
case_08_NaNiH3_peak_heads_seed9743,NaNiH3,peak,9743,7,0.417813,0.02242,0.723039,0.270004,0.417813,0.02242,0.723039,0.270004,0.0,1.0,0.00193,-0.016813,0.0,0.998627,1.030688,8.9e-05,176.817535,0.299401,0.354217,0.589087,32,6,23,23,24,-1
case_08_NaNiH3_peak_heads_seed9743,NaNiH3,peak,9743,8,0.445338,0.026672,0.769026,0.204122,0.445338,0.026672,0.769026,0.204122,-0.0,1.0,0.00201,0.010296,0.0,0.996577,1.013694,5.9e-05,278.193359,0.306128,0.379551,0.697853,32,6,21,22,24,-1
case_08_NaNiH3_peak_heads_seed9743,NaNiH3,peak,9743,9,0.447849,0.024838,0.771429,0.246458,0.447849,0.024838,0.771429,0.246458,0.0,1.0,-0.004866,0.048606,0.0,0.999433,1.026254,2.8e-05,222.031433,0.293764,0.388033,0.589284,32,6,23,22,23,-1
case_08_NaNiH3_peak_heads_seed9743,NaNiH3,peak,9743,10,0.425634,0.021227,0.58903,0.245338,0.425634,0.021227,0.58903,0.245338,0.0,1.0,-0.001587,0.038953,0.0,0.995934,1.023118,9.5e-05,189.635742,0.305114,0.371229,0.58876,32,4,20,21,22,-1
case_08_NaNiH3_peak_heads_seed9743,NaNiH3,peak,9743,11,0.445195,0.020949,0.60777,0.284184,0.445195,0.020949,0.60777,0.284184,0.0,1.0,0.004292,-0.030918,0.0,1.000259,1.019068,4.5e-05,500.060791,0.314007,0.40675,0.589101,32,8,23,22,24,-1
case_08_NaNiH3_peak_heads_seed9743,NaNiH3,peak,9743,12,0.447491,0.021086,0.589406,0.281403,0.447491,0.021086,0.589406,0.281403,0.0,1.0,0.004451,0.020885,0.0,1.000145,1.027101,8.8e-05,624.101379,0.322352,0.370257,0.588655,32,5,21,16,21,-1
case_08_NaNiH3_peak_heads_seed9743,NaNiH3,peak,9743,13,0.412758,0.018986,0.604969,0.300759,0.412758,0.018986,0.604969,0.300759,0.0,1.0,0.005286,0.025466,0.0,1.001627,1.064009,0.000357,473.800842,0.315046,0.35515,0.58905,32,6,21,21,23,-1
case_08_NaNiH3_peak_heads_seed9743,NaNiH3,peak,9743,14,0.425729,0.022166,0.734026,0.267101,0.425729,0.022166,0.734026,0.267101,-0.0,1.0,-0.000562,0.007929,0.0,0.997975,1.01313,6.9e-05,360.708252,0.304612,0.361484,0.58867,32,6,19,22,24,-1
case_08_NaNiH3_peak_heads_seed9743,NaNiH3,peak,9743,15,0.436043,0.020551,0.711473,0.316971,0.436043,0.020551,0.711473,0.316971,-0.0,1.0,-0.00092,0.055008,0.0,0.996853,1.018261,7.3e-05,505.828278,0.324748,0.377305,0.589191,32,7,25,24,27,-1
case_08_NaNiH3_peak_heads_seed9743,NaNiH3,peak,9743,16,0.447734,0.02035,0.589406,0.282636,0.447734,0.02035,0.589406,0.282636,0.0,1.0,0.003291,0.005269,0.0,0.999616,1.036185,0.000183,390.468933,0.316796,0.418338,0.589158,32,6,18,18,21,-1
case_08_NaNiH3_peak_heads_seed9743,NaNiH3,peak,9743,17,0.442608,0.021239,0.589392,0.263405,0.442608,0.021239,0.589392,0.263405,-0.0,1.0,-0.000797,0.021968,0.0,0.99933,1.020899,6.2e-05,113.616257,0.310092,0.375101,0.588921,32,5,18,19,21,-1
case_08_NaNiH3_peak_heads_seed9743,NaNiH3,peak,9743,18,0.416055,0.02188,0.70837,0.284807,0.416055,0.02188,0.70837,0.284807,0.0,1.0,0.00369,-0.027877,0.0,0.997628,1.009256,1.7e-05,484.002136,0.305269,0.349373,0.589085,32,7,22,22,24,-1
case_08_NaNiH3_peak_heads_seed9743,NaNiH3,peak,9743,19,0.419839,0.02204,0.711033,0.271802,0.419839,0.02204,0.711033,0.271802,-0.0,1.0,0.00059,0.025677,0.0,0.997223,1.019626,9.4e-05,259.74646,0.298341,0.359641,0.589133,32,8,20,18,21,-1
case_08_NaNiH3_peak_heads_seed9743,NaNiH3,peak,9743,20,0.441956,0.024268,0.7699,0.288837,0.441956,0.024268,0.7699,0.288837,0.0,1.0,-0.008104,0.063851,0.0,1.002284,1.032456,9.1e-05,372.455109,0.305885,0.362476,0.588961,32,8,22,21,23,-1
case_08_NaNiH3_peak_heads_seed9743,NaNiH3,peak,9743,21,0.460154,0.024075,0.721863,0.304024,0.460154,0.024075,0.721863,0.304024,-0.0,1.0,0.006269,-0.034611,0.0,0.996112,1.016213,4.4e-05,227.464615,0.312825,0.400196,0.593854,32,6,20,20,22,-1
case_08_NaNiH3_peak_heads_seed9743,NaNiH3,peak,9743,22,0.444428,0.025862,0.723601,0.171394,0.444428,0.025862,0.723601,0.171394,0.0,1.0,-0.002561,0.051793,0.0,0.997795,1.021407,7.4e-05,245.049286,0.305164,0.412659,0.589211,32,7,19,18,21,-1
case_08_NaNiH3_peak_heads_seed9743,NaNiH3,peak,9743,23,0.441944,0.024326,0.710649,0.201142,0.441944,0.024326,0.710649,0.201142,0.0,1.0,-0.014932,0.129466,0.0,1.003051,1.037975,8.2e-05,450.590027,0.313343,0.363025,0.588971,32,6,19,21,25,-1
case_08_NaNiH3_peak_heads_seed9743,NaNiH3,peak,9743,24,0.445027,0.020461,0.589578,0.273311,0.445027,0.020461,0.589578,0.273311,-0.0,1.0,-0.004983,0.067841,0.0,0.998056,1.004736,1.5e-05,603.953735,0.312214,0.420655,0.588817,32,5,19,18,21,-1
case_08_NaNiH3_peak_heads_seed9743,NaNiH3,peak,9743,25,0.459959,0.022621,0.711347,0.257725,0.459959,0.022621,0.711347,0.257725,0.0,1.0,0.003696,-0.01644,0.0,0.998124,1.0194,4.8e-05,295.94458,0.316359,0.431619,0.588921,32,5,20,19,21,-1
case_08_NaNiH3_peak_penalized_heads_seed9743,NaNiH3,peak_penalized,9743,1,0.318241,0.012027,0.444546,0.16119,0.318241,0.012027,0.444546,0.16119,-0.0,1.0,0.011201,0.000718,0.0,1.001199,1.083849,0.000482,190.889938,0.227139,0.323468,0.432697,32,8,23,23,25,-1
case_08_NaNiH3_peak_penalized_heads_seed9743,NaNiH3,peak_penalized,9743,2,0.324306,0.009564,0.458341,0.212769,0.324306,0.009564,0.458341,0.212769,0.0,1.0,0.006232,-0.003355,0.0,0.998183,1.072396,0.000361,285.679016,0.274982,0.325846,0.395037,32,8,21,25,26,-1
case_08_NaNiH3_peak_penalized_heads_seed9743,NaNiH3,peak_penalized,9743,3,0.340598,0.014759,0.584362,0.157718,0.340598,0.014759,0.584362,0.157718,-0.0,1.0,0.00631,-0.00104,0.0,0.997329,1.044194,0.000195,326.373871,0.267698,0.316542,0.439355,32,6,23,23,24,-1
case_08_NaNiH3_peak_penalized_heads_seed9743,NaNiH3,peak_penalized,9743,4,0.336048,0.009479,0.44188,0.248997,0.336048,0.009479,0.44188,0.248997,-0.0,1.0,0.003328,0.003456,0.0,0.999246,1.053157,0.000127,409.666443,0.277166,0.326471,0.428493,32,7,18,18,21,-1
case_08_NaNiH3_peak_penalized_heads_seed9743,NaNiH3,peak_penalized,9743,5,0.318829,0.01423,0.458471,0.151703,0.318829,0.01423,0.458471,0.151703,-0.0,1.0,0.006284,-0.015476,0.0,0.997141,1.022808,0.000112,201.680466,0.232434,0.312102,0.4334,32,8,22,22,24,-1
case_08_NaNiH3_peak_penalized_heads_seed9743,NaNiH3,peak_penalized,9743,6,0.340157,0.011372,0.449111,0.238006,0.340157,0.011372,0.449111,0.238006,0.0,1.0,0.004901,-0.027069,0.0,0.99662,1.051047,0.000156,471.609955,0.275691,0.327614,0.443931,32,5,18,17,21,-1
case_08_NaNiH3_peak_penalized_heads_seed9743,NaNiH3,peak_penalized,9743,7,0.323472,0.0126,0.584141,0.201919,0.323472,0.0126,0.584141,0.201919,0.0,1.0,0.000535,0.010003,0.0,0.999715,1.034439,8.4e-05,268.585358,0.238957,0.322668,0.401397,32,6,23,23,24,-1
case_08_NaNiH3_peak_penalized_heads_seed9743,NaNiH3,peak_penalized,9743,8,0.316525,0.010983,0.441033,0.145168,0.316525,0.010983,0.441033,0.145168,0.0,1.0,0.004598,-0.005348,0.0,0.999615,1.049533,0.000103,337.447021,0.233279,0.326291,0.385224,32,6,21,22,24,-1
case_08_NaNiH3_peak_penalized_heads_seed9743,NaNiH3,peak_penalized,9743,9,0.34665,0.013517,0.58868,0.225248,0.34665,0.013517,0.58868,0.225248,0.0,1.0,-0.005997,0.054568,0.0,1.000964,1.016707,3e-05,210.716888,0.25548,0.327146,0.439107,32,6,23,22,23,-1
case_08_NaNiH3_peak_penalized_heads_seed9743,NaNiH3,peak_penalized,9743,10,0.317036,0.011135,0.443309,0.199427,0.317036,0.011135,0.443309,0.199427,0.0,1.0,-0.002763,0.035546,0.0,0.999857,1.006698,6e-06,226.057144,0.222067,0.319954,0.425983,32,4,20,21,22,-1
case_08_NaNiH3_peak_penalized_heads_seed9743,NaNiH3,peak_penalized,9743,11,0.344258,0.013632,0.585579,0.204971,0.344258,0.013632,0.585579,0.204971,-0.0,1.0,0.003124,-0.020369,0.0,0.998801,1.011963,2.3e-05,176.893402,0.260153,0.332092,0.435036,32,8,23,22,24,-1
case_08_NaNiH3_peak_penalized_heads_seed9743,NaNiH3,peak_penalized,9743,12,0.337963,0.012176,0.449726,0.197264,0.337963,0.012176,0.449726,0.197264,0.0,1.0,0.005687,-0.009802,0.0,0.999196,1.019561,5.5e-05,354.040161,0.253957,0.332671,0.440441,32,5,21,16,21,-1
case_08_NaNiH3_peak_penalized_heads_seed9743,NaNiH3,peak_penalized,9743,13,0.344871,0.010317,0.480674,0.277163,0.344871,0.010317,0.480674,0.277163,0.0,1.0,0.004389,0.011637,0.0,1.001254,1.053216,0.000201,680.803772,0.292594,0.328407,0.446646,32,6,21,21,23,-1
case_08_NaNiH3_peak_penalized_heads_seed9743,NaNiH3,peak_penalized,9743,14,0.327995,0.011043,0.444881,0.183447,0.327995,0.011043,0.444881,0.183447,0.0,1.0,-0.001001,0.038177,0.0,0.999041,1.027797,0.00012,250.465027,0.257468,0.324266,0.426743,32,6,19,22,24,-1
case_08_NaNiH3_peak_penalized_heads_seed9743,NaNiH3,peak_penalized,9743,15,0.340507,0.01196,0.518668,0.220651,0.340507,0.01196,0.518668,0.220651,0.0,1.0,0.001034,0.016514,0.0,0.996994,1.027677,9.3e-05,386.600494,0.258721,0.328191,0.439194,32,7,25,24,27,-1
case_08_NaNiH3_peak_penalized_heads_seed9743,NaNiH3,peak_penalized,9743,16,0.341261,0.010688,0.484797,0.2253,0.341261,0.010688,0.484797,0.2253,0.0,1.0,0.004133,-0.002268,0.0,0.999098,1.026152,0.000155,300.844055,0.265432,0.326759,0.442305,32,6,18,18,21,-1
case_08_NaNiH3_peak_penalized_heads_seed9743,NaNiH3,peak_penalized,9743,17,0.344647,0.010703,0.452623,0.227217,0.344647,0.010703,0.452623,0.227217,-0.0,1.0,-0.00071,0.028771,0.0,1.002513,1.036647,0.000137,375.44223,0.288851,0.329259,0.43437,32,5,18,19,21,-1
case_08_NaNiH3_peak_penalized_heads_seed9743,NaNiH3,peak_penalized,9743,18,0.327011,0.007905,0.436068,0.240026,0.327011,0.007905,0.436068,0.240026,-0.0,1.0,0.012262,-0.031333,0.0,0.997522,1.044656,0.000228,567.799194,0.273955,0.325655,0.384885,32,7,22,22,24,-1
case_08_NaNiH3_peak_penalized_heads_seed9743,NaNiH3,peak_penalized,9743,19,0.320418,0.009475,0.454815,0.216971,0.320418,0.009475,0.454815,0.216971,0.0,1.0,0.004961,0.008628,0.0,0.995996,1.032815,0.000224,567.071228,0.270611,0.32048,0.396542,32,8,20,18,21,-1
case_08_NaNiH3_peak_penalized_heads_seed9743,NaNiH3,peak_penalized,9743,20,0.334397,0.011903,0.494106,0.205372,0.334397,0.011903,0.494106,0.205372,0.0,1.0,-0.005065,0.062611,0.0,0.99988,1.016737,5.2e-05,298.67337,0.229486,0.33213,0.43593,32,8,22,21,23,-1
case_08_NaNiH3_peak_penalized_heads_seed9743,NaNiH3,peak_penalized,9743,21,0.351712,0.011691,0.533503,0.204462,0.351712,0.011691,0.533503,0.204462,-0.0,1.0,-0.002948,0.045726,0.0,0.997763,1.042062,0.000118,98.01693,0.280426,0.33953,0.434104,32,6,20,20,22,-1
case_08_NaNiH3_peak_penalized_heads_seed9743,NaNiH3,peak_penalized,9743,22,0.332268,0.012156,0.455115,0.169125,0.332268,0.012156,0.455115,0.169125,-0.0,1.0,0.001236,0.002296,0.0,0.999915,1.030119,7.1e-05,406.528137,0.282629,0.326204,0.437258,32,7,19,18,21,-1
case_08_NaNiH3_peak_penalized_heads_seed9743,NaNiH3,peak_penalized,9743,23,0.336221,0.013117,0.590153,0.15106,0.336221,0.013117,0.590153,0.15106,-0.0,1.0,-0.015601,0.161912,0.0,1.000273,1.014532,1.8e-05,272.258392,0.269126,0.327144,0.429467,32,6,19,21,25,-1
case_08_NaNiH3_peak_penalized_heads_seed9743,NaNiH3,peak_penalized,9743,24,0.348339,0.011164,0.486516,0.191179,0.348339,0.011164,0.486516,0.191179,-0.0,1.0,-0.000774,0.017629,0.0,0.99724,1.002397,1.2e-05,494.336273,0.289457,0.333797,0.440377,32,5,19,18,21,-1
case_08_NaNiH3_peak_penalized_heads_seed9743,NaNiH3,peak_penalized,9743,25,0.350181,0.011136,0.44829,0.190574,0.350181,0.011136,0.44829,0.190574,0.0,1.0,-0.005563,0.066079,0.0,0.998822,1.009663,1.4e-05,194.648804,0.294288,0.329523,0.43548,32,5,20,19,21,-1
